strategy,droneCount,maxAngle,droneID,timeStamp,x,y
decentralized,20,40.0,40667973452,4127,-262.650512695313,7.81082820892334
decentralized,20,40.0,40852522839,4127,-253.864776611328,-4.83995676040649
decentralized,20,40.0,41037072226,4127,-256.405670166016,-1.17530965805054
decentralized,20,40.0,41221621613,4127,-261.931488037109,23.8525123596191
decentralized,20,40.0,41406171000,4127,-215.703033447266,-7.32975769042969
decentralized,20,40.0,41590720387,4127,-218.533050537109,-10.5525989532471
decentralized,20,40.0,41775269774,4127,-226.423095703125,-14.7358026504517
decentralized,20,40.0,41959819161,4127,-230.827362060547,-18.6476211547852
decentralized,20,40.0,42144368548,4127,-247.945663452148,24.3679885864258
decentralized,20,40.0,42328917935,4127,-244.241058349609,-13.7392253875732
decentralized,20,40.0,42513467322,4127,-239.500396728516,-8.07882213592529
decentralized,20,40.0,42698016709,4127,-217.954467773438,5.54473400115967
decentralized,20,40.0,42882566096,4127,-247.814208984375,-10.4102687835693
decentralized,20,40.0,43067115483,4127,-242.980056762695,-12.6455698013306
decentralized,20,40.0,43251664870,4127,-244.710098266602,17.5493297576904
decentralized,20,40.0,43436214257,4127,-230.896377563477,-19.652759552002
decentralized,20,40.0,43620763644,4127,-264.336151123047,-10.1990652084351
decentralized,20,40.0,43805313031,4127,-229.394668579102,-9.36001873016357
decentralized,20,40.0,43989862418,4127,-242.608352661133,-10.71826171875
decentralized,20,40.0,44174411805,4127,-252.15950012207,-24.7660274505615
decentralized,20,40.0,40667973452,73427,-279.913024902344,6.18335247039795
decentralized,20,40.0,40852522839,73427,-270.243957519531,-36.6537628173828
decentralized,20,40.0,41037072226,73427,-234.650894165039,7.71383714675903
decentralized,20,40.0,41221621613,73427,-266.179779052734,39.801441192627
decentralized,20,40.0,41406171000,73427,-199.284744262695,-9.69328308105469
decentralized,20,40.0,41590720387,73427,-220.430023193359,-15.988431930542
decentralized,20,40.0,41775269774,73427,-198.837615966797,-6.99177837371826
decentralized,20,40.0,41959819161,73427,-233.776901245117,-40.125617980957
decentralized,20,40.0,42144368548,73427,-248.886322021484,43.8258590698242
decentralized,20,40.0,42328917935,73427,-277.778594970703,-26.5895557403564
decentralized,20,40.0,42513467322,73427,-231.593200683594,-39.3269500732422
decentralized,20,40.0,42698016709,73427,-199.618133544922,-1.66757583618164
decentralized,20,40.0,42882566096,73427,-230.812515258789,-38.9905204772949
decentralized,20,40.0,43067115483,73427,-229.136138916016,-38.7463684082031
decentralized,20,40.0,43251664870,73427,-243.183181762695,14.0756149291992
decentralized,20,40.0,43436214257,73427,-234.66242980957,-39.9730453491211
decentralized,20,40.0,43620763644,73427,-280.27490234375,-17.1933517456055
decentralized,20,40.0,43805313031,73427,-199.661117553711,-10.1746635437012
decentralized,20,40.0,43989862418,73427,-228.389724731445,-11.0903120040894
decentralized,20,40.0,44174411805,73427,-255.128784179688,-42.7620086669922
decentralized,20,40.0,40667973452,103160,-264.630554199219,-6.75638914108276
decentralized,20,40.0,40852522839,103160,-273.503601074219,-55.7218742370605
decentralized,20,40.0,41037072226,103160,-213.214874267578,11.2425842285156
decentralized,20,40.0,41221621613,103160,-281.287689208984,51.134220123291
decentralized,20,40.0,41406171000,103160,-214.18896484375,-9.3080530166626
decentralized,20,40.0,41590720387,103160,-220.930160522461,-26.0250988006592
decentralized,20,40.0,41775269774,103160,-212.440902709961,-5.84438133239746
decentralized,20,40.0,41959819161,103160,-237.548721313477,-66.6180419921875
decentralized,20,40.0,42144368548,103160,-254.052764892578,58.4958839416504
decentralized,20,40.0,42328917935,103160,-263.835662841797,-27.2846126556396
decentralized,20,40.0,42513467322,103160,-263.738372802734,-27.5703258514404
decentralized,20,40.0,42698016709,103160,-215.439468383789,-7.26845932006836
decentralized,20,40.0,42882566096,103160,-258.209289550781,-30.3949909210205
decentralized,20,40.0,43067115483,103160,-216.281387329102,-26.3509998321533
decentralized,20,40.0,43251664870,103160,-219.391250610352,24.3418750762939
decentralized,20,40.0,43436214257,103160,-238.635238647461,-63.6536560058594
decentralized,20,40.0,43620763644,103160,-303.068389892578,-30.2109851837158
decentralized,20,40.0,43805313031,103160,-211.885330200195,-6.88011312484741
decentralized,20,40.0,43989862418,103160,-263.8388671875,-27.3335494995117
decentralized,20,40.0,44174411805,103160,-265.458892822266,-63.8766403198242
decentralized,20,40.0,40667973452,125557,-235.577713012695,-1.67350053787231
decentralized,20,40.0,40852522839,125557,-267.052886962891,-44.1667823791504
decentralized,20,40.0,41037072226,125557,-195.54035949707,-2.25938868522644
decentralized,20,40.0,41221621613,125557,-283.313354492188,58.8811645507813
decentralized,20,40.0,41406171000,125557,-230.302322387695,-49.0804786682129
decentralized,20,40.0,41590720387,125557,-231.212417602539,-4.2162971496582
decentralized,20,40.0,41775269774,125557,-194.599975585938,-5.68421602249146
decentralized,20,40.0,41959819161,125557,-250.491775512695,-51.075626373291
decentralized,20,40.0,42144368548,125557,-249.630157470703,43.8481559753418
decentralized,20,40.0,42328917935,125557,-267.904327392578,-42.7258148193359
decentralized,20,40.0,42513467322,125557,-254.714752197266,-49.7298545837402
decentralized,20,40.0,42698016709,125557,-232.169555664063,-3.55870461463928
decentralized,20,40.0,42882566096,125557,-251.707168579102,-50.8526954650879
decentralized,20,40.0,43067115483,125557,-231.212051391602,-4.21773386001587
decentralized,20,40.0,43251664870,125557,-232.8583984375,10.6670818328857
decentralized,20,40.0,43436214257,125557,-242.992416381836,-49.1428413391113
decentralized,20,40.0,43620763644,125557,-318.046722412109,-38.6807022094727
decentralized,20,40.0,43805313031,125557,-195.984085083008,-14.433126449585
decentralized,20,40.0,43989862418,125557,-252.034866333008,-50.8903121948242
decentralized,20,40.0,44174411805,125557,-253.414215087891,-51.3557891845703
decentralized,20,40.0,40667973452,140432,-264.289184570313,-3.88598155975342
decentralized,20,40.0,40852522839,140432,-262.936706542969,-65.7679138183594
decentralized,20,40.0,41037072226,140432,-214.096893310547,0.16748142242432
decentralized,20,40.0,41221621613,140432,-282.127777099609,51.458927154541
decentralized,20,40.0,41406171000,140432,-227.307891845703,-70.6126174926758
decentralized,20,40.0,41590720387,140432,-213.842803955078,-1.81575965881348
decentralized,20,40.0,41775269774,140432,-178.617614746094,-15.0717153549194
decentralized,20,40.0,41959819161,140432,-235.181457519531,-70.2355499267578
decentralized,20,40.0,42144368548,140432,-248.998931884766,58.9004898071289
decentralized,20,40.0,42328917935,140432,-249.288772583008,-32.8093070983887
decentralized,20,40.0,42513467322,140432,-268.260803222656,-66.0202713012695
decentralized,20,40.0,42698016709,140432,-215.319931030273,17.286003112793
decentralized,20,40.0,42882566096,140432,-266.633575439453,-68.0047225952148
decentralized,20,40.0,43067115483,140432,-215.305465698242,-17.7120018005371
decentralized,20,40.0,43251664870,140432,-217.188079833984,15.7507019042969
decentralized,20,40.0,43436214257,140432,-240.806335449219,-70.4326400756836
decentralized,20,40.0,43620763644,140432,-334.759735107422,-40.0686531066895
decentralized,20,40.0,43805313031,140432,-179.032272338867,-25.0547943115234
decentralized,20,40.0,43989862418,140432,-260.666839599609,-68.6778564453125
decentralized,20,40.0,44174411805,140432,-258.306701660156,-69.5769958496094
decentralized,20,40.0,40667973452,145981,-246.788909912109,-4.4325008392334
decentralized,20,40.0,40852522839,145981,-259.728393554688,-49.7302398681641
decentralized,20,40.0,41037072226,145981,-231.407897949219,-5.56985759735107
decentralized,20,40.0,41221621613,145981,-280.280212402344,58.2584991455078
decentralized,20,40.0,41406171000,145981,-221.309341430664,-85.0789337158203
decentralized,20,40.0,41590720387,145981,-231.587783813477,-5.66118144989014
decentralized,20,40.0,41775269774,145981,-197.927749633789,-19.3783683776855
decentralized,20,40.0,41959819161,145981,-230.749069213867,-54.4270973205566
decentralized,20,40.0,42144368548,145981,-254.729949951172,75.1291961669922
decentralized,20,40.0,42328917935,145981,-250.034683227539,-53.9668083190918
decentralized,20,40.0,42513467322,145981,-280.313232421875,-77.4656448364258
decentralized,20,40.0,42698016709,145981,-201.242263793945,19.9466400146484
decentralized,20,40.0,42882566096,145981,-281.192657470703,-77.7314834594727
decentralized,20,40.0,43067115483,145981,-199.429763793945,-32.9732513427734
decentralized,20,40.0,43251664870,145981,-204.653076171875,29.66969871521
decentralized,20,40.0,43436214257,145981,-243.862045288086,-54.1632461547852
decentralized,20,40.0,43620763644,145981,-344.938018798828,-53.8292121887207
decentralized,20,40.0,43805313031,145981,-163.415863037109,-37.0867729187012
decentralized,20,40.0,43989862418,145981,-281.832427978516,-77.9089660644531
decentralized,20,40.0,44174411805,145981,-261.802093505859,-85.0436553955078
decentralized,20,40.0,40667973452,153244,-264.478179931641,-15.0174083709717
decentralized,20,40.0,40852522839,153244,-247.570556640625,-37.2464904785156
decentralized,20,40.0,41037072226,153244,-217.08415222168,-15.8479290008545
decentralized,20,40.0,41221621613,153244,-281.347808837891,47.33203125
decentralized,20,40.0,41406171000,153244,-225.429336547852,-69.682243347168
decentralized,20,40.0,41590720387,153244,-215.382965087891,-16.7195644378662
decentralized,20,40.0,41775269774,153244,-215.206390380859,-24.3341674804688
decentralized,20,40.0,41959819161,153244,-209.831680297852,-63.4581298828125
decentralized,20,40.0,42144368548,153244,-265.775817871094,85.2738037109375
decentralized,20,40.0,42328917935,153244,-248.613586425781,-75.6875
decentralized,20,40.0,42513467322,153244,-271.307647705078,-63.8867645263672
decentralized,20,40.0,42698016709,153244,-215.637847900391,10.9334154129028
decentralized,20,40.0,42882566096,153244,-280.750854492188,-94.2912979125977
decentralized,20,40.0,43067115483,153244,-184.228713989258,-41.8426513671875
decentralized,20,40.0,43251664870,153244,-191.700775146484,39.482307434082
decentralized,20,40.0,43436214257,153244,-247.215667724609,-75.9629058837891
decentralized,20,40.0,43620763644,153244,-358.619812011719,-59.7877235412598
decentralized,20,40.0,43805313031,153244,-148.693817138672,-36.8889198303223
decentralized,20,40.0,43989862418,153244,-303.057495117188,-90.9527053833008
decentralized,20,40.0,44174411805,153244,-250.404357910156,-73.4321212768555
decentralized,20,40.0,40667973452,156781,-280.867279052734,-20.7568092346191
decentralized,20,40.0,40852522839,156781,-249.777069091797,-54.1820678710938
decentralized,20,40.0,41037072226,156781,-231.98828125,-13.2340126037598
decentralized,20,40.0,41221621613,156781,-276.197540283203,66.2409362792969
decentralized,20,40.0,41406171000,156781,-237.694564819336,-58.9137268066406
decentralized,20,40.0,41590720387,156781,-196.513732910156,-20.9739513397217
decentralized,20,40.0,41775269774,156781,-197.682998657227,-27.7280158996582
decentralized,20,40.0,41959819161,156781,-198.875854492188,-76.8168869018555
decentralized,20,40.0,42144368548,156781,-265.564514160156,72.1652221679688
decentralized,20,40.0,42328917935,156781,-235.788955688477,-92.8227767944336
decentralized,20,40.0,42513467322,156781,-259.632629394531,-51.3812561035156
decentralized,20,40.0,42698016709,156781,-199.089218139648,10.976222038269
decentralized,20,40.0,42882566096,156781,-285.101043701172,-78.8277816772461
decentralized,20,40.0,43067115483,156781,-170.241500854492,-51.8376235961914
decentralized,20,40.0,43251664870,156781,-171.978378295898,42.0310668945313
decentralized,20,40.0,43436214257,156781,-235.778213500977,-92.8222045898438
decentralized,20,40.0,43620763644,156781,-358.619812011719,-66.3745880126953
decentralized,20,40.0,43805313031,156781,-165.565017700195,-51.0098762512207
decentralized,20,40.0,43989862418,156781,-309.342468261719,-112.948257446289
decentralized,20,40.0,44174411805,156781,-251.255889892578,-53.8968658447266
decentralized,20,40.0,40667973452,160787,-263.491882324219,-21.014856338501
decentralized,20,40.0,40852522839,160787,-241.666168212891,-40.0371704101563
decentralized,20,40.0,41037072226,160787,-218.521286010742,-30.7505435943604
decentralized,20,40.0,41221621613,160787,-282.782928466797,49.4111671447754
decentralized,20,40.0,41406171000,160787,-229.267456054688,-72.2116394042969
decentralized,20,40.0,41590720387,160787,-213.759704589844,-15.1205368041992
decentralized,20,40.0,41775269774,160787,-180.073593139648,-32.3749542236328
decentralized,20,40.0,41959819161,160787,-214.403289794922,-66.2292709350586
decentralized,20,40.0,42144368548,160787,-267.322723388672,85.8336791992188
decentralized,20,40.0,42328917935,160787,-247.337738037109,-76.0574493408203
decentralized,20,40.0,42513467322,160787,-266.117218017578,-66.2819671630859
decentralized,20,40.0,42698016709,160787,-213.099700927734,-7.33319473266602
decentralized,20,40.0,42882566096,160787,-294.33251953125,-94.5545501708984
decentralized,20,40.0,43067115483,160787,-185.637008666992,-42.4363479614258
decentralized,20,40.0,43251664870,160787,-187.645889282227,40.4719429016113
decentralized,20,40.0,43436214257,160787,-221.926361083984,-107.608192443848
decentralized,20,40.0,43620763644,160787,-358.619812011719,-73.6023025512695
decentralized,20,40.0,43805313031,160787,-160.184509277344,-67.3396530151367
decentralized,20,40.0,43989862418,160787,-319.502990722656,-132.383636474609
decentralized,20,40.0,44174411805,160787,-250.767700195313,-37.2584609985352
decentralized,20,40.0,40667973452,163353,-278.021057128906,-33.4937057495117
decentralized,20,40.0,40852522839,163353,-245.009185791016,-58.732250213623
decentralized,20,40.0,41037072226,163353,-214.092178344727,-48.4302558898926
decentralized,20,40.0,41221621613,163353,-275.757049560547,66.2899169921875
decentralized,20,40.0,41406171000,163353,-237.924667358398,-58.8119735717773
decentralized,20,40.0,41590720387,163353,-198.090026855469,-22.2379093170166
decentralized,20,40.0,41775269774,163353,-165.38525390625,-43.354923248291
decentralized,20,40.0,41959819161,163353,-200.961715698242,-77.3356246948242
decentralized,20,40.0,42144368548,163353,-258.717926025391,78.9425735473633
decentralized,20,40.0,42328917935,163353,-248.141418457031,-56.7271118164063
decentralized,20,40.0,42513467322,163353,-260.945343017578,-50.9125442504883
decentralized,20,40.0,42698016709,163353,-195.502960205078,-17.252836227417
decentralized,20,40.0,42882566096,163353,-288.379180908203,-79.2564086914063
decentralized,20,40.0,43067115483,163353,-205.490585327148,-44.8448791503906
decentralized,20,40.0,43251664870,163353,-171.28385925293,40.6992225646973
decentralized,20,40.0,43436214257,163353,-237.624069213867,-101.301193237305
decentralized,20,40.0,43620763644,163353,-358.619812011719,-79.7079162597656
decentralized,20,40.0,43805313031,163353,-169.511795043945,-54.1888618469238
decentralized,20,40.0,43989862418,163353,-324.168518066406,-130.282897949219
decentralized,20,40.0,44174411805,163353,-259.577178955078,-51.337833404541
decentralized,20,40.0,40667973452,166643,-262.17578125,-28.369743347168
decentralized,20,40.0,40852522839,166643,-244.313507080078,-79.0584945678711
decentralized,20,40.0,41037072226,166643,-218.890441894531,-32.5871162414551
decentralized,20,40.0,41221621613,166643,-279.618194580078,81.0637664794922
decentralized,20,40.0,41406171000,166643,-226.805740356445,-70.3781356811523
decentralized,20,40.0,41590720387,166643,-216.53727722168,-27.412899017334
decentralized,20,40.0,41775269774,166643,-183.000915527344,-42.405029296875
decentralized,20,40.0,41959819161,166643,-200.99853515625,-61.204517364502
decentralized,20,40.0,42144368548,166643,-263.037414550781,84.5432586669922
decentralized,20,40.0,42328917935,166643,-260.720489501953,-71.3396377563477
decentralized,20,40.0,42513467322,166643,-260.664825439453,-32.1627540588379
decentralized,20,40.0,42698016709,166643,-180.890487670898,-35.2216491699219
decentralized,20,40.0,42882566096,166643,-289.833892822266,-94.448844909668
decentralized,20,40.0,43067115483,166643,-193.942962646484,-59.2657661437988
decentralized,20,40.0,43251664870,166643,-184.435470581055,42.1746139526367
decentralized,20,40.0,43436214257,166643,-251.282455444336,-109.885208129883
decentralized,20,40.0,43620763644,166643,-360.525634765625,-87.0692977905273
decentralized,20,40.0,43805313031,166643,-160.644958496094,-67.3939437866211
decentralized,20,40.0,43989862418,166643,-323.431854248047,-140.847183227539
decentralized,20,40.0,44174411805,166643,-241.480545043945,-41.5987014770508
decentralized,20,40.0,40667973452,169283,-270.430023193359,-46.2459869384766
decentralized,20,40.0,40852522839,169283,-236.227691650391,-103.403228759766
decentralized,20,40.0,41037072226,169283,-202.155517578125,-39.1980361938477
decentralized,20,40.0,41221621613,169283,-273.906677246094,66.2404937744141
decentralized,20,40.0,41406171000,169283,-241.315536499023,-61.0754623413086
decentralized,20,40.0,41590720387,169283,-198.834243774414,-26.5586967468262
decentralized,20,40.0,41775269774,169283,-170.813262939453,-54.1011581420898
decentralized,20,40.0,41959819161,169283,-205.161407470703,-82.2487945556641
decentralized,20,40.0,42144368548,169283,-258.679656982422,77.4104080200195
decentralized,20,40.0,42328917935,169283,-274.593444824219,-84.8422241210938
decentralized,20,40.0,42513467322,169283,-269.479705810547,-50.7199745178223
decentralized,20,40.0,42698016709,169283,-166.014205932617,-41.2702217102051
decentralized,20,40.0,42882566096,169283,-292.206207275391,-79.2200622558594
decentralized,20,40.0,43067115483,169283,-181.305877685547,-78.2331924438477
decentralized,20,40.0,43251664870,169283,-172.150192260742,37.3389663696289
decentralized,20,40.0,43436214257,169283,-243.76448059082,-120.240295410156
decentralized,20,40.0,43620763644,169283,-360.525634765625,-92.9026336669922
decentralized,20,40.0,43805313031,169283,-168.125671386719,-53.0340766906738
decentralized,20,40.0,43989862418,169283,-323.431854248047,-146.680511474609
decentralized,20,40.0,44174411805,169283,-242.380432128906,-61.4331016540527
decentralized,20,40.0,40667973452,171489,-261.301422119141,-35.5406875610352
decentralized,20,40.0,40852522839,171489,-221.375793457031,-116.016296386719
decentralized,20,40.0,41037072226,171489,-185.751174926758,-46.8652572631836
decentralized,20,40.0,41221621613,171489,-281.019989013672,77.1325149536133
decentralized,20,40.0,41406171000,171489,-235.801895141602,-79.7566070556641
decentralized,20,40.0,41590720387,171489,-217.371963500977,-32.1510887145996
decentralized,20,40.0,41775269774,171489,-190.268249511719,-53.1394195556641
decentralized,20,40.0,41959819161,171489,-215.922454833984,-69.602165222168
decentralized,20,40.0,42144368548,171489,-262.422088623047,85.0544815063477
decentralized,20,40.0,42328917935,171489,-288.689208984375,-101.934043884277
decentralized,20,40.0,42513467322,171489,-279.234466552734,-65.7549209594727
decentralized,20,40.0,42698016709,171489,-184.392349243164,-44.5879745483398
decentralized,20,40.0,42882566096,171489,-284.974792480469,-99.2393112182617
decentralized,20,40.0,43067115483,171489,-194.333618164063,-61.9127349853516
decentralized,20,40.0,43251664870,171489,-176.513900756836,45.3184928894043
decentralized,20,40.0,43436214257,171489,-251.462997436523,-111.698768615723
decentralized,20,40.0,43620763644,171489,-360.525634765625,-100.402633666992
decentralized,20,40.0,43805313031,171489,-163.314147949219,-70.4230880737305
decentralized,20,40.0,43989862418,171489,-323.966064453125,-153.677627563477
decentralized,20,40.0,44174411805,171489,-246.297561645508,-42.4612007141113
decentralized,20,40.0,40667973452,173800,-271.680419921875,-51.245002746582
decentralized,20,40.0,40852522839,173800,-236.579208374023,-103.753707885742
decentralized,20,40.0,41037072226,173800,-177.239974975586,-63.2084579467773
decentralized,20,40.0,41221621613,173800,-273.944244384766,66.6254119873047
decentralized,20,40.0,41406171000,173800,-234.89811706543,-60.8738327026367
decentralized,20,40.0,41590720387,173800,-204.298324584961,-43.146556854248
decentralized,20,40.0,41775269774,173800,-207.293838500977,-49.7036323547363
decentralized,20,40.0,41959819161,173800,-226.894515991211,-57.7465972900391
decentralized,20,40.0,42144368548,173800,-257.699798583984,82.3302154541016
decentralized,20,40.0,42328917935,173800,-296.189605712891,-116.941215515137
decentralized,20,40.0,42513467322,173800,-270.508209228516,-51.495849609375
decentralized,20,40.0,42698016709,173800,-167.226608276367,-44.2698707580566
decentralized,20,40.0,42882566096,173800,-271.618743896484,-90.1085052490234
decentralized,20,40.0,43067115483,173800,-207.47981262207,-49.7387580871582
decentralized,20,40.0,43251664870,173800,-171.342819213867,35.9672470092773
decentralized,20,40.0,43436214257,173800,-243.68928527832,-128.362670898438
decentralized,20,40.0,43620763644,173800,-360.525634765625,-106.235969543457
decentralized,20,40.0,43805313031,173800,-178.947494506836,-79.9465103149414
decentralized,20,40.0,43989862418,173800,-323.966064453125,-159.510955810547
decentralized,20,40.0,44174411805,173800,-260.479431152344,-54.8358917236328
decentralized,20,40.0,40667973452,175576,-274.209991455078,-69.8287887573242
decentralized,20,40.0,40852522839,175576,-252.474044799805,-110.889366149902
decentralized,20,40.0,41037072226,175576,-161.65168762207,-75.7160873413086
decentralized,20,40.0,41221621613,175576,-280.687042236328,76.6118927001953
decentralized,20,40.0,41406171000,175576,-240.221649169922,-45.2419891357422
decentralized,20,40.0,41590720387,175576,-220.71809387207,-35.9922409057617
decentralized,20,40.0,41775269774,175576,-212.532165527344,-69.4293365478516
decentralized,20,40.0,41959819161,175576,-219.687286376953,-72.8372344970703
decentralized,20,40.0,42144368548,175576,-257.607360839844,84.2012023925781
decentralized,20,40.0,42328917935,175576,-291.310699462891,-104.836685180664
decentralized,20,40.0,42513467322,175576,-264.995788574219,-73.696891784668
decentralized,20,40.0,42698016709,175576,-186.83512878418,-48.2205772399902
decentralized,20,40.0,42882566096,175576,-271.464721679688,-71.328498840332
decentralized,20,40.0,43067115483,175576,-215.914978027344,-70.8650894165039
decentralized,20,40.0,43251664870,175576,-171.401763916016,44.6960487365723
decentralized,20,40.0,43436214257,175576,-251.371383666992,-111.637786865234
decentralized,20,40.0,43620763644,175576,-360.525634765625,-113.186431884766
decentralized,20,40.0,43805313031,175576,-172.833068847656,-102.978088378906
decentralized,20,40.0,43989862418,175576,-323.966064453125,-166.46142578125
decentralized,20,40.0,44174411805,175576,-266.376220703125,-72.9005432128906
decentralized,20,40.0,40667973452,177485,-261.685607910156,-57.4023513793945
decentralized,20,40.0,40852522839,177485,-269.307861328125,-111.861351013184
decentralized,20,40.0,41037072226,177485,-143.512817382813,-76.1226501464844
decentralized,20,40.0,41221621613,177485,-273.866302490234,64.9395370483398
decentralized,20,40.0,41406171000,177485,-226.706680297852,-58.204776763916
decentralized,20,40.0,41590720387,177485,-233.610549926758,-23.843297958374
decentralized,20,40.0,41775269774,177485,-219.650604248047,-55.2116317749023
decentralized,20,40.0,41959819161,177485,-222.775680541992,-56.2018547058105
decentralized,20,40.0,42144368548,177485,-257.434020996094,82.3097076416016
decentralized,20,40.0,42328917935,177485,-298.869445800781,-120.09642791748
decentralized,20,40.0,42513467322,177485,-272.348602294922,-96.7422332763672
decentralized,20,40.0,42698016709,177485,-204.069534301758,-44.0575180053711
decentralized,20,40.0,42882566096,177485,-282.927825927734,-86.1122894287109
decentralized,20,40.0,43067115483,177485,-220.529373168945,-55.3022880554199
decentralized,20,40.0,43251664870,177485,-172.886413574219,39.2835464477539
decentralized,20,40.0,43436214257,177485,-241.940948486328,-129.270431518555
decentralized,20,40.0,43620763644,177485,-360.525634765625,-120.181251525879
decentralized,20,40.0,43805313031,177485,-165.702850341797,-116.169792175293
decentralized,20,40.0,43989862418,177485,-323.966064453125,-173.456237792969
decentralized,20,40.0,44174411805,177485,-259.103912353516,-58.3525772094727
decentralized,20,40.0,40667973452,178967,-280.999084472656,-69.3028564453125
decentralized,20,40.0,40852522839,178967,-251.207534790039,-111.679908752441
decentralized,20,40.0,41037072226,178967,-127.958168029785,-80.7262115478516
decentralized,20,40.0,41221621613,178967,-279.445983886719,77.5442810058594
decentralized,20,40.0,41406171000,178967,-225.00276184082,-39.7143135070801
decentralized,20,40.0,41590720387,178967,-224.876434326172,-39.680778503418
decentralized,20,40.0,41775269774,178967,-219.084854125977,-73.8515243530273
decentralized,20,40.0,41959819161,178967,-225.075393676758,-39.7116546630859
decentralized,20,40.0,42144368548,178967,-256.546173095703,82.6106643676758
decentralized,20,40.0,42328917935,178967,-278.573028564453,-132.285720825195
decentralized,20,40.0,42513467322,178967,-289.225006103516,-106.039680480957
decentralized,20,40.0,42698016709,178967,-184.996948242188,-45.5589942932129
decentralized,20,40.0,42882566096,178967,-269.2763671875,-74.5575408935547
decentralized,20,40.0,43067115483,178967,-227.598205566406,-40.7121124267578
decentralized,20,40.0,43251664870,178967,-167.531265258789,43.4371604919434
decentralized,20,40.0,43436214257,178967,-247.750610351563,-156.512969970703
decentralized,20,40.0,43620763644,178967,-360.525634765625,-126.235969543457
decentralized,20,40.0,43805313031,178967,-166.363235473633,-104.984649658203
decentralized,20,40.0,43989862418,178967,-323.966064453125,-179.510955810547
decentralized,20,40.0,44174411805,178967,-270.397644042969,-73.9508819580078
decentralized,20,40.0,40667973452,180641,-291.191986083984,-87.4476852416992
decentralized,20,40.0,40852522839,180641,-268.999908447266,-116.198623657227
decentralized,20,40.0,41037072226,180641,-129.97492980957,-79.3522262573242
decentralized,20,40.0,41221621613,180641,-281.894256591797,75.1749572753906
decentralized,20,40.0,41406171000,180641,-228.837860107422,-60.6030731201172
decentralized,20,40.0,41590720387,180641,-225.054138183594,-58.761116027832
decentralized,20,40.0,41775269774,180641,-230.194244384766,-61.1198463439941
decentralized,20,40.0,41959819161,180641,-225.746551513672,-59.0558929443359
decentralized,20,40.0,42144368548,180641,-257.556945800781,83.3424530029297
decentralized,20,40.0,42328917935,180641,-298.738464355469,-120.092681884766
decentralized,20,40.0,42513467322,180641,-279.866882324219,-92.7541275024414
decentralized,20,40.0,42698016709,180641,-173.070266723633,-57.5486831665039
decentralized,20,40.0,42882566096,180641,-256.041442871094,-61.4642868041992
decentralized,20,40.0,43067115483,180641,-240.559341430664,-28.6450996398926
decentralized,20,40.0,43251664870,180641,-171.39323425293,40.1661415100098
decentralized,20,40.0,43436214257,180641,-246.483932495117,-172.537246704102
decentralized,20,40.0,43620763644,180641,-360.525634765625,-133.639617919922
decentralized,20,40.0,43805313031,180641,-160.884628295898,-114.325454711914
decentralized,20,40.0,43989862418,180641,-323.966064453125,-186.914611816406
decentralized,20,40.0,44174411805,180641,-261.767761230469,-60.2256546020508
decentralized,20,40.0,40667973452,181955,-281.583923339844,-73.1875610351563
decentralized,20,40.0,40852522839,181955,-251.361724853516,-111.482887268066
decentralized,20,40.0,41037072226,181955,-128.140808105469,-81.9705200195313
decentralized,20,40.0,41221621613,181955,-282.480133056641,79.7091903686523
decentralized,20,40.0,41406171000,181955,-236.0048828125,-46.0969467163086
decentralized,20,40.0,41590720387,181955,-235.188323974609,-45.8748054504395
decentralized,20,40.0,41775269774,181955,-239.146942138672,-48.1182022094727
decentralized,20,40.0,41959819161,181955,-235.973922729492,-46.1202278137207
decentralized,20,40.0,42144368548,181955,-256.572509765625,82.6068420410156
decentralized,20,40.0,42328917935,181955,-311.049499511719,-133.474639892578
decentralized,20,40.0,42513467322,181955,-272.587921142578,-78.5405731201172
decentralized,20,40.0,42698016709,181955,-190.945983886719,-57.0003547668457
decentralized,20,40.0,42882566096,181955,-260.233856201172,-78.4839630126953
decentralized,20,40.0,43067115483,181955,-238.639724731445,-47.4162521362305
decentralized,20,40.0,43251664870,181955,-167.980377197266,43.5698738098145
decentralized,20,40.0,43436214257,181955,-246.483932495117,-178.466903686523
decentralized,20,40.0,43620763644,181955,-362.852386474609,-139.50129699707
decentralized,20,40.0,43805313031,181955,-166.985198974609,-104.990562438965
decentralized,20,40.0,43989862418,181955,-323.966064453125,-192.844299316406
decentralized,20,40.0,44174411805,181956,-279.386962890625,-73.7498931884766
decentralized,20,40.0,40667973452,183351,-295.136322021484,-87.209831237793
decentralized,20,40.0,40852522839,183351,-235.282470703125,-111.943359375
decentralized,20,40.0,41037072226,183351,-128.660308837891,-80.0742034912109
decentralized,20,40.0,41221621613,183351,-284.873199462891,77.3851089477539
decentralized,20,40.0,41406171000,183351,-238.98176574707,-29.6100177764893
decentralized,20,40.0,41590720387,183351,-222.071563720703,-58.5441246032715
decentralized,20,40.0,41775269774,183351,-237.890335083008,-65.6582183837891
decentralized,20,40.0,41959819161,183351,-239.977432250977,-30.0769748687744
decentralized,20,40.0,42144368548,183351,-255.71549987793,90.6474761962891
decentralized,20,40.0,42328917935,183351,-307.583740234375,-147.06022644043
decentralized,20,40.0,42513467322,183351,-274.442596435547,-95.9736022949219
decentralized,20,40.0,42698016709,183351,-204.619445800781,-45.6985397338867
decentralized,20,40.0,42882566096,183351,-266.730560302734,-97.6458435058594
decentralized,20,40.0,43067115483,183351,-238.584609985352,-65.8676147460938
decentralized,20,40.0,43251664870,183351,-169.636032104492,41.7518844604492
decentralized,20,40.0,43436214257,183351,-246.483932495117,-185.966903686523
decentralized,20,40.0,43620763644,183351,-362.852386474609,-147.00129699707
decentralized,20,40.0,43805313031,183351,-160.819534301758,-114.28458404541
decentralized,20,40.0,43989862418,183351,-323.966064453125,-200.344299316406
decentralized,20,40.0,44174411805,183351,-273.035247802734,-54.7034187316895
decentralized,20,40.0,40667973452,184559,-307.988311767578,-102.141754150391
decentralized,20,40.0,40852522839,184559,-252.780578613281,-109.687149047852
decentralized,20,40.0,41037072226,184559,-128.053070068359,-81.8061599731445
decentralized,20,40.0,41221621613,184559,-284.76025390625,79.4126434326172
decentralized,20,40.0,41406171000,184559,-239.744766235352,-47.9534454345703
decentralized,20,40.0,41590720387,184559,-234.672866821289,-45.8932685852051
decentralized,20,40.0,41775269774,184559,-223.72248840332,-78.5770797729492
decentralized,20,40.0,41959819161,184559,-239.966247558594,-47.8657569885254
decentralized,20,40.0,42144368548,184559,-255.71549987793,96.7206268310547
decentralized,20,40.0,42328917935,184559,-310.964782714844,-140.473785400391
decentralized,20,40.0,42513467322,184559,-268.037994384766,-81.4573440551758
decentralized,20,40.0,42698016709,184559,-217.781600952148,-35.4749870300293
decentralized,20,40.0,42882566096,184559,-262.86328125,-79.5284423828125
decentralized,20,40.0,43067115483,184559,-238.791122436523,-89.164909362793
decentralized,20,40.0,43251664870,184559,-167.987747192383,44.3979606628418
decentralized,20,40.0,43436214257,184559,-246.483932495117,-192.040054321289
decentralized,20,40.0,43620763644,184559,-362.852386474609,-153.074447631836
decentralized,20,40.0,43805313031,184559,-161.219711303711,-119.354537963867
decentralized,20,40.0,43989862418,184559,-323.966064453125,-206.417449951172
decentralized,20,40.0,44174411805,184559,-255.326370239258,-45.7315788269043
decentralized,20,40.0,40667973452,185879,-292.783874511719,-88.9255447387695
decentralized,20,40.0,40852522839,185879,-268.890380859375,-109.725433349609
decentralized,20,40.0,41037072226,185879,-128.589065551758,-80.0781021118164
decentralized,20,40.0,41221621613,185879,-285.876068115234,76.750244140625
decentralized,20,40.0,41406171000,185879,-238.906997680664,-66.8551406860352
decentralized,20,40.0,41590720387,185879,-240.861358642578,-30.9933452606201
decentralized,20,40.0,41775269774,185879,-223.745956420898,-61.1796798706055
decentralized,20,40.0,41959819161,185879,-246.37385559082,-65.098518371582
decentralized,20,40.0,42144368548,185879,-255.71549987793,103.738227844238
decentralized,20,40.0,42328917935,185879,-307.120269775391,-154.236465454102
decentralized,20,40.0,42513467322,185879,-269.020263671875,-108.866897583008
decentralized,20,40.0,42698016709,185879,-200.26708984375,-36.1310386657715
decentralized,20,40.0,42882566096,185879,-255.310913085938,-66.361686706543
decentralized,20,40.0,43067115483,185879,-263.202239990234,-97.5109024047852
decentralized,20,40.0,43251664870,185879,-169.469009399414,42.4549331665039
decentralized,20,40.0,43436214257,185879,-246.483932495117,-199.057647705078
decentralized,20,40.0,43620763644,185879,-362.852386474609,-153.074447631836
decentralized,20,40.0,43805313031,185879,-154.730407714844,-120.133987426758
decentralized,20,40.0,43989862418,185879,-323.966064453125,-213.435043334961
decentralized,20,40.0,44174411805,185879,-264.704162597656,-63.0081176757813
decentralized,20,40.0,40667973452,186927,-309.294525146484,-102.879493713379
decentralized,20,40.0,40852522839,186927,-252.637786865234,-115.318260192871
decentralized,20,40.0,41037072226,186927,-126.75366973877,-82.4579696655273
decentralized,20,40.0,41221621613,186927,-285.374969482422,79.5330505371094
decentralized,20,40.0,41406171000,186927,-245.617935180664,-49.0583915710449
decentralized,20,40.0,41590720387,186927,-236.469009399414,-48.4958534240723
decentralized,20,40.0,41775269774,186927,-218.087127685547,-76.4311676025391
decentralized,20,40.0,41959819161,186927,-242.744552612305,-49.3004264831543
decentralized,20,40.0,42144368548,186927,-255.71549987793,110.201110839844
decentralized,20,40.0,42328917935,186927,-316.536865234375,-144.505996704102
decentralized,20,40.0,42513467322,186927,-288.231475830078,-110.15518951416
decentralized,20,40.0,42698016709,186927,-184.378158569336,-41.0124053955078
decentralized,20,40.0,42882566096,186927,-266.583465576172,-80.9928436279297
decentralized,20,40.0,43067115483,186927,-268.960601806641,-82.5773773193359
decentralized,20,40.0,43251664870,186927,-168.401504516602,44.8898620605469
decentralized,20,40.0,43436214257,186927,-246.483932495117,-205.520538330078
decentralized,20,40.0,43620763644,186927,-362.852386474609,-146.611572265625
decentralized,20,40.0,43805313031,186927,-154.865020751953,-127.277816772461
decentralized,20,40.0,43989862418,186927,-323.966064453125,-219.897918701172
decentralized,20,40.0,44174411805,186927,-269.047943115234,-82.4734268188477
decentralized,20,40.0,40667973452,188111,-302.272338867188,-123.230903625488
decentralized,20,40.0,40852522839,188111,-271.475189208984,-119.600250244141
decentralized,20,40.0,41037072226,188111,-123.989845275879,-85.1985092163086
decentralized,20,40.0,41221621613,188111,-286.840301513672,81.5766372680664
decentralized,20,40.0,41406171000,188111,-250.810745239258,-66.5732421875
decentralized,20,40.0,41590720387,188111,-227.2939453125,-62.6152648925781
decentralized,20,40.0,41775269774,188111,-221.710906982422,-60.8948059082031
decentralized,20,40.0,41959819161,188111,-250.518646240234,-66.5270767211914
decentralized,20,40.0,42144368548,188111,-257.322692871094,117.234405517578
decentralized,20,40.0,42328917935,188111,-313.197570800781,-156.809600830078
decentralized,20,40.0,42513467322,188111,-270.315032958984,-115.257629394531
decentralized,20,40.0,42698016709,188111,-202.140563964844,-43.9621200561523
decentralized,20,40.0,42882566096,188111,-254.11491394043,-66.5246658325195
decentralized,20,40.0,43067115483,188111,-269.263244628906,-114.02660369873
decentralized,20,40.0,43251664870,188111,-169.073654174805,43.4458541870117
decentralized,20,40.0,43436214257,188111,-246.483932495117,-212.633575439453
decentralized,20,40.0,43620763644,188111,-362.728302001953,-152.186538696289
decentralized,20,40.0,43805313031,188111,-150.445022583008,-131.199356079102
decentralized,20,40.0,43989862418,188111,-323.966064453125,-227.010955810547
decentralized,20,40.0,44174411805,188111,-278.483032226563,-97.0037307739258
decentralized,20,40.0,40667973452,189035,-289.389099121094,-112.132820129395
decentralized,20,40.0,40852522839,189035,-252.858947753906,-115.97437286377
decentralized,20,40.0,41037072226,189035,-122.976119995117,-86.8165740966797
decentralized,20,40.0,41221621613,189035,-286.840301513672,75.3653182983398
decentralized,20,40.0,41406171000,189035,-250.839813232422,-50.3870658874512
decentralized,20,40.0,41590720387,189035,-235.425796508789,-48.643424987793
decentralized,20,40.0,41775269774,189035,-224.620254516602,-79.8815383911133
decentralized,20,40.0,41959819161,189035,-249.496444702148,-50.305046081543
decentralized,20,40.0,42144368548,189035,-257.322692871094,123.445724487305
decentralized,20,40.0,42328917935,189035,-317.414337158203,-150.190399169922
decentralized,20,40.0,42513467322,189035,-289.608978271484,-111.929779052734
decentralized,20,40.0,42698016709,189035,-188.640502929688,-53.5232734680176
decentralized,20,40.0,42882566096,189035,-249.417144775391,-50.3031616210938
decentralized,20,40.0,43067115483,189035,-252.818405151367,-115.99617767334
decentralized,20,40.0,43251664870,189035,-167.895690917969,45.0741348266602
decentralized,20,40.0,43436214257,189035,-246.483932495117,-218.84489440918
decentralized,20,40.0,43620763644,189035,-362.728302001953,-158.397857666016
decentralized,20,40.0,43805313031,189035,-147.036880493164,-134.908065795898
decentralized,20,40.0,43989862418,189035,-317.754760742188,-227.010955810547
decentralized,20,40.0,44174411805,189035,-269.698211669922,-82.8691558837891
decentralized,20,40.0,40667973452,190132,-271.573272705078,-113.500694274902
decentralized,20,40.0,40852522839,190132,-272.244903564453,-122.909057617188
decentralized,20,40.0,41037072226,190132,-122.841987609863,-93.0989608764648
decentralized,20,40.0,41221621613,190132,-288.571228027344,78.9340667724609
decentralized,20,40.0,41406171000,190132,-261.677124023438,-63.9450416564941
decentralized,20,40.0,41590720387,190132,-236.874282836914,-31.7702236175537
decentralized,20,40.0,41775269774,190132,-237.690231323242,-69.2150955200195
decentralized,20,40.0,41959819161,190132,-244.581008911133,-66.6321334838867
decentralized,20,40.0,42144368548,190132,-257.322692871094,130.190475463867
decentralized,20,40.0,42328917935,190132,-315.877319335938,-159.409332275391
decentralized,20,40.0,42513467322,190132,-294.047821044922,-91.9908981323242
decentralized,20,40.0,42698016709,190132,-206.419937133789,-48.7220268249512
decentralized,20,40.0,42882566096,190132,-244.503952026367,-66.6418304443359
decentralized,20,40.0,43067115483,190132,-240.201614379883,-128.764266967773
decentralized,20,40.0,43251664870,190132,-169.205612182617,42.0394401550293
decentralized,20,40.0,43436214257,190132,-246.483932495117,-225.589645385742
decentralized,20,40.0,43620763644,190132,-362.728302001953,-165.142608642578
decentralized,20,40.0,43805313031,190132,-147.036880493164,-141.652816772461
decentralized,20,40.0,43989862418,190132,-311.010009765625,-227.010955810547
decentralized,20,40.0,44174411805,190132,-274.394683837891,-104.977325439453
decentralized,20,40.0,40667973452,191096,-289.983154296875,-112.871208190918
decentralized,20,40.0,40852522839,191096,-278.0791015625,-144.737762451172
decentralized,20,40.0,41037072226,191096,-122.611717224121,-96.4903030395508
decentralized,20,40.0,41221621613,191096,-288.571228027344,85.1446685791016
decentralized,20,40.0,41406171000,191096,-256.940490722656,-47.2960968017578
decentralized,20,40.0,41590720387,191096,-234.775573730469,-48.5478057861328
decentralized,20,40.0,41775269774,191096,-242.425765991211,-50.6864242553711
decentralized,20,40.0,41959819161,191096,-240.913314819336,-50.9180603027344
decentralized,20,40.0,42144368548,191096,-257.322692871094,136.401077270508
decentralized,20,40.0,42328917935,191096,-314.119995117188,-165.505874633789
decentralized,20,40.0,42513467322,191096,-288.223693847656,-77.0654067993164
decentralized,20,40.0,42698016709,191096,-188.537612915039,-51.4838027954102
decentralized,20,40.0,42882566096,191096,-240.832077026367,-50.9344596862793
decentralized,20,40.0,43067115483,191096,-250.187072753906,-114.656051635742
decentralized,20,40.0,43251664870,191096,-166.995666503906,45.252010345459
decentralized,20,40.0,43436214257,191096,-246.483932495117,-231.800247192383
decentralized,20,40.0,43620763644,191096,-362.728302001953,-171.353210449219
decentralized,20,40.0,43805313031,191096,-147.036880493164,-147.863418579102
decentralized,20,40.0,43989862418,191096,-304.799407958984,-227.010955810547
decentralized,20,40.0,44174411805,191096,-289.879272460938,-112.84593963623
decentralized,20,40.0,40667973452,192010,-299.238494873047,-128.289657592773
decentralized,20,40.0,40852522839,192010,-262.372467041016,-149.340591430664
decentralized,20,40.0,41037072226,192010,-123.106727600098,-93.0559997558594
decentralized,20,40.0,41221621613,192010,-288.571228027344,90.0665435791016
decentralized,20,40.0,41406171000,192010,-271.986145019531,-39.996826171875
decentralized,20,40.0,41590720387,192010,-242.39128112793,-34.1660652160645
decentralized,20,40.0,41775269774,192010,-255.686737060547,-67.2312622070313
decentralized,20,40.0,41959819161,192010,-257.047912597656,-67.6638870239258
decentralized,20,40.0,42144368548,192010,-257.322692871094,143.901077270508
decentralized,20,40.0,42328917935,192010,-314.119995117188,-173.005874633789
decentralized,20,40.0,42513467322,192010,-302.432464599609,-88.1789321899414
decentralized,20,40.0,42698016709,192010,-203.570724487305,-44.1559524536133
decentralized,20,40.0,42882566096,192010,-254.211120605469,-66.8809661865234
decentralized,20,40.0,43067115483,192010,-233.802368164063,-119.422187805176
decentralized,20,40.0,43251664870,192010,-167.729202270508,42.445930480957
decentralized,20,40.0,43436214257,192010,-238.983932495117,-231.800247192383
decentralized,20,40.0,43620763644,192010,-362.728302001953,-178.853210449219
decentralized,20,40.0,43805313031,192010,-139.536880493164,-147.863418579102
decentralized,20,40.0,43989862418,192010,-304.749633789063,-227.41618347168
decentralized,20,40.0,44174411805,192010,-273.136566162109,-110.385131835938
decentralized,20,40.0,40667973452,192746,-288.431365966797,-141.817306518555
decentralized,20,40.0,40852522839,192746,-244.366821289063,-151.613830566406
decentralized,20,40.0,41037072226,192746,-122.941398620605,-88.9935684204102
decentralized,20,40.0,41221621613,192746,-288.19189453125,82.7807998657227
decentralized,20,40.0,41406171000,192746,-257.699493408203,-49.5650291442871
decentralized,20,40.0,41590720387,192746,-251.816253662109,-50.5301895141602
decentralized,20,40.0,41775269774,192746,-254.017517089844,-50.6428260803223
decentralized,20,40.0,41959819161,192746,-249.874298095703,-85.9129791259766
decentralized,20,40.0,42144368548,192746,-257.322692871094,137.885391235352
decentralized,20,40.0,42328917935,192746,-314.119995117188,-179.021560668945
decentralized,20,40.0,42513467322,192746,-326.189300537109,-76.3765716552734
decentralized,20,40.0,42698016709,192746,-190.748962402344,-53.6826477050781
decentralized,20,40.0,42882566096,192746,-243.474624633789,-51.5141105651855
decentralized,20,40.0,43067115483,192746,-216.945190429688,-124.992683410645
decentralized,20,40.0,43251664870,192746,-167.136047363281,45.2039413452148
decentralized,20,40.0,43436214257,192746,-232.968246459961,-231.800247192383
decentralized,20,40.0,43620763644,192746,-362.728302001953,-184.868896484375
decentralized,20,40.0,43805313031,192746,-140.361312866211,-149.953277587891
decentralized,20,40.0,43989862418,192746,-304.749633789063,-223.2333984375
decentralized,20,40.0,44174411805,192746,-289.862335205078,-112.96509552002
decentralized,20,40.0,40667973452,193418,-295.670227050781,-159.245574951172
decentralized,20,40.0,40852522839,193418,-260.173004150391,-143.752487182617
decentralized,20,40.0,41037072226,193418,-122.82007598877,-89.4630813598633
decentralized,20,40.0,41221621613,193418,-286.829315185547,88.0775146484375
decentralized,20,40.0,41406171000,193418,-274.146820068359,-48.9828109741211
decentralized,20,40.0,41590720387,193418,-241.907409667969,-35.3034286499023
decentralized,20,40.0,41775269774,193418,-272.203460693359,-42.0913162231445
decentralized,20,40.0,41959819161,193418,-258.466949462891,-68.8827972412109
decentralized,20,40.0,42144368548,193418,-257.322692871094,131.295104980469
decentralized,20,40.0,42328917935,193418,-316.378753662109,-178.190307617188
decentralized,20,40.0,42513467322,193418,-336.602661132813,-57.0525283813477
decentralized,20,40.0,42698016709,193418,-205.127197265625,-46.860408782959
decentralized,20,40.0,42882566096,193418,-238.291412353516,-35.5905723571777
decentralized,20,40.0,43067115483,193418,-232.512588500977,-117.727554321289
decentralized,20,40.0,43251664870,193418,-167.933029174805,42.1300735473633
decentralized,20,40.0,43436214257,193418,-226.377960205078,-231.800247192383
decentralized,20,40.0,43620763644,193418,-356.138031005859,-184.868896484375
decentralized,20,40.0,43805313031,193418,-140.361312866211,-156.543563842773
decentralized,20,40.0,43989862418,193418,-304.032836914063,-233.902191162109
decentralized,20,40.0,44174411805,193418,-273.388244628906,-111.232162475586
decentralized,20,40.0,40667973452,193979,-309.272674560547,-149.43115234375
decentralized,20,40.0,40852522839,193979,-279.626068115234,-149.279556274414
decentralized,20,40.0,41037072226,193979,-121.342010498047,-94.7838592529297
decentralized,20,40.0,41221621613,193979,-289.061340332031,83.2171630859375
decentralized,20,40.0,41406171000,193979,-256.699890136719,-52.9082336425781
decentralized,20,40.0,41590720387,193979,-257.145935058594,-38.8188743591309
decentralized,20,40.0,41775269774,193979,-258.245513916016,-32.6108894348145
decentralized,20,40.0,41959819161,193979,-250.284027099609,-55.6448669433594
decentralized,20,40.0,42144368548,193979,-257.322692871094,124.376205444336
decentralized,20,40.0,42328917935,193979,-317.336883544922,-183.147888183594
decentralized,20,40.0,42513467322,193979,-326.044982910156,-75.6718673706055
decentralized,20,40.0,42698016709,193979,-195.518218994141,-64.4425354003906
decentralized,20,40.0,42882566096,193979,-245.953094482422,-54.4665451049805
decentralized,20,40.0,43067115483,193979,-216.011795043945,-124.40657043457
decentralized,20,40.0,43251664870,193979,-167.282302856445,45.0467185974121
decentralized,20,40.0,43436214257,193979,-219.459060668945,-231.800247192383
decentralized,20,40.0,43620763644,193979,-349.219116210938,-184.868896484375
decentralized,20,40.0,43805313031,193979,-133.442413330078,-156.543563842773
decentralized,20,40.0,43989862418,193979,-304.032836914063,-240.821090698242
decentralized,20,40.0,44174411805,193979,-291.720703125,-112.978134155273
decentralized,20,40.0,40667973452,194568,-324.703338623047,-136.628128051758
decentralized,20,40.0,40852522839,194568,-294.422943115234,-159.796264648438
decentralized,20,40.0,41037072226,194568,-121.342010498047,-101.471542358398
decentralized,20,40.0,41221621613,194568,-288.336212158203,88.1010971069336
decentralized,20,40.0,41406171000,194568,-267.676910400391,-65.8695297241211
decentralized,20,40.0,41590720387,194568,-242.498580932617,-38.3021240234375
decentralized,20,40.0,41775269774,194568,-272.816345214844,-41.3282775878906
decentralized,20,40.0,41959819161,194568,-257.947479248047,-68.9216613769531
decentralized,20,40.0,42144368548,194568,-257.322692871094,117.688522338867
decentralized,20,40.0,42328917935,194568,-318.449859619141,-181.36669921875
decentralized,20,40.0,42513467322,194568,-332.537170410156,-61.0951194763184
decentralized,20,40.0,42698016709,194568,-208.49235534668,-52.5058288574219
decentralized,20,40.0,42882566096,194568,-241.158248901367,-38.0984153747559
decentralized,20,40.0,43067115483,194568,-200.552810668945,-128.406051635742
decentralized,20,40.0,43251664870,194568,-168.300445556641,41.1842918395996
decentralized,20,40.0,43436214257,194568,-212.771377563477,-231.800247192383
decentralized,20,40.0,43620763644,194568,-349.219116210938,-184.868896484375
decentralized,20,40.0,43805313031,194568,-133.377838134766,-157.497192382813
decentralized,20,40.0,43989862418,194568,-304.032836914063,-247.508773803711
decentralized,20,40.0,44174411805,194568,-296.556701660156,-95.9637680053711
decentralized,20,40.0,40667973452,195089,-346.68115234375,-138.101013183594
decentralized,20,40.0,40852522839,195089,-298.827026367188,-175.42204284668
decentralized,20,40.0,41037072226,195089,-114.86612701416,-101.471542358398
decentralized,20,40.0,41221621613,195089,-288.336212158203,94.7962799072266
decentralized,20,40.0,41406171000,195089,-254.20881652832,-53.2731857299805
decentralized,20,40.0,41590720387,195089,-256.990936279297,-40.7678451538086
decentralized,20,40.0,41775269774,195089,-267.079498291016,-20.8569736480713
decentralized,20,40.0,41959819161,195089,-250.282211303711,-55.2615966796875
decentralized,20,40.0,42144368548,195089,-255.071868896484,121.292671203613
decentralized,20,40.0,42328917935,195089,-319.492584228516,-187.253036499023
decentralized,20,40.0,42513467322,195089,-322.577178955078,-76.2370071411133
decentralized,20,40.0,42698016709,195089,-222.653625488281,-44.3563995361328
decentralized,20,40.0,42882566096,195089,-255.77783203125,-29.3678283691406
decentralized,20,40.0,43067115483,195089,-217.480575561523,-124.906745910645
decentralized,20,40.0,43251664870,195089,-168.826965332031,42.4234275817871
decentralized,20,40.0,43436214257,195089,-212.771377563477,-231.800247192383
decentralized,20,40.0,43620763644,195089,-351.704406738281,-190.387023925781
decentralized,20,40.0,43805313031,195089,-133.377838134766,-156.637115478516
decentralized,20,40.0,43989862418,195089,-304.032836914063,-253.984649658203
decentralized,20,40.0,44174411805,195089,-295.212768554688,-114.29141998291
decentralized,20,40.0,40667973452,195638,-353.467193603516,-151.835876464844
decentralized,20,40.0,40852522839,195638,-294.395416259766,-160.197616577148
decentralized,20,40.0,41037072226,195639,-108.068824768066,-101.471542358398
decentralized,20,40.0,41221621613,195639,-288.336212158203,101.26831817627
decentralized,20,40.0,41406171000,195639,-272.133819580078,-47.9587783813477
decentralized,20,40.0,41590720387,195639,-272.112121582031,-48.0194053649902
decentralized,20,40.0,41775269774,195639,-253.186630249023,-10.964111328125
decentralized,20,40.0,41959819161,195639,-264.50390625,-69.6471405029297
decentralized,20,40.0,42144368548,195639,-254.315322875977,115.835983276367
decentralized,20,40.0,42328917935,195639,-320.819366455078,-191.908294677734
decentralized,20,40.0,42513467322,195639,-310.075622558594,-65.3798446655273
decentralized,20,40.0,42698016709,195639,-207.044738769531,-54.302417755127
decentralized,20,40.0,42882566096,195639,-250.214904785156,-13.7467164993286
decentralized,20,40.0,43067115483,195639,-231.821762084961,-139.016952514648
decentralized,20,40.0,43251664870,195639,-169.795654296875,39.5842018127441
decentralized,20,40.0,43436214257,195639,-212.771377563477,-238.597549438477
decentralized,20,40.0,43620763644,195639,-351.704406738281,-197.184326171875
decentralized,20,40.0,43805313031,195639,-133.304397583008,-157.379776000977
decentralized,20,40.0,43989862418,195639,-304.032836914063,-260.781951904297
decentralized,20,40.0,44174411805,195639,-292.879364013672,-128.908767700195
decentralized,20,40.0,40667973452,196084,-345.767700195313,-139.252288818359
decentralized,20,40.0,40852522839,196084,-298.279266357422,-175.844604492188
decentralized,20,40.0,41037072226,196084,-108.03010559082,-102.580070495605
decentralized,20,40.0,41221621613,196084,-288.336212158203,108.069046020508
decentralized,20,40.0,41406171000,196084,-254.712814331055,-53.1553726196289
decentralized,20,40.0,41590720387,196084,-255.754943847656,-52.9597969055176
decentralized,20,40.0,41775269774,196084,-251.756881713867,4.49545526504517
decentralized,20,40.0,41959819161,196084,-255.923263549805,-52.9421501159668
decentralized,20,40.0,42144368548,196084,-247.967727661133,115.835983276367
decentralized,20,40.0,42328917935,196084,-323.252777099609,-195.52751159668
decentralized,20,40.0,42513467322,196084,-324.088775634766,-44.7240562438965
decentralized,20,40.0,42698016709,196084,-192.533142089844,-59.8403663635254
decentralized,20,40.0,42882566096,196084,-267.028106689453,-21.1503295898438
decentralized,20,40.0,43067115483,196084,-242.115112304688,-152.469741821289
decentralized,20,40.0,43251664870,196084,-169.795654296875,45.9318008422852
decentralized,20,40.0,43436214257,196084,-212.771377563477,-244.94514465332
decentralized,20,40.0,43620763644,196084,-351.704406738281,-203.531921386719
decentralized,20,40.0,43805313031,196084,-133.304397583008,-163.72737121582
decentralized,20,40.0,43989862418,196084,-304.032836914063,-267.129547119141
decentralized,20,40.0,44174411805,196084,-291.184661865234,-115.106811523438
decentralized,20,40.0,40667973452,196549,-352.723205566406,-152.255432128906
decentralized,20,40.0,40852522839,196549,-283.334381103516,-181.76985168457
decentralized,20,40.0,41037072226,196549,-108.03010559082,-101.470123291016
decentralized,20,40.0,41221621613,196549,-288.336212158203,114.382789611816
decentralized,20,40.0,41406171000,196549,-271.807586669922,-60.6912422180176
decentralized,20,40.0,41590720387,196549,-271.519561767578,-61.2330055236816
decentralized,20,40.0,41775269774,196549,-242.023971557617,17.665641784668
decentralized,20,40.0,41959819161,196549,-270.568481445313,-62.6945648193359
decentralized,20,40.0,42144368548,196549,-247.967727661133,115.835983276367
decentralized,20,40.0,42328917935,196549,-318.92529296875,-198.257537841797
decentralized,20,40.0,42513467322,196549,-329.271881103516,-29.2028522491455
decentralized,20,40.0,42698016709,196549,-209.462127685547,-58.6112861633301
decentralized,20,40.0,42882566096,196549,-253.600891113281,-11.5663414001465
decentralized,20,40.0,43067115483,196549,-235.012878417969,-166.792190551758
decentralized,20,40.0,43251664870,196549,-169.482131958008,39.1324501037598
decentralized,20,40.0,43436214257,196549,-205.390930175781,-244.94514465332
decentralized,20,40.0,43620763644,196549,-351.704406738281,-210.912368774414
decentralized,20,40.0,43805313031,196549,-133.070953369141,-171.167816162109
decentralized,20,40.0,43989862418,196549,-304.032836914063,-274.510009765625
decentralized,20,40.0,44174411805,196549,-284.633056640625,-129.37678527832
decentralized,20,40.0,40667973452,196976,-345.404602050781,-139.183166503906
decentralized,20,40.0,40852522839,196976,-299.102325439453,-178.692291259766
decentralized,20,40.0,41037072226,196976,-108.217712402344,-108.70972442627
decentralized,20,40.0,41221621613,196976,-288.336212158203,108.190971374512
decentralized,20,40.0,41406171000,196976,-283.54833984375,-81.8162689208984
decentralized,20,40.0,41590720387,196976,-279.830291748047,-83.5912246704102
decentralized,20,40.0,41775269774,196976,-251.740188598633,4.46220636367798
decentralized,20,40.0,41959819161,196976,-254.881423950195,-55.8830337524414
decentralized,20,40.0,42144368548,196976,-247.967727661133,109.644165039063
decentralized,20,40.0,42328917935,196976,-324.006286621094,-194.815658569336
decentralized,20,40.0,42513467322,196976,-332.961486816406,-45.4848785400391
decentralized,20,40.0,42698016709,196976,-222.671493530273,-46.0719947814941
decentralized,20,40.0,42882566096,196976,-251.955657958984,4.32998037338257
decentralized,20,40.0,43067115483,196976,-236.505798339844,-184.016265869141
decentralized,20,40.0,43251664870,196976,-170.19352722168,39.9495582580566
decentralized,20,40.0,43436214257,196976,-205.447845458984,-245.032928466797
decentralized,20,40.0,43620763644,196976,-351.704406738281,-217.104187011719
decentralized,20,40.0,43805313031,196976,-133.070266723633,-171.036880493164
decentralized,20,40.0,43989862418,196976,-304.032836914063,-280.701812744141
decentralized,20,40.0,44174411805,196976,-290.343902587891,-115.26432800293
decentralized,20,40.0,40667973452,197394,-324.938507080078,-153.946060180664
decentralized,20,40.0,40852522839,197394,-281.8291015625,-183.571319580078
decentralized,20,40.0,41037072226,197394,-108.536262512207,-110.859497070313
decentralized,20,40.0,41221621613,197394,-288.336212158203,101.359336853027
decentralized,20,40.0,41406171000,197394,-268.645812988281,-71.3111953735352
decentralized,20,40.0,41590720387,197394,-266.380187988281,-72.643684387207
decentralized,20,40.0,41775269774,197394,-242.055770874023,17.690502166748
decentralized,20,40.0,41959819161,197394,-246.987060546875,-75.2380294799805
decentralized,20,40.0,42144368548,197394,-247.967727661133,116.475799560547
decentralized,20,40.0,42328917935,197394,-321.191680908203,-200.780471801758
decentralized,20,40.0,42513467322,197394,-332.791259765625,-61.8999061584473
decentralized,20,40.0,42698016709,197394,-205.311157226563,-47.9300804138184
decentralized,20,40.0,42882566096,197394,-253.919631958008,-11.3102235794067
decentralized,20,40.0,43067115483,197394,-224.073013305664,-177.836044311523
decentralized,20,40.0,43251664870,197394,-168.087020874023,35.723560333252
decentralized,20,40.0,43436214257,197394,-205.447845458984,-251.864562988281
decentralized,20,40.0,43620763644,197394,-351.704406738281,-223.935821533203
decentralized,20,40.0,43805313031,197394,-133.070266723633,-169.849349975586
decentralized,20,40.0,43989862418,197394,-297.201202392578,-280.701812744141
decentralized,20,40.0,44174411805,197394,-278.084045410156,-129.797958374023
decentralized,20,40.0,40667973452,197777,-320.422393798828,-139.331039428711
decentralized,20,40.0,40852522839,197777,-271.023101806641,-171.493225097656
decentralized,20,40.0,41037072226,197777,-108.536262512207,-110.859497070313
decentralized,20,40.0,41221621613,197777,-290.737701416016,105.100547790527
decentralized,20,40.0,41406171000,197777,-283.109832763672,-82.4533081054688
decentralized,20,40.0,41590720387,197777,-264.372802734375,-90.7221832275391
decentralized,20,40.0,41775269774,197777,-252.173751831055,6.16935539245605
decentralized,20,40.0,41959819161,197777,-254.350494384766,-94.3678970336914
decentralized,20,40.0,42144368548,197777,-247.967727661133,122.738563537598
decentralized,20,40.0,42328917935,197777,-321.191680908203,-207.043243408203
decentralized,20,40.0,42513467322,197777,-332.130676269531,-77.6768112182617
decentralized,20,40.0,42698016709,197777,-222.218383789063,-44.3009414672852
decentralized,20,40.0,42882566096,197777,-251.740844726563,4.31081628799438
decentralized,20,40.0,43067115483,197777,-228.100311279297,-191.762161254883
decentralized,20,40.0,43251664870,197777,-165.456741333008,39.994686126709
decentralized,20,40.0,43436214257,197777,-199.185073852539,-251.864562988281
decentralized,20,40.0,43620763644,197777,-351.704406738281,-230.198593139648
decentralized,20,40.0,43805313031,197777,-133.070266723633,-176.112121582031
decentralized,20,40.0,43989862418,197777,-290.938446044922,-280.701812744141
decentralized,20,40.0,44174411805,197777,-291.546325683594,-114.592254638672
decentralized,20,40.0,40667973452,198147,-325.346954345703,-154.497573852539
decentralized,20,40.0,40852522839,198147,-281.536529541016,-183.844009399414
decentralized,20,40.0,41037072226,198147,-108.536262512207,-117.529960632324
decentralized,20,40.0,41221621613,198147,-290.737701416016,111.771011352539
decentralized,20,40.0,41406171000,198147,-269.189086914063,-70.9315643310547
decentralized,20,40.0,41590720387,198147,-257.781555175781,-75.6280899047852
decentralized,20,40.0,41775269774,198147,-242.170211791992,17.4250888824463
decentralized,20,40.0,41959819161,198147,-248.350555419922,-79.0819931030273
decentralized,20,40.0,42144368548,198147,-247.967727661133,129.409027099609
decentralized,20,40.0,42328917935,198147,-320.080017089844,-204.321578979492
decentralized,20,40.0,42513467322,198147,-325.955413818359,-65.8212585449219
decentralized,20,40.0,42698016709,198147,-205.700057983398,-48.0908622741699
decentralized,20,40.0,42882566096,198147,-253.77082824707,-13.0325736999512
decentralized,20,40.0,43067115483,198147,-223.227981567383,-187.270065307617
decentralized,20,40.0,43251664870,198147,-166.909912109375,35.6389465332031
decentralized,20,40.0,43436214257,198147,-192.514602661133,-251.864562988281
decentralized,20,40.0,43620763644,198147,-351.704406738281,-236.869064331055
decentralized,20,40.0,43805313031,198147,-133.070266723633,-182.782592773438
decentralized,20,40.0,43989862418,198147,-284.267974853516,-280.701812744141
decentralized,20,40.0,44174411805,198147,-293.952819824219,-98.3895950317383
decentralized,20,40.0,40667973452,198499,-320.375335693359,-139.283584594727
decentralized,20,40.0,40852522839,198499,-266.50830078125,-198.349212646484
decentralized,20,40.0,41037072226,198499,-108.536262512207,-124.192825317383
decentralized,20,40.0,41221621613,198499,-290.737701416016,118.433876037598
decentralized,20,40.0,41406171000,198499,-289.839019775391,-69.2616119384766
decentralized,20,40.0,41590720387,198499,-251.270858764648,-60.975456237793
decentralized,20,40.0,41775269774,198499,-252.495376586914,4.34743976593018
decentralized,20,40.0,41959819161,198499,-252.406951904297,-99.7705535888672
decentralized,20,40.0,42144368548,198499,-247.967727661133,136.071899414063
decentralized,20,40.0,42328917935,198499,-321.582763671875,-207.085708618164
decentralized,20,40.0,42513467322,198499,-325.266906738281,-80.0151977539063
decentralized,20,40.0,42698016709,198499,-221.852355957031,-44.6243095397949
decentralized,20,40.0,42882566096,198499,-243.187149047852,1.24107086658478
decentralized,20,40.0,43067115483,198499,-226.549438476563,-194.080612182617
decentralized,20,40.0,43251664870,198499,-168.505340576172,37.0842056274414
decentralized,20,40.0,43436214257,198499,-185.85173034668,-251.864562988281
decentralized,20,40.0,43620763644,198499,-351.704406738281,-243.531936645508
decentralized,20,40.0,43805313031,198499,-126.407402038574,-182.782592773438
decentralized,20,40.0,43989862418,198499,-277.605102539063,-280.701812744141
decentralized,20,40.0,44174411805,198499,-279.859130859375,-84.9279403686523
decentralized,20,40.0,40667973452,198850,-334.419189453125,-128.688507080078
decentralized,20,40.0,40852522839,198850,-250.538223266602,-202.890930175781
decentralized,20,40.0,41037072226,198850,-108.536262512207,-131.140441894531
decentralized,20,40.0,41221621613,198850,-283.790100097656,118.433876037598
decentralized,20,40.0,41406171000,198850,-273.629333496094,-57.8309097290039
decentralized,20,40.0,41590720387,198850,-246.031616210938,-82.2678909301758
decentralized,20,40.0,41775269774,198850,-257.894317626953,5.48584604263306
decentralized,20,40.0,41959819161,198850,-265.285339355469,-110.826843261719
decentralized,20,40.0,42144368548,198850,-247.967727661133,143.019515991211
decentralized,20,40.0,42328917935,198850,-321.065155029297,-213.707443237305
decentralized,20,40.0,42513467322,198850,-326.175842285156,-66.7865219116211
decentralized,20,40.0,42698016709,198850,-209.546798706055,-50.4789199829102
decentralized,20,40.0,42882566096,198850,-242.977752685547,17.3143272399902
decentralized,20,40.0,43067115483,198850,-222.852569580078,-186.731948852539
decentralized,20,40.0,43251664870,198850,-168.350234985352,44.069206237793
decentralized,20,40.0,43436214257,198850,-178.904113769531,-251.864562988281
decentralized,20,40.0,43620763644,198850,-351.704406738281,-250.479553222656
decentralized,20,40.0,43805313031,198850,-119.459785461426,-182.782592773438
decentralized,20,40.0,43989862418,198850,-270.657470703125,-280.701812744141
decentralized,20,40.0,44174411805,198850,-268.708129882813,-71.5534820556641
decentralized,20,40.0,40667973452,199168,-318.121032714844,-126.401977539063
decentralized,20,40.0,40852522839,199168,-265.984954833984,-198.936874389648
decentralized,20,40.0,41037072226,199168,-108.536262512207,-137.665161132813
decentralized,20,40.0,41221621613,199168,-285.030212402344,117.195991516113
decentralized,20,40.0,41406171000,199168,-289.588165283203,-65.9913177490234
decentralized,20,40.0,41590720387,199168,-245.239669799805,-104.037445068359
decentralized,20,40.0,41775269774,199168,-252.531127929688,3.14733219146729
decentralized,20,40.0,41959819161,199168,-250.084701538086,-118.094673156738
decentralized,20,40.0,42144368548,199168,-248.630859375,135.486618041992
decentralized,20,40.0,42328917935,199168,-321.73583984375,-207.69157409668
decentralized,20,40.0,42513467322,199168,-327.381683349609,-81.8014907836914
decentralized,20,40.0,42698016709,199168,-223.248870849609,-48.3992767333984
decentralized,20,40.0,42882566096,199168,-242.612030029297,1.111119389534
decentralized,20,40.0,43067115483,199168,-226.520462036133,-194.905899047852
decentralized,20,40.0,43251664870,199168,-170.875335693359,40.0126075744629
decentralized,20,40.0,43436214257,199168,-172.37939453125,-251.864562988281
decentralized,20,40.0,43620763644,199168,-351.704406738281,-257.004272460938
decentralized,20,40.0,43805313031,199168,-112.935066223145,-182.782592773438
decentralized,20,40.0,43989862418,199168,-270.657470703125,-280.701812744141
decentralized,20,40.0,44174411805,199168,-274.833618164063,-89.7701187133789
decentralized,20,40.0,40667973452,199492,-301.236633300781,-136.14518737793
decentralized,20,40.0,40852522839,199492,-260.553863525391,-206.478988647461
decentralized,20,40.0,41037072226,199492,-108.536262512207,-137.665161132813
decentralized,20,40.0,41221621613,199492,-283.684478759766,111.081283569336
decentralized,20,40.0,41406171000,199492,-272.138946533203,-66.0278472900391
decentralized,20,40.0,41590720387,199492,-264.636871337891,-111.430442810059
decentralized,20,40.0,41775269774,199492,-258.468963623047,3.2427864074707
decentralized,20,40.0,41959819161,199492,-235.900512695313,-120.149505615234
decentralized,20,40.0,42144368548,199492,-248.630859375,128.7705078125
decentralized,20,40.0,42328917935,199492,-321.199981689453,-219.155426025391
decentralized,20,40.0,42513467322,199492,-326.932098388672,-66.3179244995117
decentralized,20,40.0,42698016709,199492,-209.53825378418,-50.7512092590332
decentralized,20,40.0,42882566096,199492,-243.845230102539,17.1877250671387
decentralized,20,40.0,43067115483,199492,-223.188354492188,-190.555923461914
decentralized,20,40.0,43251664870,199492,-167.332290649414,35.5803298950195
decentralized,20,40.0,43436214257,199492,-165.663284301758,-251.864562988281
decentralized,20,40.0,43620763644,199492,-351.704406738281,-263.720397949219
decentralized,20,40.0,43805313031,199492,-106.218948364258,-182.782592773438
decentralized,20,40.0,43989862418,199492,-270.657470703125,-287.417938232422
decentralized,20,40.0,44174411805,199492,-292.090423583984,-99.4153289794922
decentralized,20,40.0,40667973452,199808,-307.196411132813,-156.124908447266
decentralized,20,40.0,40852522839,199808,-262.701721191406,-198.927230834961
decentralized,20,40.0,41037072226,199808,-108.536262512207,-144.547897338867
decentralized,20,40.0,41221621613,199808,-283.684478759766,116.323989868164
decentralized,20,40.0,41406171000,199808,-254.814788818359,-62.7918510437012
decentralized,20,40.0,41590720387,199808,-248.479934692383,-110.261459350586
decentralized,20,40.0,41775269774,199808,-252.627670288086,3.18642115592957
decentralized,20,40.0,41959819161,199808,-246.481201171875,-113.61247253418
decentralized,20,40.0,42144368548,199808,-241.748123168945,128.7705078125
decentralized,20,40.0,42328917935,199808,-326.456146240234,-218.612228393555
decentralized,20,40.0,42513467322,199808,-323.854064941406,-83.8201751708984
decentralized,20,40.0,42698016709,199808,-224.27033996582,-49.6011390686035
decentralized,20,40.0,42882566096,199808,-242.601058959961,0.78154611587524
decentralized,20,40.0,43067115483,199808,-225.630294799805,-200.314590454102
decentralized,20,40.0,43251664870,199808,-168.584136962891,33.6962242126465
decentralized,20,40.0,43436214257,199808,-158.780548095703,-251.864562988281
decentralized,20,40.0,43620763644,199808,-351.704406738281,-270.603118896484
decentralized,20,40.0,43805313031,199808,-99.3362121582031,-182.782592773438
decentralized,20,40.0,43989862418,199808,-263.774749755859,-287.417938232422
decentralized,20,40.0,44174411805,199808,-275.049774169922,-88.8734970092773
decentralized,20,40.0,40667973452,200113,-302.917572021484,-136.747863769531
decentralized,20,40.0,40852522839,200113,-260.00732421875,-206.276702880859
decentralized,20,40.0,41037072226,200113,-108.536262512207,-151.385726928711
decentralized,20,40.0,41221621613,200113,-286.189575195313,114.734992980957
decentralized,20,40.0,41406171000,200113,-268.415161132813,-72.7742385864258
decentralized,20,40.0,41590720387,200113,-264.852233886719,-112.1982421875
decentralized,20,40.0,41775269774,200113,-258.444732666016,3.3681058883667
decentralized,20,40.0,41959819161,200113,-235.389099121094,-124.042770385742
decentralized,20,40.0,42144368548,200113,-241.748123168945,128.7705078125
decentralized,20,40.0,42328917935,200113,-327.470886230469,-225.21858215332
decentralized,20,40.0,42513467322,200113,-336.121368408203,-94.8753356933594
decentralized,20,40.0,42698016709,200113,-210.207336425781,-57.2643661499023
decentralized,20,40.0,42882566096,200113,-240.242218017578,17.026798248291
decentralized,20,40.0,43067115483,200113,-219.774322509766,-187.460800170898
decentralized,20,40.0,43251664870,200113,-168.447692871094,35.2318344116211
decentralized,20,40.0,43436214257,200113,-151.942718505859,-251.864562988281
decentralized,20,40.0,43620763644,200113,-351.704406738281,-277.440948486328
decentralized,20,40.0,43805313031,200113,-92.4983749389648,-182.782592773438
decentralized,20,40.0,43989862418,200113,-263.774749755859,-287.417938232422
decentralized,20,40.0,44174411805,200113,-266.733184814453,-74.9599685668945
decentralized,20,40.0,40667973452,200416,-314.205932617188,-150.406356811523
decentralized,20,40.0,40852522839,200416,-261.793731689453,-199.18994140625
decentralized,20,40.0,41037072226,200416,-108.536262512207,-158.293609619141
decentralized,20,40.0,41221621613,200416,-286.189575195313,107.827110290527
decentralized,20,40.0,41406171000,200416,-251.229385375977,-64.3511428833008
decentralized,20,40.0,41590720387,200416,-249.472961425781,-115.857749938965
decentralized,20,40.0,41775269774,200416,-254.993255615234,2.12819337844849
decentralized,20,40.0,41959819161,200416,-249.278564453125,-116.697723388672
decentralized,20,40.0,42144368548,200416,-241.748123168945,135.67839050293
decentralized,20,40.0,42328917935,200416,-327.470886230469,-232.12646484375
decentralized,20,40.0,42513467322,200416,-343.008117675781,-79.7321243286133
decentralized,20,40.0,42698016709,200416,-221.860641479492,-51.2484169006348
decentralized,20,40.0,42882566096,200416,-242.717758178711,0.40194380283356
decentralized,20,40.0,43067115483,200416,-226.155654907227,-202.253509521484
decentralized,20,40.0,43251664870,200416,-169.677230834961,30.6197929382324
decentralized,20,40.0,43436214257,200416,-145.03483581543,-251.864562988281
decentralized,20,40.0,43620763644,200416,-351.704406738281,-284.348846435547
decentralized,20,40.0,43805313031,200416,-85.5904922485352,-182.782592773438
decentralized,20,40.0,43989862418,200416,-263.774749755859,-294.325836181641
decentralized,20,40.0,44174411805,200416,-274.473419189453,-90.3208923339844
decentralized,20,40.0,40667973452,200702,-305.660278320313,-136.77815246582
decentralized,20,40.0,40852522839,200702,-260.759552001953,-205.677536010742
decentralized,20,40.0,41037072226,200702,-102.344413757324,-158.293609619141
decentralized,20,40.0,41221621613,200702,-286.541076660156,113.907073974609
decentralized,20,40.0,41406171000,200702,-271.939880371094,-69.550651550293
decentralized,20,40.0,41590720387,200702,-265.934143066406,-112.444839477539
decentralized,20,40.0,41775269774,200702,-258.549102783203,3.30434203147888
decentralized,20,40.0,41959819161,200702,-235.513153076172,-126.70866394043
decentralized,20,40.0,42144368548,200702,-241.748123168945,141.870239257813
decentralized,20,40.0,42328917935,200702,-327.470886230469,-238.318313598633
decentralized,20,40.0,42513467322,200702,-325.672241210938,-67.0931243896484
decentralized,20,40.0,42698016709,200702,-211.13102722168,-57.8035888671875
decentralized,20,40.0,42882566096,200702,-243.860916137695,17.1594867706299
decentralized,20,40.0,43067115483,200702,-223.193389892578,-218.150573730469
decentralized,20,40.0,43251664870,200702,-168.434066772461,35.1973838806152
decentralized,20,40.0,43436214257,200702,-138.842987060547,-251.864562988281
decentralized,20,40.0,43620763644,200702,-351.704406738281,-290.540710449219
decentralized,20,40.0,43805313031,200702,-79.3986434936523,-182.782592773438
decentralized,20,40.0,43989862418,200702,-261.022613525391,-296.792175292969
decentralized,20,40.0,44174411805,200702,-280.638366699219,-105.511154174805
decentralized,20,40.0,40667973452,200995,-310.572265625,-123.345153808594
decentralized,20,40.0,40852522839,200995,-263.228912353516,-199.134353637695
decentralized,20,40.0,41037072226,200995,-95.5657958984375,-158.293609619141
decentralized,20,40.0,41221621613,200995,-286.541076660156,120.685691833496
decentralized,20,40.0,41406171000,200995,-290.257720947266,-68.0703887939453
decentralized,20,40.0,41590720387,200995,-264.508453369141,-96.2626037597656
decentralized,20,40.0,41775269774,200995,-254.979919433594,2.16601181030273
decentralized,20,40.0,41959819161,200995,-252.268630981445,-125.687393188477
decentralized,20,40.0,42144368548,200995,-241.748123168945,148.648849487305
decentralized,20,40.0,42328917935,200995,-327.470886230469,-245.096923828125
decentralized,20,40.0,42513467322,200995,-321.116394042969,-84.4759292602539
decentralized,20,40.0,42698016709,200995,-221.818893432617,-51.3610725402832
decentralized,20,40.0,42882566096,200995,-241.947860717773,-0.96753466129303
decentralized,20,40.0,43067115483,200995,-227.821716308594,-208.498229980469
decentralized,20,40.0,43251664870,200995,-169.097991943359,31.4910583496094
decentralized,20,40.0,43436214257,200995,-132.064376831055,-251.864562988281
decentralized,20,40.0,43620763644,200995,-351.704406738281,-297.3193359375
decentralized,20,40.0,43805313031,200995,-72.6200256347656,-182.782592773438
decentralized,20,40.0,43989862418,200995,-254.244003295898,-296.792175292969
decentralized,20,40.0,44174411805,200995,-273.511260986328,-91.0689392089844
decentralized,20,40.0,40667973452,201278,-304.218048095703,-141.571166992188
decentralized,20,40.0,40852522839,201278,-260.732727050781,-205.430084228516
decentralized,20,40.0,41037072226,201278,-89.025260925293,-158.293609619141
decentralized,20,40.0,41221621613,201278,-279.969512939453,120.685691833496
decentralized,20,40.0,41406171000,201278,-304.569183349609,-80.1597061157227
decentralized,20,40.0,41590720387,201278,-271.746734619141,-118.386108398438
decentralized,20,40.0,41775269774,201278,-258.508117675781,2.87331938743591
decentralized,20,40.0,41959819161,201278,-237.542739868164,-132.139343261719
decentralized,20,40.0,42144368548,201278,-241.748123168945,142.108322143555
decentralized,20,40.0,42328917935,201278,-327.470886230469,-251.637451171875
decentralized,20,40.0,42513467322,201278,-325.304779052734,-67.2021484375
decentralized,20,40.0,42698016709,201278,-211.446960449219,-53.8805236816406
decentralized,20,40.0,42882566096,201278,-252.625595092773,-14.0647268295288
decentralized,20,40.0,43067115483,201278,-220.90559387207,-221.456787109375
decentralized,20,40.0,43251664870,201278,-170.857360839844,30.3388423919678
decentralized,20,40.0,43436214257,201278,-125.52384185791,-251.864562988281
decentralized,20,40.0,43620763644,201278,-345.163879394531,-297.3193359375
decentralized,20,40.0,43805313031,201278,-66.0794906616211,-182.782592773438
decentralized,20,40.0,43989862418,201278,-247.703475952148,-296.792175292969
decentralized,20,40.0,44174411805,201278,-277.623687744141,-109.944496154785
decentralized,20,40.0,40667973452,201543,-289.418762207031,-156.598815917969
decentralized,20,40.0,40852522839,201543,-260.493743896484,-198.950012207031
decentralized,20,40.0,41037072226,201543,-82.4277267456055,-158.293609619141
decentralized,20,40.0,41221621613,201543,-279.969512939453,120.685691833496
decentralized,20,40.0,41406171000,201543,-288.633514404297,-76.4725494384766
decentralized,20,40.0,41590720387,201543,-264.869598388672,-99.9023590087891
decentralized,20,40.0,41775269774,201543,-256.383850097656,1.93652260303497
decentralized,20,40.0,41959819161,201543,-252.853240966797,-127.619522094727
decentralized,20,40.0,42144368548,201543,-241.748123168945,135.510787963867
decentralized,20,40.0,42328917935,201543,-327.470886230469,-258.234985351563
decentralized,20,40.0,42513467322,201543,-322.635314941406,-50.8820838928223
decentralized,20,40.0,42698016709,201543,-221.659927368164,-51.524040222168
decentralized,20,40.0,42882566096,201543,-242.813003540039,-3.03743982315063
decentralized,20,40.0,43067115483,201543,-230.69660949707,-213.174041748047
decentralized,20,40.0,43251664870,201543,-173.393951416016,33.0091819763184
decentralized,20,40.0,43436214257,201543,-118.926307678223,-251.864562988281
decentralized,20,40.0,43620763644,201543,-345.163879394531,-297.3193359375
decentralized,20,40.0,43805313031,201543,-59.4819564819336,-182.782592773438
decentralized,20,40.0,43989862418,201543,-241.105941772461,-296.792175292969
decentralized,20,40.0,44174411805,201543,-266.242248535156,-97.9168472290039
decentralized,20,40.0,40667973452,201797,-300.894592285156,-143.904876708984
decentralized,20,40.0,40852522839,201797,-259.110015869141,-207.274047851563
decentralized,20,40.0,41037072226,201797,-75.7398300170898,-158.293609619141
decentralized,20,40.0,41221621613,201797,-279.969512939453,127.373588562012
decentralized,20,40.0,41406171000,201797,-303.250610351563,-82.180908203125
decentralized,20,40.0,41590720387,201797,-267.365417480469,-118.084823608398
decentralized,20,40.0,41775269774,201797,-258.587463378906,3.10467004776001
decentralized,20,40.0,41959819161,201797,-240.279708862305,-135.821151733398
decentralized,20,40.0,42144368548,201797,-235.06022644043,135.510787963867
decentralized,20,40.0,42328917935,201797,-325.884552001953,-262.009796142578
decentralized,20,40.0,42513467322,201797,-324.032409667969,-67.3340225219727
decentralized,20,40.0,42698016709,201797,-210.25700378418,-58.8024444580078
decentralized,20,40.0,42882566096,201797,-250.15119934082,-12.6200313568115
decentralized,20,40.0,43067115483,201797,-233.017532348633,-215.360275268555
decentralized,20,40.0,43251664870,201797,-170.748413085938,30.3198337554932
decentralized,20,40.0,43436214257,201797,-112.238410949707,-251.864562988281
decentralized,20,40.0,43620763644,201797,-345.163879394531,-290.631439208984
decentralized,20,40.0,43805313031,201797,-52.7940559387207,-182.782592773438
decentralized,20,40.0,43989862418,201797,-234.418045043945,-296.792175292969
decentralized,20,40.0,44174411805,201797,-263.477233886719,-77.9957427978516
decentralized,20,40.0,40667973452,202043,-304.577301025391,-162.488128662109
decentralized,20,40.0,40852522839,202043,-262.260711669922,-197.512023925781
decentralized,20,40.0,41037072226,202043,-69.2924499511719,-158.293609619141
decentralized,20,40.0,41221621613,202043,-279.969512939453,133.82096862793
decentralized,20,40.0,41406171000,202043,-288.447906494141,-79.0590133666992
decentralized,20,40.0,41590720387,202043,-253.199859619141,-126.168914794922
decentralized,20,40.0,41775269774,202043,-255.408065795898,2.28793859481812
decentralized,20,40.0,41959819161,202043,-255.825286865234,-133.062423706055
decentralized,20,40.0,42144368548,202043,-228.612838745117,135.510787963867
decentralized,20,40.0,42328917935,202043,-325.884552001953,-268.457183837891
decentralized,20,40.0,42513467322,202043,-317.462158203125,-53.7522888183594
decentralized,20,40.0,42698016709,202043,-224.790115356445,-58.0232696533203
decentralized,20,40.0,42882566096,202043,-243.100921630859,-4.31084203720093
decentralized,20,40.0,43067115483,202043,-232.681930541992,-215.875793457031
decentralized,20,40.0,43251664870,202043,-170.657485961914,36.9013595581055
decentralized,20,40.0,43436214257,202043,-105.791030883789,-251.864562988281
decentralized,20,40.0,43620763644,202043,-343.962982177734,-296.079742431641
decentralized,20,40.0,43805313031,202043,-46.3466720581055,-182.782592773438
decentralized,20,40.0,43989862418,202043,-227.970657348633,-296.792175292969
decentralized,20,40.0,44174411805,202043,-248.402542114258,-66.9898834228516
decentralized,20,40.0,40667973452,202275,-288.432434082031,-173.086273193359
decentralized,20,40.0,40852522839,202275,-259.460601806641,-206.349365234375
decentralized,20,40.0,41037072226,202275,-62.6865005493164,-158.293609619141
decentralized,20,40.0,41221621613,202275,-279.969512939453,140.42692565918
decentralized,20,40.0,41406171000,202275,-302.898040771484,-82.6203918457031
decentralized,20,40.0,41590720387,202275,-239.792694091797,-136.16943359375
decentralized,20,40.0,41775269774,202275,-259.224304199219,3.03783893585205
decentralized,20,40.0,41959819161,202275,-240.37287902832,-138.092361450195
decentralized,20,40.0,42144368548,202275,-222.006881713867,135.510787963867
decentralized,20,40.0,42328917935,202275,-326.727142333984,-262.526458740234
decentralized,20,40.0,42513467322,202275,-324.202239990234,-67.5427627563477
decentralized,20,40.0,42698016709,202275,-210.019882202148,-62.0969047546387
decentralized,20,40.0,42882566096,202275,-248.74951171875,-13.2600269317627
decentralized,20,40.0,43067115483,202275,-233.829696655273,-216.521133422852
decentralized,20,40.0,43251664870,202275,-170.657485961914,43.5073089599609
decentralized,20,40.0,43436214257,202275,-99.1850814819336,-251.864562988281
decentralized,20,40.0,43620763644,202275,-343.962982177734,-302.685699462891
decentralized,20,40.0,43805313031,202275,-39.74072265625,-182.782592773438
decentralized,20,40.0,43989862418,202275,-227.970657348633,-296.792175292969
decentralized,20,40.0,44174411805,202275,-245.708190917969,-49.4584884643555
decentralized,20,40.0,40667973452,202516,-286.361663818359,-157.344314575195
decentralized,20,40.0,40852522839,202516,-262.552612304688,-196.999740600586
decentralized,20,40.0,41037072226,202516,-56.019832611084,-158.293609619141
decentralized,20,40.0,41221621613,202516,-279.969512939453,147.093597412109
decentralized,20,40.0,41406171000,202516,-286.088745117188,-88.9011001586914
decentralized,20,40.0,41590720387,202516,-255.939636230469,-132.562225341797
decentralized,20,40.0,41775269774,202516,-255.229248046875,2.28535127639771
decentralized,20,40.0,41959819161,202516,-257.446380615234,-135.804260253906
decentralized,20,40.0,42144368548,202516,-215.340209960938,135.510787963867
decentralized,20,40.0,42328917935,202516,-326.556457519531,-268.662353515625
decentralized,20,40.0,42513467322,202516,-314.948364257813,-54.4308242797852
decentralized,20,40.0,42698016709,202516,-215.371978759766,-58.7648773193359
decentralized,20,40.0,42882566096,202516,-242.677108764648,-5.15613222122192
decentralized,20,40.0,43067115483,202516,-234.397201538086,-219.608047485352
decentralized,20,40.0,43251664870,202516,-163.990814208984,43.5073089599609
decentralized,20,40.0,43436214257,202516,-92.5184173583984,-251.864562988281
decentralized,20,40.0,43620763644,202516,-343.962982177734,-309.352355957031
decentralized,20,40.0,43805313031,202516,-33.0740547180176,-182.782592773438
decentralized,20,40.0,43989862418,202516,-227.970657348633,-290.125518798828
decentralized,20,40.0,44174411805,202516,-246.351974487305,-68.1858291625977
decentralized,20,40.0,40667973452,202751,-297.145355224609,-143.395538330078
decentralized,20,40.0,40852522839,202751,-258.720977783203,-206.435180664063
decentralized,20,40.0,41037072226,202751,-49.3350677490234,-158.293609619141
decentralized,20,40.0,41221621613,202751,-279.997131347656,140.479431152344
decentralized,20,40.0,41406171000,202751,-269.695373535156,-76.7747116088867
decentralized,20,40.0,41590720387,202751,-239.360275268555,-133.775527954102
decentralized,20,40.0,41775269774,202751,-258.893890380859,2.97091364860535
decentralized,20,40.0,41959819161,202751,-269.343383789063,-146.527389526367
decentralized,20,40.0,42144368548,202751,-208.65544128418,135.510787963867
decentralized,20,40.0,42328917935,202751,-326.556457519531,-275.347106933594
decentralized,20,40.0,42513467322,202751,-321.985565185547,-68.369255065918
decentralized,20,40.0,42698016709,202751,-212.031127929688,-50.685619354248
decentralized,20,40.0,42882566096,202751,-249.191360473633,-12.6800413131714
decentralized,20,40.0,43067115483,202751,-235.276275634766,-217.619873046875
decentralized,20,40.0,43251664870,202751,-165.487838745117,46.678825378418
decentralized,20,40.0,43436214257,202751,-85.8336486816406,-251.864562988281
decentralized,20,40.0,43620763644,202751,-343.962982177734,-316.037109375
decentralized,20,40.0,43805313031,202751,-26.3892879486084,-182.782592773438
decentralized,20,40.0,43989862418,202751,-227.309173583984,-297.40380859375
decentralized,20,40.0,44174411805,202751,-246.465560913086,-50.1125984191895
decentralized,20,40.0,40667973452,202978,-299.368835449219,-129.912811279297
decentralized,20,40.0,40852522839,202978,-267.533874511719,-199.271743774414
decentralized,20,40.0,41037072226,202978,-42.2517356872559,-158.293609619141
decentralized,20,40.0,41221621613,202978,-279.997131347656,147.562759399414
decentralized,20,40.0,41406171000,202978,-279.867340087891,-94.3211517333984
decentralized,20,40.0,41590720387,202978,-256.014862060547,-134.587600708008
decentralized,20,40.0,41775269774,202978,-255.526901245117,2.85269808769226
decentralized,20,40.0,41959819161,202978,-257.454895019531,-135.905609130859
decentralized,20,40.0,42144368548,202978,-201.572113037109,135.510787963867
decentralized,20,40.0,42328917935,202978,-326.431701660156,-282.056671142578
decentralized,20,40.0,42513467322,202978,-313.970306396484,-58.2477149963379
decentralized,20,40.0,42698016709,202978,-215.935089111328,-58.7774963378906
decentralized,20,40.0,42882566096,202978,-241.655288696289,-4.53310871124268
decentralized,20,40.0,43067115483,202978,-235.489715576172,-221.100006103516
decentralized,20,40.0,43251664870,202978,-165.487838745117,53.7621574401855
decentralized,20,40.0,43436214257,202978,-78.7503128051758,-251.864562988281
decentralized,20,40.0,43620763644,202978,-343.962982177734,-323.120452880859
decentralized,20,40.0,43805313031,202978,-19.3059539794922,-182.782592773438
decentralized,20,40.0,43989862418,202978,-227.309173583984,-304.487152099609
decentralized,20,40.0,44174411805,202978,-260.615875244141,-58.8072776794434
decentralized,20,40.0,40667973452,203186,-302.921051025391,-146.776214599609
decentralized,20,40.0,40852522839,203186,-258.611114501953,-206.771545410156
decentralized,20,40.0,41037072226,203186,-42.2517356872559,-158.293609619141
decentralized,20,40.0,41221621613,203186,-279.997131347656,154.266830444336
decentralized,20,40.0,41406171000,203186,-260.997406005859,-83.8516616821289
decentralized,20,40.0,41590720387,203186,-241.161437988281,-144.116424560547
decentralized,20,40.0,41775269774,203186,-258.715850830078,3.05121660232544
decentralized,20,40.0,41959819161,203186,-271.022979736328,-146.235122680664
decentralized,20,40.0,42144368548,203186,-194.868041992188,135.510787963867
decentralized,20,40.0,42328917935,203186,-326.431701660156,-288.7607421875
decentralized,20,40.0,42513467322,203186,-315.884368896484,-70.5675201416016
decentralized,20,40.0,42698016709,203186,-211.444564819336,-49.5664672851563
decentralized,20,40.0,42882566096,203186,-249.084884643555,-13.1705179214478
decentralized,20,40.0,43067115483,203186,-235.23828125,-216.644287109375
decentralized,20,40.0,43251664870,203186,-165.487838745117,60.4662246704102
decentralized,20,40.0,43436214257,203186,-72.0462493896484,-251.864562988281
decentralized,20,40.0,43620763644,203186,-343.962982177734,-329.824523925781
decentralized,20,40.0,43805313031,203186,-19.2355480194092,-183.235961914063
decentralized,20,40.0,43989862418,203186,-226.946807861328,-310.682586669922
decentralized,20,40.0,44174411805,203186,-279.950012207031,-44.8775520324707
decentralized,20,40.0,40667973452,203392,-300.520538330078,-129.929397583008
decentralized,20,40.0,40852522839,203392,-270.058746337891,-203.254043579102
decentralized,20,40.0,41037072226,203392,-42.2517356872559,-164.870407104492
decentralized,20,40.0,41221621613,203392,-273.420318603516,154.266830444336
decentralized,20,40.0,41406171000,203392,-270.021209716797,-97.2584762573242
decentralized,20,40.0,41590720387,203392,-253.436157226563,-135.778442382813
decentralized,20,40.0,41775269774,203392,-253.38671875,1.77688181400299
decentralized,20,40.0,41959819161,203392,-255.195755004883,-136.295684814453
decentralized,20,40.0,42144368548,203392,-188.291244506836,135.510787963867
decentralized,20,40.0,42328917935,203392,-327.739929199219,-281.978912353516
decentralized,20,40.0,42513467322,203392,-311.638275146484,-59.985294342041
decentralized,20,40.0,42698016709,203392,-216.230590820313,-59.01953125
decentralized,20,40.0,42882566096,203392,-241.591567993164,-4.44657611846924
decentralized,20,40.0,43067115483,203392,-237.250381469727,-220.895431518555
decentralized,20,40.0,43251664870,203392,-165.487838745117,67.0430221557617
decentralized,20,40.0,43436214257,203392,-65.4694519042969,-251.864562988281
decentralized,20,40.0,43620763644,203392,-343.962982177734,-336.401336669922
decentralized,20,40.0,43805313031,203392,-19.2355480194092,-189.812759399414
decentralized,20,40.0,43989862418,203392,-226.390594482422,-308.237365722656
decentralized,20,40.0,44174411805,203392,-291.42138671875,-40.2348022460938
decentralized,20,40.0,40667973452,203593,-305.957946777344,-145.369537353516
decentralized,20,40.0,40852522839,203593,-258.977447509766,-206.667587280273
decentralized,20,40.0,41037072226,203593,-42.0799255371094,-169.355804443359
decentralized,20,40.0,41221621613,203593,-266.996154785156,154.266830444336
decentralized,20,40.0,41406171000,203593,-263.078369140625,-84.7192916870117
decentralized,20,40.0,41590720387,203593,-239.40966796875,-147.495956420898
decentralized,20,40.0,41775269774,203593,-258.641052246094,3.14489936828613
decentralized,20,40.0,41959819161,203593,-264.060699462891,-151.800903320313
decentralized,20,40.0,42144368548,203593,-181.867095947266,135.510787963867
decentralized,20,40.0,42328917935,203593,-327.739929199219,-288.403076171875
decentralized,20,40.0,42513467322,203593,-315.533782958984,-70.8341369628906
decentralized,20,40.0,42698016709,203593,-210.926895141602,-49.3477821350098
decentralized,20,40.0,42882566096,203593,-249.040328979492,-13.5320529937744
decentralized,20,40.0,43067115483,203593,-242.493835449219,-213.459213256836
decentralized,20,40.0,43251664870,203593,-165.487838745117,60.6188735961914
decentralized,20,40.0,43436214257,203593,-59.0453033447266,-251.864562988281
decentralized,20,40.0,43620763644,203593,-343.962982177734,-342.825500488281
decentralized,20,40.0,43805313031,203593,-19.2355480194092,-196.236907958984
decentralized,20,40.0,43989862418,203593,-224.97705078125,-310.835418701172
decentralized,20,40.0,44174411805,203593,-280.00634765625,-45.4965286254883
decentralized,20,40.0,40667973452,203791,-301.029205322266,-130.045227050781
decentralized,20,40.0,40852522839,203791,-268.78271484375,-205.09407043457
decentralized,20,40.0,41037072226,203791,-42.0799255371094,-162.50358581543
decentralized,20,40.0,41221621613,203791,-260.143951416016,154.266830444336
decentralized,20,40.0,41406171000,203791,-271.490814208984,-99.8994369506836
decentralized,20,40.0,41590720387,203791,-251.384521484375,-139.549575805664
decentralized,20,40.0,41775269774,203791,-252.773742675781,2.08152318000793
decentralized,20,40.0,41959819161,203791,-257.684875488281,-137.044815063477
decentralized,20,40.0,42144368548,203791,-181.867095947266,135.510787963867
decentralized,20,40.0,42328917935,203791,-327.715667724609,-295.137329101563
decentralized,20,40.0,42513467322,203791,-316.895324707031,-54.8951377868652
decentralized,20,40.0,42698016709,203791,-215.91845703125,-59.1247406005859
decentralized,20,40.0,42882566096,203791,-243.894897460938,-2.98758292198181
decentralized,20,40.0,43067115483,203791,-238.638198852539,-221.964462280273
decentralized,20,40.0,43251664870,203791,-165.487838745117,53.7666549682617
decentralized,20,40.0,43436214257,203791,-52.1930847167969,-251.864562988281
decentralized,20,40.0,43620763644,203791,-343.962982177734,-349.677703857422
decentralized,20,40.0,43805313031,203791,-19.2355480194092,-203.089126586914
decentralized,20,40.0,43989862418,203791,-224.275314331055,-309.175170898438
decentralized,20,40.0,44174411805,203791,-291.935516357422,-39.468936920166
decentralized,20,40.0,40667973452,203988,-304.125885009766,-110.519256591797
decentralized,20,40.0,40852522839,203988,-258.899597167969,-206.521728515625
decentralized,20,40.0,41037072226,203988,-42.0799255371094,-155.773422241211
decentralized,20,40.0,41221621613,203988,-260.143951416016,154.266830444336
decentralized,20,40.0,41406171000,203988,-266.995391845703,-84.2946319580078
decentralized,20,40.0,41590720387,203988,-239.484222412109,-147.588287353516
decentralized,20,40.0,41775269774,203988,-257.848022460938,4.98745441436768
decentralized,20,40.0,41959819161,203988,-271.676300048828,-148.079971313477
decentralized,20,40.0,42144368548,203988,-181.867095947266,142.240951538086
decentralized,20,40.0,42328917935,203988,-327.190612792969,-288.554779052734
decentralized,20,40.0,42513467322,203988,-313.189819335938,-70.3337936401367
decentralized,20,40.0,42698016709,203988,-213.846908569336,-49.1120910644531
decentralized,20,40.0,42882566096,203988,-250.228942871094,-13.777193069458
decentralized,20,40.0,43067115483,203988,-242.216522216797,-213.222595214844
decentralized,20,40.0,43251664870,203988,-158.757675170898,53.7666549682617
decentralized,20,40.0,43436214257,203988,-45.4629173278809,-251.864562988281
decentralized,20,40.0,43620763644,203988,-343.962982177734,-356.407867431641
decentralized,20,40.0,43805313031,203988,-19.2355480194092,-209.819290161133
decentralized,20,40.0,43989862418,203988,-224.275314331055,-302.445007324219
decentralized,20,40.0,44174411805,203988,-279.854583740234,-45.3894729614258
decentralized,20,40.0,40667973452,204173,-310.954620361328,-126.880729675293
decentralized,20,40.0,40852522839,204174,-274.73974609375,-202.509323120117
decentralized,20,40.0,41037072226,204174,-42.0799255371094,-149.106750488281
decentralized,20,40.0,41221621613,204174,-260.143951416016,155.308502197266
decentralized,20,40.0,41406171000,204174,-273.603240966797,-99.1802673339844
decentralized,20,40.0,41590720387,204174,-250.224182128906,-143.040878295898
decentralized,20,40.0,41775269774,204174,-252.965362548828,2.04186534881592
decentralized,20,40.0,41959819161,204174,-256.936218261719,-138.229446411133
decentralized,20,40.0,42144368548,204174,-181.867095947266,148.907623291016
decentralized,20,40.0,42328917935,204174,-324.626617431641,-289.293487548828
decentralized,20,40.0,42513467322,204174,-318.617553710938,-56.7169494628906
decentralized,20,40.0,42698016709,204174,-215.226654052734,-59.410083770752
decentralized,20,40.0,42882566096,204174,-242.024642944336,-2.66135287284851
decentralized,20,40.0,43067115483,204174,-239.003112792969,-222.461669921875
decentralized,20,40.0,43251664870,204174,-152.091003417969,53.7666549682617
decentralized,20,40.0,43436214257,204174,-38.7962493896484,-251.864562988281
decentralized,20,40.0,43620763644,204174,-343.962982177734,-363.074523925781
decentralized,20,40.0,43805313031,204174,-12.5688810348511,-209.819290161133
decentralized,20,40.0,43989862418,204174,-217.608642578125,-302.445007324219
decentralized,20,40.0,44174411805,204174,-291.472015380859,-39.0224723815918
decentralized,20,40.0,40667973452,204370,-309.334259033203,-109.016181945801
decentralized,20,40.0,40852522839,204370,-257.705749511719,-206.509338378906
decentralized,20,40.0,41037072226,204370,-35.413257598877,-149.106750488281
decentralized,20,40.0,41221621613,204370,-260.143951416016,148.641830444336
decentralized,20,40.0,41406171000,204370,-263.649353027344,-88.5224075317383
decentralized,20,40.0,41590720387,204370,-239.116027832031,-146.98518371582
decentralized,20,40.0,41775269774,204370,-258.879150390625,2.22817921638489
decentralized,20,40.0,41959819161,204370,-269.763549804688,-150.693618774414
decentralized,20,40.0,42144368548,204370,-175.200424194336,148.907623291016
decentralized,20,40.0,42328917935,204370,-325.854370117188,-294.652679443359
decentralized,20,40.0,42513467322,204370,-310.686889648438,-72.0873718261719
decentralized,20,40.0,42698016709,204370,-213.301086425781,-49.4177856445313
decentralized,20,40.0,42882566096,204370,-249.753921508789,-16.9814701080322
decentralized,20,40.0,43067115483,204370,-239.80256652832,-214.419631958008
decentralized,20,40.0,43251664870,204370,-145.424331665039,53.7666549682617
decentralized,20,40.0,43436214257,204370,-32.129581451416,-251.864562988281
decentralized,20,40.0,43620763644,204370,-343.962982177734,-369.741180419922
decentralized,20,40.0,43805313031,204370,-5.90221405029297,-209.819290161133
decentralized,20,40.0,43989862418,204370,-210.941970825195,-302.445007324219
decentralized,20,40.0,44174411805,204370,-279.016754150391,-44.8266296386719
decentralized,20,40.0,40667973452,204553,-315.2958984375,-93.9237518310547
decentralized,20,40.0,40852522839,204553,-259.757934570313,-231.148696899414
decentralized,20,40.0,41037072226,204553,-35.413257598877,-149.106750488281
decentralized,20,40.0,41221621613,204553,-260.490966796875,144.483474731445
decentralized,20,40.0,41406171000,204553,-272.043762207031,-99.8786697387695
decentralized,20,40.0,41590720387,204553,-250.320587158203,-142.970336914063
decentralized,20,40.0,41775269774,204553,-253.372589111328,2.03082609176636
decentralized,20,40.0,41959819161,204553,-254.430847167969,-142.324462890625
decentralized,20,40.0,42144368548,204553,-168.268814086914,148.907623291016
decentralized,20,40.0,42328917935,204553,-326.900909423828,-297.290069580078
decentralized,20,40.0,42513467322,204553,-290.330688476563,-75.8236846923828
decentralized,20,40.0,42698016709,204553,-216.914688110352,-60.957950592041
decentralized,20,40.0,42882566096,204553,-242.320922851563,-2.4344539642334
decentralized,20,40.0,43067115483,204553,-238.729873657227,-222.078216552734
decentralized,20,40.0,43251664870,204553,-145.424331665039,53.7666549682617
decentralized,20,40.0,43436214257,204553,-25.1979656219482,-251.864562988281
decentralized,20,40.0,43620763644,204553,-343.962982177734,-376.672790527344
decentralized,20,40.0,43805313031,204553,1.02940225601196,-209.819290161133
decentralized,20,40.0,43989862418,204553,-204.010360717773,-302.445007324219
decentralized,20,40.0,44174411805,204553,-291.438537597656,-39.1065139770508
decentralized,20,40.0,40667973452,204733,-301.981414794922,-107.638763427734
decentralized,20,40.0,40852522839,204733,-255.5908203125,-248.840530395508
decentralized,20,40.0,41037072226,204733,-35.413257598877,-155.610122680664
decentralized,20,40.0,41221621613,204733,-260.035278320313,148.699142456055
decentralized,20,40.0,41406171000,204733,-262.831237792969,-87.6505584716797
decentralized,20,40.0,41590720387,204733,-239.074172973633,-147.023315429688
decentralized,20,40.0,41775269774,204733,-259.156585693359,2.15737986564636
decentralized,20,40.0,41959819161,204733,-235.04850769043,-147.459930419922
decentralized,20,40.0,42144368548,204733,-168.518402099609,149.689865112305
decentralized,20,40.0,42328917935,204733,-326.900909423828,-303.793426513672
decentralized,20,40.0,42513467322,204733,-271.02978515625,-80.1147918701172
decentralized,20,40.0,42698016709,204733,-213.564712524414,-49.3656425476074
decentralized,20,40.0,42882566096,204733,-242.870132446289,13.4350166320801
decentralized,20,40.0,43067115483,204733,-239.897613525391,-214.428207397461
decentralized,20,40.0,43251664870,204733,-145.424331665039,58.3901405334473
decentralized,20,40.0,43436214257,204733,-18.6945991516113,-251.864562988281
decentralized,20,40.0,43620763644,204733,-337.459625244141,-376.672790527344
decentralized,20,40.0,43805313031,204733,7.53276872634888,-209.819290161133
decentralized,20,40.0,43989862418,204733,-197.506988525391,-302.445007324219
decentralized,20,40.0,44174411805,204733,-285.010925292969,-33.2413558959961
decentralized,20,40.0,40667973452,204927,-312.619323730469,-103.215950012207
decentralized,20,40.0,40852522839,204927,-260.370635986328,-235.589996337891
decentralized,20,40.0,41037072226,204927,-35.413257598877,-162.426773071289
decentralized,20,40.0,41221621613,204927,-260.035278320313,155.51579284668
decentralized,20,40.0,41406171000,204927,-272.716094970703,-103.502571105957
decentralized,20,40.0,41590720387,204927,-251.048324584961,-147.054550170898
decentralized,20,40.0,41775269774,204927,-253.818618774414,1.96732401847839
decentralized,20,40.0,41959819161,204927,-254.722854614258,-144.172943115234
decentralized,20,40.0,42144368548,204927,-168.518402099609,142.87321472168
decentralized,20,40.0,42328917935,204927,-326.900909423828,-310.610076904297
decentralized,20,40.0,42513467322,204927,-288.924224853516,-80.9375305175781
decentralized,20,40.0,42698016709,204927,-216.976623535156,-62.0589790344238
decentralized,20,40.0,42882566096,204927,-243.815536499023,-2.35820031166077
decentralized,20,40.0,43067115483,204927,-238.471710205078,-222.323059082031
decentralized,20,40.0,43251664870,204927,-145.446182250977,58.2790069580078
decentralized,20,40.0,43436214257,204927,-11.8779487609863,-251.864562988281
decentralized,20,40.0,43620763644,204927,-330.642974853516,-376.672790527344
decentralized,20,40.0,43805313031,204927,14.3494186401367,-209.819290161133
decentralized,20,40.0,43989862418,204927,-190.690338134766,-302.445007324219
decentralized,20,40.0,44174411805,204927,-289.064392089844,-40.3461456298828
decentralized,20,40.0,40667973452,205101,-303.436798095703,-110.267105102539
decentralized,20,40.0,40852522839,205101,-252.905319213867,-248.915405273438
decentralized,20,40.0,41037072226,205101,-35.1669425964355,-167.560577392578
decentralized,20,40.0,41221621613,205101,-260.035278320313,161.999893188477
decentralized,20,40.0,41406171000,205101,-263.990509033203,-90.3251724243164
decentralized,20,40.0,41590720387,205101,-255.744171142578,-160.18522644043
decentralized,20,40.0,41775269774,205101,-259.625671386719,2.17152047157288
decentralized,20,40.0,41959819161,205101,-260.755035400391,-159.465286254883
decentralized,20,40.0,42144368548,205101,-168.518402099609,136.389114379883
decentralized,20,40.0,42328917935,205101,-329.876617431641,-307.0947265625
decentralized,20,40.0,42513467322,205101,-274.207458496094,-83.3769302368164
decentralized,20,40.0,42698016709,205101,-214.27685546875,-49.7733268737793
decentralized,20,40.0,42882566096,205101,-241.549392700195,12.2628116607666
decentralized,20,40.0,43067115483,205101,-239.126754760742,-218.739212036133
decentralized,20,40.0,43251664870,205101,-145.446182250977,51.7949066162109
decentralized,20,40.0,43436214257,205101,-5.39384841918945,-251.864562988281
decentralized,20,40.0,43620763644,205101,-324.158874511719,-376.672790527344
decentralized,20,40.0,43805313031,205101,20.8335189819336,-209.819290161133
decentralized,20,40.0,43989862418,205101,-184.206237792969,-302.445007324219
decentralized,20,40.0,44174411805,205101,-284.961883544922,-32.6700439453125
decentralized,20,40.0,40667973452,205279,-314.850708007813,-102.455673217773
decentralized,20,40.0,40852522839,205279,-259.947052001953,-235.706680297852
decentralized,20,40.0,41037072226,205279,-35.1669425964355,-160.616134643555
decentralized,20,40.0,41221621613,205279,-260.035278320313,168.9443359375
decentralized,20,40.0,41406171000,205279,-271.554077148438,-105.477294921875
decentralized,20,40.0,41590720387,205279,-248.890869140625,-148.242736816406
decentralized,20,40.0,41775269774,205279,-253.797607421875,1.930579662323
decentralized,20,40.0,41959819161,205279,-270.235321044922,-175.23323059082
decentralized,20,40.0,42144368548,205279,-168.518402099609,143.333557128906
decentralized,20,40.0,42328917935,205279,-329.028228759766,-314.431762695313
decentralized,20,40.0,42513467322,205279,-289.504791259766,-82.5493087768555
decentralized,20,40.0,42698016709,205279,-215.733139038086,-61.2276992797852
decentralized,20,40.0,42882566096,205279,-244.359176635742,-1.81173324584961
decentralized,20,40.0,43067115483,205279,-239.167526245117,-222.926986694336
decentralized,20,40.0,43251664870,205279,-145.446182250977,44.8504638671875
decentralized,20,40.0,43436214257,205279,1.55059623718262,-251.864562988281
decentralized,20,40.0,43620763644,205279,-317.214416503906,-376.672790527344
decentralized,20,40.0,43805313031,205279,27.7779636383057,-209.819290161133
decentralized,20,40.0,43989862418,205279,-177.261795043945,-302.445007324219
decentralized,20,40.0,44174411805,205279,-286.590698242188,-41.1718711853027
decentralized,20,40.0,40667973452,205458,-305.634552001953,-112.667388916016
decentralized,20,40.0,40852522839,205459,-252.945007324219,-249.119262695313
decentralized,20,40.0,41037072226,205459,-35.1669425964355,-166.832534790039
decentralized,20,40.0,41221621613,205459,-260.035278320313,162.727935791016
decentralized,20,40.0,41406171000,205459,-264.687530517578,-90.1796035766602
decentralized,20,40.0,41590720387,205459,-255.143585205078,-166.943695068359
decentralized,20,40.0,41775269774,205459,-260.667633056641,2.07064414024353
decentralized,20,40.0,41959819161,205459,-254.952911376953,-167.283050537109
decentralized,20,40.0,42144368548,205459,-168.518402099609,149.549957275391
decentralized,20,40.0,42328917935,205459,-329.028228759766,-320.648162841797
decentralized,20,40.0,42513467322,205459,-271.676635742188,-85.0460739135742
decentralized,20,40.0,42698016709,205459,-214.346755981445,-49.7837066650391
decentralized,20,40.0,42882566096,205459,-241.678619384766,12.2998075485229
decentralized,20,40.0,43067115483,205459,-237.473587036133,-222.464080810547
decentralized,20,40.0,43251664870,205459,-145.446182250977,44.8504638671875
decentralized,20,40.0,43436214257,205459,1.55059623718262,-245.648162841797
decentralized,20,40.0,43620763644,205459,-310.998016357422,-376.672790527344
decentralized,20,40.0,43805313031,205459,33.9943695068359,-209.819290161133
decentralized,20,40.0,43989862418,205459,-171.045394897461,-302.445007324219
decentralized,20,40.0,44174411805,205459,-284.194213867188,-33.6865463256836
decentralized,20,40.0,40667973452,205637,-314.282653808594,-101.982147216797
decentralized,20,40.0,40852522839,205637,-264.539001464844,-247.331817626953
decentralized,20,40.0,41037072226,205637,-35.1669425964355,-160.293380737305
decentralized,20,40.0,41221621613,205637,-259.463012695313,157.563781738281
decentralized,20,40.0,41406171000,205637,-270.554412841797,-105.797653198242
decentralized,20,40.0,41590720387,205637,-245.494781494141,-154.01789855957
decentralized,20,40.0,41775269774,205637,-253.960632324219,2.00858378410339
decentralized,20,40.0,41959819161,205637,-244.920227050781,-154.770416259766
decentralized,20,40.0,42144368548,205637,-161.979248046875,149.549957275391
decentralized,20,40.0,42328917935,205637,-329.600952148438,-313.967346191406
decentralized,20,40.0,42513467322,205637,-288.975708007813,-86.7672119140625
decentralized,20,40.0,42698016709,205637,-215.330307006836,-61.0060348510742
decentralized,20,40.0,42882566096,205637,-246.428970336914,2.87834119796753
decentralized,20,40.0,43067115483,205637,-239.577758789063,-230.703460693359
decentralized,20,40.0,43251664870,205637,-145.446182250977,51.3896141052246
decentralized,20,40.0,43436214257,205637,2.04203844070435,-246.850708007813
decentralized,20,40.0,43620763644,205637,-304.458862304688,-376.672790527344
decentralized,20,40.0,43805313031,205637,40.533519744873,-209.819290161133
decentralized,20,40.0,43989862418,205637,-164.506240844727,-302.445007324219
decentralized,20,40.0,44174411805,205637,-287.395050048828,-40.7681579589844
decentralized,20,40.0,40667973452,205801,-305.706146240234,-112.817810058594
decentralized,20,40.0,40852522839,205801,-256.183349609375,-250.441436767578
decentralized,20,40.0,41037072226,205801,-34.8764495849609,-153.34130859375
decentralized,20,40.0,41221621613,205801,-259.202117919922,150.891250610352
decentralized,20,40.0,41406171000,205801,-268.963623046875,-126.58861541748
decentralized,20,40.0,41590720387,205801,-229.685470581055,-147.518615722656
decentralized,20,40.0,41775269774,205801,-261.615966796875,2.06803154945374
decentralized,20,40.0,41959819161,205801,-229.379592895508,-149.641052246094
decentralized,20,40.0,42144368548,205801,-154.743713378906,149.549957275391
decentralized,20,40.0,42328917935,205801,-329.600952148438,-321.202880859375
decentralized,20,40.0,42513467322,205801,-305.422546386719,-86.1272506713867
decentralized,20,40.0,42698016709,205801,-214.53108215332,-49.875301361084
decentralized,20,40.0,42882566096,205801,-242.454879760742,12.3559045791626
decentralized,20,40.0,43067115483,205801,-236.162643432617,-222.693725585938
decentralized,20,40.0,43251664870,205801,-145.446182250977,58.6251449584961
decentralized,20,40.0,43436214257,205801,2.04203844070435,-245.592971801758
decentralized,20,40.0,43620763644,205801,-297.223327636719,-376.672790527344
decentralized,20,40.0,43805313031,205801,47.7690505981445,-209.819290161133
decentralized,20,40.0,43989862418,205801,-157.270706176758,-302.445007324219
decentralized,20,40.0,44174411805,205801,-283.467956542969,-33.8352394104004
decentralized,20,40.0,40667973452,205967,-313.192810058594,-102.656692504883
decentralized,20,40.0,40852522839,205967,-263.708892822266,-250.079956054688
decentralized,20,40.0,41037072226,205967,-33.3119125366211,-163.657104492188
decentralized,20,40.0,41221621613,205967,-258.738494873047,157.902236938477
decentralized,20,40.0,41406171000,205967,-267.011932373047,-111.353233337402
decentralized,20,40.0,41590720387,205967,-234.460784912109,-135.049560546875
decentralized,20,40.0,41775269774,205967,-255.502899169922,3.11490392684937
decentralized,20,40.0,41959819161,205967,-244.135055541992,-154.665222167969
decentralized,20,40.0,42144368548,205967,-148.255569458008,149.549957275391
decentralized,20,40.0,42328917935,205967,-329.600952148438,-314.714721679688
decentralized,20,40.0,42513467322,205967,-315.672058105469,-100.236671447754
decentralized,20,40.0,42698016709,205967,-215.875091552734,-62.2801666259766
decentralized,20,40.0,42882566096,205967,-250.932083129883,13.5532836914063
decentralized,20,40.0,43067115483,205967,-240.015655517578,-230.40299987793
decentralized,20,40.0,43251664870,205967,-145.446182250977,65.1132965087891
decentralized,20,40.0,43436214257,205967,2.04203844070435,-238.331390380859
decentralized,20,40.0,43620763644,205967,-290.735168457031,-376.672790527344
decentralized,20,40.0,43805313031,205967,47.7690505981445,-203.331146240234
decentralized,20,40.0,43989862418,205967,-150.782562255859,-302.445007324219
decentralized,20,40.0,44174411805,205967,-285.165191650391,-39.0830116271973
decentralized,20,40.0,40667973452,206140,-303.880615234375,-113.347831726074
decentralized,20,40.0,40852522839,206140,-263.242462158203,-253.677703857422
decentralized,20,40.0,41037072226,206140,-32.9112930297852,-168.821151733398
decentralized,20,40.0,41221621613,206140,-258.738494873047,164.368667602539
decentralized,20,40.0,41406171000,206140,-272.394500732422,-126.728706359863
decentralized,20,40.0,41590720387,206140,-233.404815673828,-142.3330078125
decentralized,20,40.0,41775269774,206140,-261.760192871094,1.94385576248169
decentralized,20,40.0,41959819161,206140,-228.950942993164,-149.926498413086
decentralized,20,40.0,42144368548,206140,-141.789138793945,149.549957275391
decentralized,20,40.0,42328917935,206140,-329.600952148438,-308.248291015625
decentralized,20,40.0,42513467322,206140,-305.332153320313,-86.1035461425781
decentralized,20,40.0,42698016709,206140,-214.543914794922,-49.8651313781738
decentralized,20,40.0,42882566096,206140,-246.747024536133,15.2826337814331
decentralized,20,40.0,43067115483,206140,-236.24543762207,-223.326431274414
decentralized,20,40.0,43251664870,206140,-145.446182250977,71.5797271728516
decentralized,20,40.0,43436214257,206140,2.04203844070435,-238.331390380859
decentralized,20,40.0,43620763644,206140,-284.268737792969,-376.672790527344
decentralized,20,40.0,43805313031,206140,47.7690505981445,-196.864715576172
decentralized,20,40.0,43989862418,206140,-144.316131591797,-302.445007324219
decentralized,20,40.0,44174411805,206140,-283.068664550781,-33.9947052001953
decentralized,20,40.0,40667973452,206296,-311.87255859375,-103.663505554199
decentralized,20,40.0,40852522839,206296,-263.872650146484,-250.10481262207
decentralized,20,40.0,41037072226,206296,-32.9710426330566,-168.15202331543
decentralized,20,40.0,41221621613,206296,-252.151657104492,164.368667602539
decentralized,20,40.0,41406171000,206296,-266.919219970703,-111.550987243652
decentralized,20,40.0,41590720387,206296,-228.448837280273,-133.360916137695
decentralized,20,40.0,41775269774,206296,-260.466674804688,4.79325246810913
decentralized,20,40.0,41959819161,206296,-242.792816162109,-156.327087402344
decentralized,20,40.0,42144368548,206296,-135.202301025391,149.549957275391
decentralized,20,40.0,42328917935,206296,-331.230773925781,-311.351196289063
decentralized,20,40.0,42513467322,206296,-288.678619384766,-95.352294921875
decentralized,20,40.0,42698016709,206296,-216.213928222656,-63.1909332275391
decentralized,20,40.0,42882566096,206296,-250.864562988281,13.9647207260132
decentralized,20,40.0,43067115483,206296,-239.94987487793,-229.63249206543
decentralized,20,40.0,43251664870,206296,-145.446182250977,74.8988723754883
decentralized,20,40.0,43436214257,206296,8.62887191772461,-238.331390380859
decentralized,20,40.0,43620763644,206296,-277.681915283203,-376.672790527344
decentralized,20,40.0,43805313031,206296,47.7690505981445,-190.277877807617
decentralized,20,40.0,43989862418,206296,-137.729293823242,-302.445007324219
decentralized,20,40.0,44174411805,206296,-285.231536865234,-39.362419128418
decentralized,20,40.0,40667973452,206445,-301.954315185547,-114.293739318848
decentralized,20,40.0,40852522839,206445,-263.057556152344,-253.643524169922
decentralized,20,40.0,41037072226,206445,-33.5580368041992,-168.788986206055
decentralized,20,40.0,41221621613,206445,-245.207214355469,164.368667602539
decentralized,20,40.0,41406171000,206445,-268.353332519531,-130.355911254883
decentralized,20,40.0,41590720387,206445,-232.512191772461,-143.601760864258
decentralized,20,40.0,41775269774,206445,-261.933685302734,2.36061525344849
decentralized,20,40.0,41959819161,206445,-232.203094482422,-148.390808105469
decentralized,20,40.0,42144368548,206445,-128.257858276367,149.549957275391
decentralized,20,40.0,42328917935,206445,-332.846160888672,-317.652923583984
decentralized,20,40.0,42513467322,206445,-273.222747802734,-87.5716552734375
decentralized,20,40.0,42698016709,206445,-214.539688110352,-49.8928489685059
decentralized,20,40.0,42882566096,206445,-251.903732299805,19.034912109375
decentralized,20,40.0,43067115483,206445,-236.515899658203,-225.597091674805
decentralized,20,40.0,43251664870,206445,-145.446182250977,67.9544296264648
decentralized,20,40.0,43436214257,206445,15.5733165740967,-238.331390380859
decentralized,20,40.0,43620763644,206445,-270.737457275391,-376.672790527344
decentralized,20,40.0,43805313031,206445,49.5007591247559,-191.503021240234
decentralized,20,40.0,43989862418,206445,-130.784851074219,-302.445007324219
decentralized,20,40.0,44174411805,206445,-282.879058837891,-33.884651184082
decentralized,20,40.0,40667973452,206585,-310.765472412109,-104.260536193848
decentralized,20,40.0,40852522839,206585,-262.378143310547,-252.139694213867
decentralized,20,40.0,41037072226,206585,-33.5580368041992,-175.093704223633
decentralized,20,40.0,41221621613,206585,-238.902496337891,164.368667602539
decentralized,20,40.0,41406171000,206585,-259.622985839844,-146.411926269531
decentralized,20,40.0,41590720387,206585,-229.031478881836,-131.818069458008
decentralized,20,40.0,41775269774,206585,-260.525909423828,5.51918935775757
decentralized,20,40.0,41959819161,206585,-244.85546875,-156.326538085938
decentralized,20,40.0,42144368548,206585,-121.953132629395,149.549957275391
decentralized,20,40.0,42328917935,206585,-332.846160888672,-323.957641601563
decentralized,20,40.0,42513467322,206585,-288.555633544922,-83.0491714477539
decentralized,20,40.0,42698016709,206585,-216.144744873047,-63.0324554443359
decentralized,20,40.0,42882566096,206585,-251.1953125,14.3013210296631
decentralized,20,40.0,43067115483,206585,-236.611953735352,-231.457489013672
decentralized,20,40.0,43251664870,206585,-145.446182250977,61.6497077941895
decentralized,20,40.0,43436214257,206585,15.5733165740967,-232.026672363281
decentralized,20,40.0,43620763644,206585,-264.432739257813,-376.672790527344
decentralized,20,40.0,43805313031,206585,49.5007591247559,-197.807739257813
decentralized,20,40.0,43989862418,206585,-124.480125427246,-302.445007324219
decentralized,20,40.0,44174411805,206585,-285.409393310547,-39.3083419799805
decentralized,20,40.0,40667973452,206726,-302.484710693359,-115.540718078613
decentralized,20,40.0,40852522839,206726,-262.553863525391,-253.531707763672
decentralized,20,40.0,41037072226,206726,-26.6715030670166,-175.093704223633
decentralized,20,40.0,41221621613,206726,-232.015960693359,164.368667602539
decentralized,20,40.0,41406171000,206726,-271.842987060547,-154.620269775391
decentralized,20,40.0,41590720387,206726,-230.276596069336,-144.25666809082
decentralized,20,40.0,41775269774,206726,-262.090881347656,2.63197779655457
decentralized,20,40.0,41959819161,206726,-232.019134521484,-149.883331298828
decentralized,20,40.0,42144368548,206726,-115.066596984863,149.549957275391
decentralized,20,40.0,42328917935,206726,-333.280029296875,-326.966461181641
decentralized,20,40.0,42513467322,206726,-272.402801513672,-87.5756988525391
decentralized,20,40.0,42698016709,206726,-217.32958984375,-52.419002532959
decentralized,20,40.0,42882566096,206726,-251.926834106445,19.1566829681396
decentralized,20,40.0,43067115483,206726,-236.893112182617,-226.278533935547
decentralized,20,40.0,43251664870,206726,-145.347671508789,55.0592994689941
decentralized,20,40.0,43436214257,206726,15.5733165740967,-225.14013671875
decentralized,20,40.0,43620763644,206726,-257.546203613281,-376.672790527344
decentralized,20,40.0,43805313031,206726,48.0197982788086,-192.9033203125
decentralized,20,40.0,43989862418,206726,-117.593589782715,-302.445007324219
decentralized,20,40.0,44174411805,206726,-282.837005615234,-34.1851654052734
decentralized,20,40.0,40667973452,206867,-308.926605224609,-105.885246276855
decentralized,20,40.0,40852522839,206867,-262.408599853516,-252.181091308594
decentralized,20,40.0,41037072226,206867,-19.6799030303955,-175.093704223633
decentralized,20,40.0,41221621613,206867,-225.024353027344,164.368667602539
decentralized,20,40.0,41406171000,206867,-258.238311767578,-147.238952636719
decentralized,20,40.0,41590720387,206867,-228.483383178711,-132.669052124023
decentralized,20,40.0,41775269774,206867,-258.794769287109,4.64498519897461
decentralized,20,40.0,41959819161,206867,-239.591445922852,-161.662002563477
decentralized,20,40.0,42144368548,206867,-108.074996948242,149.549957275391
decentralized,20,40.0,42328917935,206867,-333.280029296875,-319.974853515625
decentralized,20,40.0,42513467322,206867,-288.307342529297,-84.3811340332031
decentralized,20,40.0,42698016709,206867,-215.468521118164,-64.7574310302734
decentralized,20,40.0,42882566096,206867,-251.926834106445,26.5857830047607
decentralized,20,40.0,43067115483,206867,-236.772186279297,-231.452774047852
decentralized,20,40.0,43251664870,206867,-144.994354248047,55.8848114013672
decentralized,20,40.0,43436214257,206867,15.5733165740967,-218.148529052734
decentralized,20,40.0,43620763644,206867,-250.554595947266,-376.672790527344
decentralized,20,40.0,43805313031,206867,48.0197982788086,-185.911712646484
decentralized,20,40.0,43989862418,206867,-110.601989746094,-302.445007324219
decentralized,20,40.0,44174411805,206867,-285.404541015625,-39.5400848388672
decentralized,20,40.0,40667973452,207014,-300.903869628906,-116.420440673828
decentralized,20,40.0,40852522839,207014,-261.826873779297,-256.243774414063
decentralized,20,40.0,41037072226,207014,-13.4633865356445,-175.093704223633
decentralized,20,40.0,41221621613,207014,-225.024353027344,164.368667602539
decentralized,20,40.0,41406171000,207014,-271.740356445313,-155.176940917969
decentralized,20,40.0,41590720387,207014,-227.786407470703,-149.178039550781
decentralized,20,40.0,41775269774,207014,-260.94091796875,4.60580492019653
decentralized,20,40.0,41959819161,207014,-229.475128173828,-151.419082641602
decentralized,20,40.0,42144368548,207014,-101.85848236084,149.549957275391
decentralized,20,40.0,42328917935,207014,-333.371490478516,-326.163482666016
decentralized,20,40.0,42513467322,207014,-272.941284179688,-90.8712005615234
decentralized,20,40.0,42698016709,207014,-218.11213684082,-50.982364654541
decentralized,20,40.0,42882566096,207014,-248.632934570313,23.3444156646729
decentralized,20,40.0,43067115483,207014,-236.404754638672,-226.097198486328
decentralized,20,40.0,43251664870,207014,-144.994354248047,62.1013259887695
decentralized,20,40.0,43436214257,207014,21.7898330688477,-218.148529052734
decentralized,20,40.0,43620763644,207014,-244.338073730469,-376.672790527344
decentralized,20,40.0,43805313031,207014,54.2363128662109,-185.911712646484
decentralized,20,40.0,43989862418,207014,-104.385475158691,-302.445007324219
decentralized,20,40.0,44174411805,207014,-282.7041015625,-34.2589988708496
decentralized,20,40.0,40667973452,207160,-306.801605224609,-104.690872192383
decentralized,20,40.0,40852522839,207160,-261.672546386719,-258.731384277344
decentralized,20,40.0,41037072226,207160,-6.46143674850464,-175.093704223633
decentralized,20,40.0,41221621613,207160,-225.024353027344,157.366714477539
decentralized,20,40.0,41406171000,207160,-255.014373779297,-149.395919799805
decentralized,20,40.0,41590720387,207160,-228.300048828125,-133.818603515625
decentralized,20,40.0,41775269774,207160,-261.766143798828,5.71028852462769
decentralized,20,40.0,41959819161,207160,-240.702346801758,-161.406463623047
decentralized,20,40.0,42144368548,207160,-94.8565292358398,149.549957275391
decentralized,20,40.0,42328917935,207160,-333.371490478516,-319.161529541016
decentralized,20,40.0,42513467322,207160,-286.432647705078,-101.007095336914
decentralized,20,40.0,42698016709,207160,-214.480972290039,-64.3841171264648
decentralized,20,40.0,42882566096,207160,-249.364669799805,30.645393371582
decentralized,20,40.0,43067115483,207160,-237.217575073242,-231.501251220703
decentralized,20,40.0,43251664870,207160,-144.994354248047,69.1032791137695
decentralized,20,40.0,43436214257,207160,28.7917823791504,-218.148529052734
decentralized,20,40.0,43620763644,207160,-237.336120605469,-376.672790527344
decentralized,20,40.0,43805313031,207160,54.2363128662109,-185.911712646484
decentralized,20,40.0,43989862418,207160,-97.3835220336914,-302.445007324219
decentralized,20,40.0,44174411805,207160,-286.950836181641,-45.4286689758301
decentralized,20,40.0,40667973452,207300,-302.299163818359,-117.30101776123
decentralized,20,40.0,40852522839,207300,-261.48193359375,-256.224822998047
decentralized,20,40.0,41037072226,207300,-0.21143674850464,-175.093704223633
decentralized,20,40.0,41221621613,207300,-225.024353027344,151.116714477539
decentralized,20,40.0,41406171000,207300,-268.776550292969,-158.073257446289
decentralized,20,40.0,41590720387,207300,-227.803955078125,-148.724151611328
decentralized,20,40.0,41775269774,207300,-260.972717285156,4.74048757553101
decentralized,20,40.0,41959819161,207300,-227.61962890625,-152.662963867188
decentralized,20,40.0,42144368548,207300,-88.6065292358398,149.549957275391
decentralized,20,40.0,42328917935,207300,-333.620025634766,-325.359100341797
decentralized,20,40.0,42513467322,207300,-273.6552734375,-89.6261672973633
decentralized,20,40.0,42698016709,207300,-216.338150024414,-50.820198059082
decentralized,20,40.0,42882566096,207300,-249.364669799805,36.895393371582
decentralized,20,40.0,43067115483,207300,-236.485946655273,-226.189193725586
decentralized,20,40.0,43251664870,207300,-144.994354248047,62.8532791137695
decentralized,20,40.0,43436214257,207300,35.0417823791504,-218.148529052734
decentralized,20,40.0,43620763644,207300,-231.086120605469,-376.672790527344
decentralized,20,40.0,43805313031,207300,54.312858581543,-190.803695678711
decentralized,20,40.0,43989862418,207300,-91.1335220336914,-302.445007324219
decentralized,20,40.0,44174411805,207300,-282.236083984375,-39.2607002258301
decentralized,20,40.0,40667973452,207422,-304.116790771484,-108.710754394531
decentralized,20,40.0,40852522839,207422,-260.9873046875,-262.859619140625
decentralized,20,40.0,41037072226,207422,6.96261310577393,-175.093704223633
decentralized,20,40.0,41221621613,207422,-225.024353027344,151.116714477539
decentralized,20,40.0,41406171000,207422,-254.997573852539,-149.102340698242
decentralized,20,40.0,41590720387,207422,-227.568359375,-134.332855224609
decentralized,20,40.0,41775269774,207422,-261.813873291016,5.97134113311768
decentralized,20,40.0,41959819161,207422,-240.731826782227,-161.402145385742
decentralized,20,40.0,42144368548,207422,-88.6065292358398,149.549957275391
decentralized,20,40.0,42328917935,207422,-330.63134765625,-321.246551513672
decentralized,20,40.0,42513467322,207422,-269.076202392578,-75.3147811889648
decentralized,20,40.0,42698016709,207422,-213.256805419922,-63.8466033935547
decentralized,20,40.0,42882566096,207422,-249.364669799805,44.0694427490234
decentralized,20,40.0,43067115483,207422,-236.970352172852,-231.537033081055
decentralized,20,40.0,43251664870,207422,-144.994354248047,55.6792297363281
decentralized,20,40.0,43436214257,207422,42.2158317565918,-218.148529052734
decentralized,20,40.0,43620763644,207422,-223.912063598633,-376.672790527344
decentralized,20,40.0,43805313031,207422,54.312858581543,-183.629638671875
decentralized,20,40.0,43989862418,207422,-83.95947265625,-302.445007324219
decentralized,20,40.0,44174411805,207422,-287.505798339844,-40.6231231689453
decentralized,20,40.0,40667973452,207561,-300.672210693359,-119.007919311523
decentralized,20,40.0,40852522839,207561,-260.234069824219,-260.233337402344
decentralized,20,40.0,41037072226,207561,13.2126131057739,-175.093704223633
decentralized,20,40.0,41221621613,207561,-224.786270141602,145.504302978516
decentralized,20,40.0,41406171000,207561,-265.885589599609,-160.709976196289
decentralized,20,40.0,41590720387,207561,-227.104797363281,-152.030120849609
decentralized,20,40.0,41775269774,207561,-261.575744628906,12.2382230758667
decentralized,20,40.0,41959819161,207561,-229.095184326172,-152.72477722168
decentralized,20,40.0,42144368548,207561,-88.6065292358398,155.799957275391
decentralized,20,40.0,42328917935,207561,-330.63134765625,-327.496551513672
decentralized,20,40.0,42513467322,207561,-273.107360839844,-65.9936752319336
decentralized,20,40.0,42698016709,207561,-215.912048339844,-51.0079002380371
decentralized,20,40.0,42882566096,207561,-249.364669799805,50.3194427490234
decentralized,20,40.0,43067115483,207561,-236.970352172852,-237.787033081055
decentralized,20,40.0,43251664870,207561,-144.994354248047,49.4292297363281
decentralized,20,40.0,43436214257,207561,42.2158317565918,-211.898529052734
decentralized,20,40.0,43620763644,207561,-217.662063598633,-376.672790527344
decentralized,20,40.0,43805313031,207561,54.312858581543,-189.879638671875
decentralized,20,40.0,43989862418,207561,-77.70947265625,-302.445007324219
decentralized,20,40.0,44174411805,207561,-282.640960693359,-37.5516891479492
decentralized,20,40.0,40667973452,207697,-304.362548828125,-108.816703796387
decentralized,20,40.0,40852522839,207697,-259.632598876953,-265.767639160156
decentralized,20,40.0,41037072226,207697,13.2126131057739,-175.093704223633
decentralized,20,40.0,41221621613,207697,-222.490783691406,149.207153320313
decentralized,20,40.0,41406171000,207697,-255.717376708984,-150.870483398438
decentralized,20,40.0,41590720387,207698,-227.231796264648,-134.483535766602
decentralized,20,40.0,41775269774,207698,-261.575744628906,19.1397743225098
decentralized,20,40.0,41959819161,207698,-240.777557373047,-161.274215698242
decentralized,20,40.0,42144368548,207698,-81.7049789428711,155.799957275391
decentralized,20,40.0,42328917935,207698,-330.63134765625,-334.398101806641
decentralized,20,40.0,42513467322,207698,-269.13818359375,-75.624885559082
decentralized,20,40.0,42698016709,207698,-212.884155273438,-63.6951332092285
decentralized,20,40.0,42882566096,207698,-248.292678833008,44.4010581970215
decentralized,20,40.0,43067115483,207698,-236.568283081055,-232.846633911133
decentralized,20,40.0,43251664870,207698,-138.092803955078,49.4292297363281
decentralized,20,40.0,43436214257,207698,42.2158317565918,-204.996978759766
decentralized,20,40.0,43620763644,207698,-210.760513305664,-376.672790527344
decentralized,20,40.0,43805313031,207698,54.312858581543,-196.781188964844
decentralized,20,40.0,43989862418,207698,-70.8079223632813,-302.445007324219
decentralized,20,40.0,44174411805,207698,-287.511688232422,-42.7777976989746
decentralized,20,40.0,40667973452,207841,-300.828521728516,-120.253089904785
decentralized,20,40.0,40852522839,207841,-260.350158691406,-268.401153564453
decentralized,20,40.0,41037072226,207841,13.2126131057739,-168.116592407227
decentralized,20,40.0,41221621613,207841,-222.490783691406,156.184265136719
decentralized,20,40.0,41406171000,207841,-265.370025634766,-160.894088745117
decentralized,20,40.0,41590720387,207842,-226.526901245117,-148.103302001953
decentralized,20,40.0,41775269774,207842,-261.575744628906,26.1168899536133
decentralized,20,40.0,41959819161,207842,-229.051467895508,-152.783493041992
decentralized,20,40.0,42144368548,207842,-74.7278594970703,155.799957275391
decentralized,20,40.0,42328917935,207842,-330.63134765625,-341.375213623047
decentralized,20,40.0,42513467322,207842,-270.262390136719,-64.1775436401367
decentralized,20,40.0,42698016709,207842,-215.537139892578,-51.0787773132324
decentralized,20,40.0,42882566096,207842,-248.527313232422,37.6675720214844
decentralized,20,40.0,43067115483,207842,-235.885482788086,-238.925170898438
decentralized,20,40.0,43251664870,207842,-131.115692138672,49.4292297363281
decentralized,20,40.0,43436214257,207842,42.129093170166,-207.154815673828
decentralized,20,40.0,43620763644,207842,-203.783401489258,-376.672790527344
decentralized,20,40.0,43805313031,207842,57.6968612670898,-199.221435546875
decentralized,20,40.0,43989862418,207842,-63.8308067321777,-302.445007324219
decentralized,20,40.0,44174411805,207842,-280.662963867188,-36.6615142822266
decentralized,20,40.0,40667973452,207962,-304.830932617188,-106.882797241211
decentralized,20,40.0,40852522839,207962,-259.978271484375,-265.721313476563
decentralized,20,40.0,41037072226,207962,19.1501121520996,-168.116592407227
decentralized,20,40.0,41221621613,207962,-222.490783691406,162.121765136719
decentralized,20,40.0,41406171000,207962,-256.903381347656,-150.842864990234
decentralized,20,40.0,41590720387,207962,-224.439331054688,-137.462524414063
decentralized,20,40.0,41775269774,207962,-260.987518310547,19.4793548583984
decentralized,20,40.0,41959819161,207962,-240.791473388672,-161.295272827148
decentralized,20,40.0,42144368548,207962,-68.7903594970703,155.799957275391
decentralized,20,40.0,42328917935,207962,-328.943206787109,-338.634338378906
decentralized,20,40.0,42513467322,207962,-269.888519287109,-75.9646606445313
decentralized,20,40.0,42698016709,207962,-212.692199707031,-63.6850204467773
decentralized,20,40.0,42882566096,207962,-246.756088256836,42.7338180541992
decentralized,20,40.0,43067115483,207962,-233.128524780273,-232.019912719727
decentralized,20,40.0,43251664870,207962,-125.178192138672,49.4292297363281
decentralized,20,40.0,43436214257,207962,42.129093170166,-207.154815673828
decentralized,20,40.0,43620763644,207962,-197.845901489258,-376.672790527344
decentralized,20,40.0,43805313031,207962,63.6343612670898,-199.221435546875
decentralized,20,40.0,43989862418,207962,-57.8933067321777,-302.445007324219
decentralized,20,40.0,44174411805,207962,-287.386383056641,-49.576976776123
decentralized,20,40.0,40667973452,208098,-302.501953125,-120.853401184082
decentralized,20,40.0,40852522839,208098,-259.859924316406,-272.152679443359
decentralized,20,40.0,41037072226,208098,26.173921585083,-168.116592407227
decentralized,20,40.0,41221621613,208098,-222.490783691406,169.145568847656
decentralized,20,40.0,41406171000,208098,-264.919128417969,-161.90950012207
decentralized,20,40.0,41590720387,208098,-224.233901977539,-146.091278076172
decentralized,20,40.0,41775269774,208098,-261.391204833984,13.3627138137817
decentralized,20,40.0,41959819161,208098,-228.962738037109,-152.532516479492
decentralized,20,40.0,42144368548,208098,-61.7665481567383,155.799957275391
decentralized,20,40.0,42328917935,208098,-328.943206787109,-333.160705566406
decentralized,20,40.0,42513467322,208098,-270.954498291016,-64.7574615478516
decentralized,20,40.0,42698016709,208098,-215.563583374023,-51.0790138244629
decentralized,20,40.0,42882566096,208098,-246.756088256836,46.7121467590332
decentralized,20,40.0,43067115483,208098,-234.767425537109,-239.84196472168
decentralized,20,40.0,43251664870,208098,-125.230461120605,49.5510902404785
decentralized,20,40.0,43436214257,208098,42.129093170166,-214.178619384766
decentralized,20,40.0,43620763644,208098,-190.82209777832,-376.672790527344
decentralized,20,40.0,43805313031,208098,63.6343612670898,-192.197631835938
decentralized,20,40.0,43989862418,208098,-57.8933067321777,-295.421203613281
decentralized,20,40.0,44174411805,208098,-280.914672851563,-37.0014991760254
decentralized,20,40.0,40667973452,208218,-297.668670654297,-108.966613769531
decentralized,20,40.0,40852522839,208218,-258.759979248047,-270.991302490234
decentralized,20,40.0,41037072226,208218,24.486400604248,-164.807556152344
decentralized,20,40.0,41221621613,208218,-222.490783691406,175.29345703125
decentralized,20,40.0,41406171000,208218,-257.719421386719,-150.608306884766
decentralized,20,40.0,41590720387,208218,-224.332092285156,-137.216873168945
decentralized,20,40.0,41775269774,208218,-259.615112304688,17.0974044799805
decentralized,20,40.0,41959819161,208218,-240.823593139648,-161.254302978516
decentralized,20,40.0,42144368548,208218,-55.6186561584473,155.799957275391
decentralized,20,40.0,42328917935,208218,-329.084777832031,-339.110565185547
decentralized,20,40.0,42513467322,208218,-268.824615478516,-76.8454208374023
decentralized,20,40.0,42698016709,208218,-212.656799316406,-63.3096694946289
decentralized,20,40.0,42882566096,208218,-245.876953125,41.2045631408691
decentralized,20,40.0,43067115483,208218,-235.116683959961,-232.629821777344
decentralized,20,40.0,43251664870,208218,-125.230461120605,55.6989822387695
decentralized,20,40.0,43436214257,208218,42.129093170166,-208.030731201172
decentralized,20,40.0,43620763644,208218,-184.674209594727,-376.672790527344
decentralized,20,40.0,43805313031,208218,63.6343612670898,-192.029525756836
decentralized,20,40.0,43989862418,208218,-57.8933067321777,-289.273315429688
decentralized,20,40.0,44174411805,208218,-286.891326904297,-39.5625457763672
decentralized,20,40.0,40667973452,208349,-301.644470214844,-121.076286315918
decentralized,20,40.0,40852522839,208349,-258.759979248047,-268.126708984375
decentralized,20,40.0,41037072226,208349,24.486400604248,-171.474227905273
decentralized,20,40.0,41221621613,208349,-215.824111938477,175.29345703125
decentralized,20,40.0,41406171000,208349,-264.286224365234,-164.146438598633
decentralized,20,40.0,41590720387,208349,-223.862701416016,-145.669021606445
decentralized,20,40.0,41775269774,208349,-260.910705566406,13.6996803283691
decentralized,20,40.0,41959819161,208349,-228.920318603516,-152.534133911133
decentralized,20,40.0,42144368548,208349,-48.9519882202148,155.799957275391
decentralized,20,40.0,42328917935,208349,-329.084777832031,-345.777221679688
decentralized,20,40.0,42513467322,208349,-271.017669677734,-64.6921615600586
decentralized,20,40.0,42698016709,208349,-215.772216796875,-51.6752815246582
decentralized,20,40.0,42882566096,208349,-246.942474365234,35.9182434082031
decentralized,20,40.0,43067115483,208349,-232.684753417969,-241.766525268555
decentralized,20,40.0,43251664870,208349,-118.550590515137,55.6989822387695
decentralized,20,40.0,43436214257,208349,42.129093170166,-201.976043701172
decentralized,20,40.0,43620763644,208349,-178.007537841797,-376.672790527344
decentralized,20,40.0,43805313031,208349,63.6343612670898,-185.896713256836
decentralized,20,40.0,43989862418,208349,-57.8933067321777,-282.606658935547
decentralized,20,40.0,44174411805,208349,-280.996734619141,-36.9466667175293
decentralized,20,40.0,40667973452,208471,-294.921173095703,-110.311798095703
decentralized,20,40.0,40852522839,208471,-259.932983398438,-273.966857910156
decentralized,20,40.0,41037072226,208471,30.5927848815918,-171.474227905273
decentralized,20,40.0,41221621613,208471,-209.717727661133,175.29345703125
decentralized,20,40.0,41406171000,208472,-258.236206054688,-153.128768920898
decentralized,20,40.0,41590720387,208472,-224.338562011719,-137.143768310547
decentralized,20,40.0,41775269774,208472,-258.733978271484,16.556116104126
decentralized,20,40.0,41959819161,208472,-240.904342651367,-161.172592163086
decentralized,20,40.0,42144368548,208472,-42.8456039428711,155.799957275391
decentralized,20,40.0,42328917935,208472,-329.084777832031,-351.883605957031
decentralized,20,40.0,42513467322,208472,-269.563415527344,-76.9048614501953
decentralized,20,40.0,42698016709,208472,-211.213424682617,-64.6183319091797
decentralized,20,40.0,42882566096,208472,-246.037033081055,41.2058906555176
decentralized,20,40.0,43067115483,208472,-234.983352661133,-237.45361328125
decentralized,20,40.0,43251664870,208472,-118.486061096191,56.6210670471191
decentralized,20,40.0,43436214257,208472,42.5977554321289,-208.461059570313
decentralized,20,40.0,43620763644,208472,-171.901153564453,-376.672790527344
decentralized,20,40.0,43805313031,208472,66.4915542602539,-189.472320556641
decentralized,20,40.0,43989862418,208472,-51.786922454834,-282.606658935547
decentralized,20,40.0,44174411805,208472,-287.723785400391,-42.1816024780273
decentralized,20,40.0,40667973452,208583,-301.466400146484,-121.246559143066
decentralized,20,40.0,40852522839,208583,-259.829650878906,-268.393218994141
decentralized,20,40.0,41037072226,208583,37.2369346618652,-171.474227905273
decentralized,20,40.0,41221621613,208583,-203.073577880859,175.29345703125
decentralized,20,40.0,41406171000,208583,-262.908660888672,-165.275619506836
decentralized,20,40.0,41590720387,208583,-224.072525024414,-150.608673095703
decentralized,20,40.0,41775269774,208583,-258.733978271484,23.2002658843994
decentralized,20,40.0,41959819161,208583,-228.901321411133,-152.435531616211
decentralized,20,40.0,42144368548,208583,-36.2014541625977,155.799957275391
decentralized,20,40.0,42328917935,208583,-329.141876220703,-347.39208984375
decentralized,20,40.0,42513467322,208583,-270.781646728516,-64.8855361938477
decentralized,20,40.0,42698016709,208583,-215.26969909668,-51.8759994506836
decentralized,20,40.0,42882566096,208583,-246.580764770508,34.3467140197754
decentralized,20,40.0,43067115483,208583,-234.3193359375,-239.959976196289
decentralized,20,40.0,43251664870,208583,-118.486061096191,63.2652168273926
decentralized,20,40.0,43436214257,208583,42.5977554321289,-215.105209350586
decentralized,20,40.0,43620763644,208583,-165.25700378418,-376.672790527344
decentralized,20,40.0,43805313031,208583,66.4915542602539,-189.472320556641
decentralized,20,40.0,43989862418,208583,-45.1427726745605,-282.606658935547
decentralized,20,40.0,44174411805,208583,-280.562316894531,-36.7522773742676
decentralized,20,40.0,40667973452,208697,-294.365936279297,-109.967247009277
decentralized,20,40.0,40852522839,208697,-260.300384521484,-274.111083984375
decentralized,20,40.0,41037072226,208697,37.2369346618652,-171.474227905273
decentralized,20,40.0,41221621613,208697,-197.022979736328,175.29345703125
decentralized,20,40.0,41406171000,208697,-258.240081787109,-153.162353515625
decentralized,20,40.0,41590720387,208697,-224.009002685547,-137.397598266602
decentralized,20,40.0,41775269774,208697,-258.857971191406,17.6970176696777
decentralized,20,40.0,41959819161,208697,-240.529312133789,-161.073440551758
decentralized,20,40.0,42144368548,208697,-30.1508541107178,155.799957275391
decentralized,20,40.0,42328917935,208697,-329.141876220703,-341.341491699219
decentralized,20,40.0,42513467322,208697,-268.215270996094,-77.108283996582
decentralized,20,40.0,42698016709,208697,-210.958679199219,-63.0322570800781
decentralized,20,40.0,42882566096,208697,-246.580764770508,40.3973159790039
decentralized,20,40.0,43067115483,208697,-234.502822875977,-240.432586669922
decentralized,20,40.0,43251664870,208697,-118.486061096191,69.3158187866211
decentralized,20,40.0,43436214257,208697,45.6807708740234,-211.152786254883
decentralized,20,40.0,43620763644,208697,-159.206405639648,-376.672790527344
decentralized,20,40.0,43805313031,208697,66.4915542602539,-183.421722412109
decentralized,20,40.0,43989862418,208697,-39.092170715332,-282.606658935547
decentralized,20,40.0,44174411805,208697,-280.664703369141,-42.9155120849609
decentralized,20,40.0,40667973452,208805,-301.201385498047,-121.629821777344
decentralized,20,40.0,40852522839,208805,-260.300384521484,-279.71337890625
decentralized,20,40.0,41037072226,208805,37.2369346618652,-177.076522827148
decentralized,20,40.0,41221621613,208805,-191.420684814453,175.29345703125
decentralized,20,40.0,41406171000,208805,-264.723175048828,-165.339691162109
decentralized,20,40.0,41590720387,208805,-223.854187011719,-150.559097290039
decentralized,20,40.0,41775269774,208805,-259.171112060547,13.5324544906616
decentralized,20,40.0,41959819161,208805,-228.823715209961,-152.700942993164
decentralized,20,40.0,42144368548,208805,-24.5485534667969,155.799957275391
decentralized,20,40.0,42328917935,208805,-329.141876220703,-335.739196777344
decentralized,20,40.0,42513467322,208806,-269.240844726563,-65.3651885986328
decentralized,20,40.0,42698016709,208806,-211.250991821289,-53.3571662902832
decentralized,20,40.0,42882566096,208806,-246.580764770508,45.9996147155762
decentralized,20,40.0,43067115483,208806,-234.502822875977,-246.034881591797
decentralized,20,40.0,43251664870,208806,-118.018882751465,63.8238525390625
decentralized,20,40.0,43436214257,208806,45.6807708740234,-209.29264831543
decentralized,20,40.0,43620763644,208806,-153.604110717773,-376.672790527344
decentralized,20,40.0,43805313031,208806,66.4915542602539,-179.854629516602
decentralized,20,40.0,43989862418,208806,-39.092170715332,-277.004364013672
decentralized,20,40.0,44174411805,208806,-279.679840087891,-36.7854156494141
decentralized,20,40.0,40667973452,208917,-295.869476318359,-110.653388977051
decentralized,20,40.0,40852522839,208917,-260.093994140625,-274.533355712891
decentralized,20,40.0,41037072226,208917,36.8796730041504,-178.905822753906
decentralized,20,40.0,41221621613,208917,-185.753341674805,175.29345703125
decentralized,20,40.0,41406171000,208917,-257.630767822266,-153.05046081543
decentralized,20,40.0,41590720387,208917,-223.820327758789,-137.548309326172
decentralized,20,40.0,41775269774,208917,-257.538940429688,18.0350017547607
decentralized,20,40.0,41959819161,208917,-240.458557128906,-161.567443847656
decentralized,20,40.0,42144368548,208917,-18.8812026977539,155.799957275391
decentralized,20,40.0,42328917935,208917,-328.69384765625,-342.499664306641
decentralized,20,40.0,42513467322,208917,-268.360870361328,-79.8803939819336
decentralized,20,40.0,42698016709,208917,-211.778656005859,-58.2394638061523
decentralized,20,40.0,42882566096,208917,-246.580764770508,51.6669654846191
decentralized,20,40.0,43067115483,208917,-234.502822875977,-240.367538452148
decentralized,20,40.0,43251664870,208917,-118.018882751465,58.1565017700195
decentralized,20,40.0,43436214257,208917,45.6807708740234,-209.29264831543
decentralized,20,40.0,43620763644,208917,-147.936767578125,-376.672790527344
decentralized,20,40.0,43805313031,208917,66.448127746582,-180.241088867188
decentralized,20,40.0,43989862418,208917,-39.092170715332,-271.337005615234
decentralized,20,40.0,44174411805,208917,-279.161376953125,-46.4018173217773
decentralized,20,40.0,40667973452,209031,-301.013610839844,-121.768585205078
decentralized,20,40.0,40852522839,209031,-260.093994140625,-280.036254882813
decentralized,20,40.0,41037072226,209031,37.3513984680176,-177.02685546875
decentralized,20,40.0,41221621613,209031,-180.250442504883,175.29345703125
decentralized,20,40.0,41406171000,209031,-265.607666015625,-165.525482177734
decentralized,20,40.0,41590720387,209031,-222.798400878906,-149.049270629883
decentralized,20,40.0,41775269774,209031,-257.538940429688,23.5379028320313
decentralized,20,40.0,41959819161,209031,-229.101058959961,-152.218521118164
decentralized,20,40.0,42144368548,209031,-18.8812026977539,155.799957275391
decentralized,20,40.0,42328917935,209031,-328.607452392578,-347.866333007813
decentralized,20,40.0,42513467322,209031,-264.722045898438,-66.6954193115234
decentralized,20,40.0,42698016709,209031,-211.300933837891,-53.1660346984863
decentralized,20,40.0,42882566096,209031,-246.580764770508,57.169864654541
decentralized,20,40.0,43067115483,209031,-235.627410888672,-246.376602172852
decentralized,20,40.0,43251664870,209031,-118.661323547363,60.5156211853027
decentralized,20,40.0,43436214257,209031,45.6807708740234,-207.44401550293
decentralized,20,40.0,43620763644,209031,-147.936767578125,-371.169891357422
decentralized,20,40.0,43805313031,209031,66.448127746582,-186.002151489258
decentralized,20,40.0,43989862418,209031,-39.092170715332,-265.834106445313
decentralized,20,40.0,44174411805,209031,-279.308288574219,-36.5358390808105
decentralized,20,40.0,40667973452,209127,-297.46923828125,-111.605583190918
decentralized,20,40.0,40852522839,209127,-260.093994140625,-285.58251953125
decentralized,20,40.0,41037072226,209127,37.3513984680176,-171.480606079102
decentralized,20,40.0,41221621613,209127,-174.704193115234,175.29345703125
decentralized,20,40.0,41406171000,209127,-257.262268066406,-152.901641845703
decentralized,20,40.0,41590720387,209127,-222.735580444336,-138.223434448242
decentralized,20,40.0,41775269774,209127,-257.682098388672,19.4765701293945
decentralized,20,40.0,41959819161,209127,-238.671951293945,-161.534332275391
decentralized,20,40.0,42144368548,209127,-18.8812026977539,161.346206665039
decentralized,20,40.0,42328917935,209127,-328.607452392578,-353.41259765625
decentralized,20,40.0,42513467322,209127,-270.449615478516,-79.8172454833984
decentralized,20,40.0,42698016709,209127,-211.794174194336,-58.346866607666
decentralized,20,40.0,42882566096,209127,-246.580764770508,51.6236152648926
decentralized,20,40.0,43067115483,209127,-233.774215698242,-250.635879516602
decentralized,20,40.0,43251664870,209127,-118.661323547363,66.0618743896484
decentralized,20,40.0,43436214257,209127,46.4245491027832,-208.413833618164
decentralized,20,40.0,43620763644,209127,-147.936767578125,-365.623626708984
decentralized,20,40.0,43805313031,209127,66.448127746582,-191.548400878906
decentralized,20,40.0,43989862418,209127,-33.5459213256836,-265.834106445313
decentralized,20,40.0,44174411805,209127,-278.83154296875,-45.3481254577637
decentralized,20,40.0,40667973452,209231,-300.611541748047,-121.85466003418
decentralized,20,40.0,40852522839,209231,-260.093994140625,-279.846710205078
decentralized,20,40.0,41037072226,209231,37.3513984680176,-165.744812011719
decentralized,20,40.0,41221621613,209231,-168.968399047852,175.29345703125
decentralized,20,40.0,41406171000,209231,-265.8984375,-165.533203125
decentralized,20,40.0,41590720387,209231,-222.369323730469,-151.191436767578
decentralized,20,40.0,41775269774,209231,-257.682098388672,24.1481094360352
decentralized,20,40.0,41959819161,209231,-227.688369750977,-155.940368652344
decentralized,20,40.0,42144368548,209231,-18.8812026977539,155.610412597656
decentralized,20,40.0,42328917935,209231,-328.501739501953,-358.983825683594
decentralized,20,40.0,42513467322,209231,-260.825927734375,-67.5526351928711
decentralized,20,40.0,42698016709,209231,-210.621200561523,-53.7994728088379
decentralized,20,40.0,42882566096,209231,-246.580764770508,45.8878135681152
decentralized,20,40.0,43067115483,209231,-233.855133056641,-250.4853515625
decentralized,20,40.0,43251664870,209231,-118.4072265625,64.5070877075195
decentralized,20,40.0,43436214257,209231,46.4245491027832,-206.688613891602
decentralized,20,40.0,43620763644,209231,-147.936767578125,-359.887817382813
decentralized,20,40.0,43805313031,209231,66.448127746582,-185.812606811523
decentralized,20,40.0,43989862418,209231,-27.8101215362549,-265.834106445313
decentralized,20,40.0,44174411805,209231,-279.153503417969,-36.5064010620117
decentralized,20,40.0,40667973452,209327,-295.583770751953,-112.371604919434
decentralized,20,40.0,40852522839,209327,-260.693786621094,-283.871490478516
decentralized,20,40.0,41037072226,209327,39.0177383422852,-169.357772827148
decentralized,20,40.0,41221621613,209327,-164.694717407227,175.29345703125
decentralized,20,40.0,41406171000,209327,-259.470916748047,-152.601119995117
decentralized,20,40.0,41590720387,209327,-221.149765014648,-141.333831787109
decentralized,20,40.0,41775269774,209327,-257.682098388672,28.4217929840088
decentralized,20,40.0,41959819161,209327,-238.265777587891,-161.231185913086
decentralized,20,40.0,42144368548,209327,-18.8812026977539,151.336730957031
decentralized,20,40.0,42328917935,209327,-327.470855712891,-353.829284667969
decentralized,20,40.0,42513467322,209327,-265.995849609375,-81.0829315185547
decentralized,20,40.0,42698016709,209327,-211.543304443359,-58.455924987793
decentralized,20,40.0,42882566096,209327,-246.411544799805,50.0154228210449
decentralized,20,40.0,43067115483,209327,-235.143508911133,-251.39143371582
decentralized,20,40.0,43251664870,209327,-118.4072265625,60.2334060668945
decentralized,20,40.0,43436214257,209327,46.4245491027832,-202.414932250977
decentralized,20,40.0,43620763644,209327,-143.6630859375,-359.887817382813
decentralized,20,40.0,43805313031,209327,66.1647491455078,-191.494537353516
decentralized,20,40.0,43989862418,209327,-23.5364379882813,-265.834106445313
decentralized,20,40.0,44174411805,209327,-279.910430908203,-43.624641418457
decentralized,20,40.0,40667973452,209422,-299.950103759766,-121.911514282227
decentralized,20,40.0,40852522839,209422,-261.251678466797,-287.034301757813
decentralized,20,40.0,41037072226,209422,38.8254776000977,-167.163330078125
decentralized,20,40.0,41221621613,209422,-159.522018432617,175.29345703125
decentralized,20,40.0,41406171000,209422,-263.939849853516,-169.515518188477
decentralized,20,40.0,41590720387,209422,-221.649856567383,-150.846069335938
decentralized,20,40.0,41775269774,209422,-257.682098388672,33.5944938659668
decentralized,20,40.0,41959819161,209422,-227.593383789063,-156.320755004883
decentralized,20,40.0,42144368548,209422,-18.8812026977539,146.164031982422
decentralized,20,40.0,42328917935,209422,-326.761993408203,-359.731781005859
decentralized,20,40.0,42513467322,209422,-264.615295410156,-67.0025024414063
decentralized,20,40.0,42698016709,209422,-210.714370727539,-53.8383407592773
decentralized,20,40.0,42882566096,209422,-246.411544799805,55.1881217956543
decentralized,20,40.0,43067115483,209422,-234.317901611328,-256.637817382813
decentralized,20,40.0,43251664870,209422,-113.234527587891,60.2334060668945
decentralized,20,40.0,43436214257,209422,46.4245491027832,-197.242233276367
decentralized,20,40.0,43620763644,209422,-138.490386962891,-359.887817382813
decentralized,20,40.0,43805313031,209422,66.1647491455078,-196.667236328125
decentralized,20,40.0,43989862418,209422,-18.3637390136719,-265.834106445313
decentralized,20,40.0,44174411805,209422,-279.370849609375,-36.2187576293945
decentralized,20,40.0,40667973452,209511,-295.781585693359,-112.479148864746
decentralized,20,40.0,40852522839,209511,-260.956634521484,-284.119079589844
decentralized,20,40.0,41037072226,209511,38.8254776000977,-162.163330078125
decentralized,20,40.0,41221621613,209511,-154.522018432617,175.29345703125
decentralized,20,40.0,41406171000,209511,-272.464233398438,-179.483810424805
decentralized,20,40.0,41590720387,209511,-219.695846557617,-142.330337524414
decentralized,20,40.0,41775269774,209511,-257.682098388672,38.5944938659668
decentralized,20,40.0,41959819161,209511,-234.865951538086,-161.528198242188
decentralized,20,40.0,42144368548,209511,-18.8812026977539,141.164031982422
decentralized,20,40.0,42328917935,209511,-329.081329345703,-358.674194335938
decentralized,20,40.0,42513467322,209511,-269.124755859375,-81.8783874511719
decentralized,20,40.0,42698016709,209511,-211.332168579102,-63.2993278503418
decentralized,20,40.0,42882566096,209511,-246.411544799805,50.1881217956543
decentralized,20,40.0,43067115483,209511,-235.035385131836,-259.929107666016
decentralized,20,40.0,43251664870,209511,-108.234527587891,60.2334060668945
decentralized,20,40.0,43436214257,209511,48.9598159790039,-199.436065673828
decentralized,20,40.0,43620763644,209511,-133.490386962891,-359.887817382813
decentralized,20,40.0,43805313031,209511,71.1647491455078,-196.667236328125
decentralized,20,40.0,43989862418,209511,-18.3637390136719,-260.834106445313
decentralized,20,40.0,44174411805,209511,-280.315948486328,-46.0487670898438
decentralized,20,40.0,40667973452,209613,-299.940002441406,-121.971519470215
decentralized,20,40.0,40852522839,209613,-261.223022460938,-290.286712646484
decentralized,20,40.0,41037072226,209613,38.8254776000977,-157.574645996094
decentralized,20,40.0,41221621613,209613,-149.933334350586,175.29345703125
decentralized,20,40.0,41406171000,209613,-266.018188476563,-173.656478881836
decentralized,20,40.0,41590720387,209613,-220.758819580078,-153.815292358398
decentralized,20,40.0,41775269774,209613,-257.192138671875,33.6087303161621
decentralized,20,40.0,41959819161,209613,-227.207290649414,-160.92839050293
decentralized,20,40.0,42144368548,209613,-18.0450611114502,143.315200805664
decentralized,20,40.0,42328917935,209613,-329.081329345703,-354.085510253906
decentralized,20,40.0,42513467322,209613,-264.425170898438,-67.4095611572266
decentralized,20,40.0,42698016709,209613,-210.680679321289,-53.809196472168
decentralized,20,40.0,42882566096,209613,-246.411544799805,54.7768058776855
decentralized,20,40.0,43067115483,209613,-234.366928100586,-256.450714111328
decentralized,20,40.0,43251664870,209613,-103.645843505859,60.2334060668945
decentralized,20,40.0,43436214257,209613,48.9598159790039,-204.024749755859
decentralized,20,40.0,43620763644,209613,-133.490386962891,-355.299133300781
decentralized,20,40.0,43805313031,209613,71.1647491455078,-192.078552246094
decentralized,20,40.0,43989862418,209613,-18.3637390136719,-256.245422363281
decentralized,20,40.0,44174411805,209613,-279.44384765625,-36.0702209472656
decentralized,20,40.0,40667973452,209699,-298.567443847656,-113.148635864258
decentralized,20,40.0,40852522839,209699,-261.223022460938,-295.008941650391
decentralized,20,40.0,41037072226,209699,38.8254776000977,-152.852416992188
decentralized,20,40.0,41221621613,209699,-145.21110534668,175.29345703125
decentralized,20,40.0,41406171000,209699,-271.126678466797,-179.979522705078
decentralized,20,40.0,41590720387,209699,-219.55859375,-142.168960571289
decentralized,20,40.0,41775269774,209699,-254.517883300781,30.1644821166992
decentralized,20,40.0,41959819161,209699,-233.914474487305,-164.48860168457
decentralized,20,40.0,42144368548,209699,-18.0450611114502,138.592971801758
decentralized,20,40.0,42328917935,209699,-329.081329345703,-349.36328125
decentralized,20,40.0,42513467322,209699,-269.898803710938,-81.9688568115234
decentralized,20,40.0,42698016709,209699,-210.747512817383,-62.3287658691406
decentralized,20,40.0,42882566096,209699,-246.411544799805,50.0545845031738
decentralized,20,40.0,43067115483,209699,-234.366928100586,-261.172943115234
decentralized,20,40.0,43251664870,209699,-98.9236221313477,60.2334060668945
decentralized,20,40.0,43436214257,209699,48.9598159790039,-208.746978759766
decentralized,20,40.0,43620763644,209699,-133.490386962891,-350.576904296875
decentralized,20,40.0,43805313031,209699,71.1647491455078,-190.141708374023
decentralized,20,40.0,43989862418,209699,-18.3637390136719,-251.523193359375
decentralized,20,40.0,44174411805,209699,-280.82763671875,-47.149341583252
decentralized,20,40.0,40667973452,209789,-299.929962158203,-122.026428222656
decentralized,20,40.0,40852522839,209789,-261.467315673828,-299.281707763672
decentralized,20,40.0,41037072226,209789,39.7255096435547,-159.3525390625
decentralized,20,40.0,41221621613,209789,-140.41943359375,175.29345703125
decentralized,20,40.0,41406171000,209789,-267.002899169922,-174.846588134766
decentralized,20,40.0,41590720387,209789,-220.063812255859,-154.85107421875
decentralized,20,40.0,41775269774,209789,-253.457794189453,34.1630477905273
decentralized,20,40.0,41959819161,209789,-229.268783569336,-165.472946166992
decentralized,20,40.0,42144368548,209789,-18.0450611114502,133.801300048828
decentralized,20,40.0,42328917935,209789,-329.081329345703,-354.154937744141
decentralized,20,40.0,42513467322,209789,-269.166137695313,-66.093505859375
decentralized,20,40.0,42698016709,209789,-210.227157592773,-54.0186614990234
decentralized,20,40.0,42882566096,209789,-246.10466003418,54.556339263916
decentralized,20,40.0,43067115483,209789,-234.366928100586,-265.964599609375
decentralized,20,40.0,43251664870,209789,-94.1319580078125,60.2334060668945
decentralized,20,40.0,43436214257,209789,48.9598159790039,-213.538650512695
decentralized,20,40.0,43620763644,209789,-128.698715209961,-350.576904296875
decentralized,20,40.0,43805313031,209789,71.4918975830078,-191.769393920898
decentralized,20,40.0,43989862418,209789,-13.5720729827881,-251.523193359375
decentralized,20,40.0,44174411805,209789,-280.445281982422,-35.6460494995117
decentralized,20,40.0,40667973452,209880,-299.110046386719,-113.302871704102
decentralized,20,40.0,40852522839,209880,-263.953460693359,-298.999420166016
decentralized,20,40.0,41037072226,209880,39.7675018310547,-161.674819946289
decentralized,20,40.0,41221621613,209880,-135.766662597656,175.29345703125
decentralized,20,40.0,41406171000,209880,-270.323486328125,-180.416198730469
decentralized,20,40.0,41590720387,209880,-220.149398803711,-149.944915771484
decentralized,20,40.0,41775269774,209880,-253.457794189453,38.8158264160156
decentralized,20,40.0,41959819161,209880,-231.596817016602,-170.335296630859
decentralized,20,40.0,42144368548,209880,-18.0450611114502,129.148529052734
decentralized,20,40.0,42328917935,209880,-329.081329345703,-358.807708740234
decentralized,20,40.0,42513467322,209880,-266.946166992188,-53.4819679260254
decentralized,20,40.0,42698016709,209880,-210.685333251953,-60.1102600097656
decentralized,20,40.0,42882566096,209880,-246.10466003418,59.2091178894043
decentralized,20,40.0,43067115483,209880,-229.714157104492,-265.964599609375
decentralized,20,40.0,43251664870,209880,-89.4791793823242,60.2334060668945
decentralized,20,40.0,43436214257,209880,48.9598159790039,-213.538650512695
decentralized,20,40.0,43620763644,209880,-124.045936584473,-350.576904296875
decentralized,20,40.0,43805313031,209880,71.4918975830078,-190.024597167969
decentralized,20,40.0,43989862418,209880,-8.91929531097412,-251.523193359375
decentralized,20,40.0,44174411805,209880,-284.268737792969,-39.7133560180664
decentralized,20,40.0,40667973452,209965,-300.377807617188,-122.141372680664
decentralized,20,40.0,40852522839,209965,-262.472686767578,-300.410919189453
decentralized,20,40.0,41037072226,209965,39.7675018310547,-161.674819946289
decentralized,20,40.0,41221621613,209965,-131.100051879883,175.29345703125
decentralized,20,40.0,41406171000,209965,-264.253356933594,-177.81559753418
decentralized,20,40.0,41590720387,209965,-220.458389282227,-155.089202880859
decentralized,20,40.0,41775269774,209965,-253.457794189453,43.4824447631836
decentralized,20,40.0,41959819161,209965,-231.596817016602,-175.001907348633
decentralized,20,40.0,42144368548,209965,-18.0450611114502,124.481910705566
decentralized,20,40.0,42328917935,209965,-329.081329345703,-363.474334716797
decentralized,20,40.0,42513467322,209965,-270.095336914063,-65.393196105957
decentralized,20,40.0,42698016709,209965,-209.925170898438,-54.168270111084
decentralized,20,40.0,42882566096,209965,-246.10466003418,63.8757362365723
decentralized,20,40.0,43067115483,209965,-225.047546386719,-265.964599609375
decentralized,20,40.0,43251664870,209965,-84.8125610351563,60.2334060668945
decentralized,20,40.0,43436214257,209965,48.9598159790039,-208.872039794922
decentralized,20,40.0,43620763644,209965,-119.379318237305,-350.576904296875
decentralized,20,40.0,43805313031,209965,71.4918975830078,-185.369369506836
decentralized,20,40.0,43989862418,209965,-4.25267839431763,-251.523193359375
decentralized,20,40.0,44174411805,209965,-279.983154296875,-35.8169898986816
decentralized,20,40.0,40667973452,210058,-300.708953857422,-115.655090332031
decentralized,20,40.0,40852522839,210058,-263.5634765625,-301.112945556641
decentralized,20,40.0,41037072226,210058,38.9934463500977,-164.948669433594
decentralized,20,40.0,41221621613,210058,-126.68775177002,175.29345703125
decentralized,20,40.0,41406171000,210058,-265.999145507813,-183.48030090332
decentralized,20,40.0,41590720387,210058,-219.604507446289,-155.338806152344
decentralized,20,40.0,41775269774,210058,-253.457794189453,47.8947448730469
decentralized,20,40.0,41959819161,210058,-232.065155029297,-170.450302124023
decentralized,20,40.0,42144368548,210058,-18.0450611114502,120.069610595703
decentralized,20,40.0,42328917935,210058,-329.081329345703,-359.062042236328
decentralized,20,40.0,42513467322,210058,-266.097747802734,-54.6134147644043
decentralized,20,40.0,42698016709,210058,-210.439788818359,-60.6910820007324
decentralized,20,40.0,42882566096,210058,-246.10466003418,59.463436126709
decentralized,20,40.0,43067115483,210058,-225.047546386719,-265.964599609375
decentralized,20,40.0,43251664870,210058,-84.8125610351563,60.2334060668945
decentralized,20,40.0,43436214257,210058,48.9598159790039,-204.459747314453
decentralized,20,40.0,43620763644,210058,-119.379318237305,-346.164611816406
decentralized,20,40.0,43805313031,210058,71.4918975830078,-180.703155517578
decentralized,20,40.0,43989862418,210058,-4.25267839431763,-247.110900878906
decentralized,20,40.0,44174411805,210058,-283.714141845703,-39.7412185668945
decentralized,20,40.0,40667973452,210141,-300.460510253906,-122.134704589844
decentralized,20,40.0,40852522839,210141,-264.245971679688,-304.419525146484
decentralized,20,40.0,41037072226,210141,38.9934463500977,-160.705825805664
decentralized,20,40.0,41221621613,210141,-122.444900512695,175.29345703125
decentralized,20,40.0,41406171000,210141,-262.921661376953,-182.016998291016
decentralized,20,40.0,41590720387,210141,-219.991989135742,-158.814575195313
decentralized,20,40.0,41775269774,210141,-254.296813964844,45.3695030212402
decentralized,20,40.0,41959819161,210141,-232.460159301758,-175.90771484375
decentralized,20,40.0,42144368548,210141,-18.0450611114502,124.312461853027
decentralized,20,40.0,42328917935,210141,-328.558288574219,-366.362548828125
decentralized,20,40.0,42513467322,210141,-269.495544433594,-65.8529815673828
decentralized,20,40.0,42698016709,210141,-209.978790283203,-54.0163116455078
decentralized,20,40.0,42882566096,210141,-246.776443481445,62.6494255065918
decentralized,20,40.0,43067115483,210141,-225.047546386719,-261.721740722656
decentralized,20,40.0,43251664870,210141,-84.927360534668,56.6240692138672
decentralized,20,40.0,43436214257,210141,48.9598159790039,-200.216903686523
decentralized,20,40.0,43620763644,210141,-119.379318237305,-342.336090087891
decentralized,20,40.0,43805313031,210141,71.4918975830078,-180.703155517578
decentralized,20,40.0,43989862418,210141,-4.25267839431763,-244.807159423828
decentralized,20,40.0,44174411805,210141,-280.431854248047,-35.814624786377
decentralized,20,40.0,40667973452,210222,-298.181945800781,-115.360305786133
decentralized,20,40.0,40852522839,210222,-264.288208007813,-308.649017333984
decentralized,20,40.0,41037072226,210223,39.3745803833008,-166.226104736328
decentralized,20,40.0,41221621613,210223,-117.86156463623,175.29345703125
decentralized,20,40.0,41406171000,210223,-265.300842285156,-183.686676025391
decentralized,20,40.0,41590720387,210223,-220.178604125977,-163.195663452148
decentralized,20,40.0,41775269774,210223,-254.296813964844,40.7809181213379
decentralized,20,40.0,41959819161,210223,-232.460159301758,-170.48063659668
decentralized,20,40.0,42144368548,210223,-18.0450611114502,128.895797729492
decentralized,20,40.0,42328917935,210223,-328.558288574219,-361.779205322266
decentralized,20,40.0,42513467322,210223,-266.595458984375,-55.6125183105469
decentralized,20,40.0,42698016709,210223,-209.678802490234,-53.3248062133789
decentralized,20,40.0,42882566096,210223,-246.776443481445,67.2327575683594
decentralized,20,40.0,43067115483,210223,-221.056488037109,-261.215209960938
decentralized,20,40.0,43251664870,210223,-84.927360534668,61.2074012756348
decentralized,20,40.0,43436214257,210223,48.9598159790039,-197.996856689453
decentralized,20,40.0,43620763644,210223,-119.12963104248,-343.5771484375
decentralized,20,40.0,43805313031,210223,71.4918975830078,-180.703155517578
decentralized,20,40.0,43989862418,210223,-4.25267839431763,-244.807159423828
decentralized,20,40.0,44174411805,210223,-284.050964355469,-39.8526229858398
decentralized,20,40.0,40667973452,210306,-297.947723388672,-123.526123046875
decentralized,20,40.0,40852522839,210306,-264.288208007813,-312.883575439453
decentralized,20,40.0,41037072226,210306,39.3745803833008,-170.460678100586
decentralized,20,40.0,41221621613,210306,-113.626998901367,175.29345703125
decentralized,20,40.0,41406171000,210306,-264.601470947266,-187.826950073242
decentralized,20,40.0,41590720387,210306,-218.788772583008,-162.184280395508
decentralized,20,40.0,41775269774,210306,-255.642105102539,38.937183380127
decentralized,20,40.0,41959819161,210306,-232.844635009766,-176.091552734375
decentralized,20,40.0,42144368548,210306,-18.0450611114502,133.13037109375
decentralized,20,40.0,42328917935,210306,-328.558288574219,-357.551879882813
decentralized,20,40.0,42513467322,210306,-269.615753173828,-67.1192321777344
decentralized,20,40.0,42698016709,210306,-209.299926757813,-56.1847152709961
decentralized,20,40.0,42882566096,210306,-246.776443481445,62.9981918334961
decentralized,20,40.0,43067115483,210306,-221.914993286133,-263.028625488281
decentralized,20,40.0,43251664870,210306,-84.927360534668,65.4419708251953
decentralized,20,40.0,43436214257,210306,48.9925689697266,-199.935333251953
decentralized,20,40.0,43620763644,210306,-114.895065307617,-343.5771484375
decentralized,20,40.0,43805313031,210306,71.4918975830078,-184.964050292969
decentralized,20,40.0,43989862418,210306,-4.25267839431763,-244.807159423828
decentralized,20,40.0,44174411805,210306,-282.342834472656,-36.3914337158203
decentralized,20,40.0,40667973452,210382,-298.640930175781,-115.590454101563
decentralized,20,40.0,40852522839,210382,-262.497894287109,-315.484191894531
decentralized,20,40.0,41037072226,210382,40.6185684204102,-167.880432128906
decentralized,20,40.0,41221621613,210382,-109.522552490234,175.29345703125
decentralized,20,40.0,41406171000,210382,-264.422576904297,-184.112838745117
decentralized,20,40.0,41590720387,210382,-221.108123779297,-163.920486450195
decentralized,20,40.0,41775269774,210382,-255.642105102539,43.041633605957
decentralized,20,40.0,41959819161,210382,-232.844635009766,-180.195999145508
decentralized,20,40.0,42144368548,210382,-13.9406108856201,133.13037109375
decentralized,20,40.0,42328917935,210382,-327.758728027344,-365.683013916016
decentralized,20,40.0,42513467322,210382,-265.665496826172,-57.2647972106934
decentralized,20,40.0,42698016709,210382,-209.718154907227,-55.420108795166
decentralized,20,40.0,42882566096,210382,-246.776443481445,58.893741607666
decentralized,20,40.0,43067115483,210382,-221.914993286133,-267.133087158203
decentralized,20,40.0,43251664870,210382,-86.7195816040039,59.3157348632813
decentralized,20,40.0,43436214257,210382,48.9925689697266,-204.039779663086
decentralized,20,40.0,43620763644,210382,-114.895065307617,-339.472686767578
decentralized,20,40.0,43805313031,210382,71.4918975830078,-189.068496704102
decentralized,20,40.0,43989862418,210382,-4.25267839431763,-248.911605834961
decentralized,20,40.0,44174411805,210382,-284.051208496094,-38.3567886352539
decentralized,20,40.0,40667973452,210453,-300.003051757813,-122.37174987793
decentralized,20,40.0,40852522839,210453,-263.861999511719,-314.038879394531
decentralized,20,40.0,41037072226,210453,40.6185684204102,-163.769775390625
decentralized,20,40.0,41221621613,210453,-105.411903381348,175.29345703125
decentralized,20,40.0,41406171000,210453,-263.632568359375,-185.388336181641
decentralized,20,40.0,41590720387,210453,-221.355255126953,-167.972152709961
decentralized,20,40.0,41775269774,210453,-255.642105102539,38.9309844970703
decentralized,20,40.0,41959819161,210453,-232.844635009766,-176.078552246094
decentralized,20,40.0,42144368548,210453,-9.82996082305908,133.13037109375
decentralized,20,40.0,42328917935,210453,-327.758728027344,-361.572357177734
decentralized,20,40.0,42513467322,210453,-269.834350585938,-67.2893676757813
decentralized,20,40.0,42698016709,210453,-209.705017089844,-56.2411956787109
decentralized,20,40.0,42882566096,210453,-246.776443481445,63.0043907165527
decentralized,20,40.0,43067115483,210453,-221.914993286133,-271.243743896484
decentralized,20,40.0,43251664870,210453,-86.9664306640625,56.1654891967773
decentralized,20,40.0,43436214257,210453,48.9925689697266,-208.150436401367
decentralized,20,40.0,43620763644,210453,-114.895065307617,-338.139923095703
decentralized,20,40.0,43805313031,210453,71.4918975830078,-193.179153442383
decentralized,20,40.0,43989862418,210453,-4.25267839431763,-253.022262573242
decentralized,20,40.0,44174411805,210453,-282.688446044922,-36.3055267333984
decentralized,20,40.0,40667973452,210526,-299.634460449219,-119.320297241211
decentralized,20,40.0,40852522839,210526,-262.538635253906,-316.149322509766
decentralized,20,40.0,41037072226,210526,40.6185684204102,-159.948181152344
decentralized,20,40.0,41221621613,210526,-101.590301513672,175.29345703125
decentralized,20,40.0,41406171000,210526,-264.617523193359,-185.675109863281
decentralized,20,40.0,41590720387,210526,-221.31037902832,-164.336578369141
decentralized,20,40.0,41775269774,210526,-255.642105102539,35.1093826293945
decentralized,20,40.0,41959819161,210526,-233.112060546875,-179.103668212891
decentralized,20,40.0,42144368548,210526,-6.00836086273193,133.13037109375
decentralized,20,40.0,42328917935,210526,-327.758728027344,-357.750762939453
decentralized,20,40.0,42513467322,210526,-264.917663574219,-57.089485168457
decentralized,20,40.0,42698016709,210526,-208.592727661133,-52.8519859313965
decentralized,20,40.0,42882566096,210526,-246.776443481445,66.8259887695313
decentralized,20,40.0,43067115483,210526,-221.914993286133,-275.065338134766
decentralized,20,40.0,43251664870,210526,-87.9190444946289,55.9099884033203
decentralized,20,40.0,43436214257,210526,48.9925689697266,-211.972030639648
decentralized,20,40.0,43620763644,210526,-114.910057067871,-338.531982421875
decentralized,20,40.0,43805313031,210526,72.367073059082,-191.423812866211
decentralized,20,40.0,43989862418,210526,-4.25267839431763,-256.843872070313
decentralized,20,40.0,44174411805,210526,-284.020111083984,-38.1262741088867
decentralized,20,40.0,40667973452,210595,-299.950439453125,-125.379249572754
decentralized,20,40.0,40852522839,210595,-262.538635253906,-319.639984130859
decentralized,20,40.0,41037072226,210595,41.0507888793945,-164.205490112305
decentralized,20,40.0,41221621613,210595,-98.0996551513672,175.29345703125
decentralized,20,40.0,41406171000,210595,-264.351501464844,-188.293930053711
decentralized,20,40.0,41590720387,210595,-220.435852050781,-169.337417602539
decentralized,20,40.0,41775269774,210595,-255.642105102539,38.6000328063965
decentralized,20,40.0,41959819161,210595,-231.527191162109,-181.505111694336
decentralized,20,40.0,42144368548,210595,-6.00836086273193,133.13037109375
decentralized,20,40.0,42328917935,210595,-327.249542236328,-364.378692626953
decentralized,20,40.0,42513467322,210595,-270.224884033203,-67.5341262817383
decentralized,20,40.0,42698016709,210596,-207.366470336914,-57.9488220214844
decentralized,20,40.0,42882566096,210596,-246.776443481445,70.3166351318359
decentralized,20,40.0,43067115483,210596,-218.424346923828,-275.065338134766
decentralized,20,40.0,43251664870,210596,-87.9190444946289,59.4006385803223
decentralized,20,40.0,43436214257,210596,49.4794998168945,-213.888763427734
decentralized,20,40.0,43620763644,210596,-114.910057067871,-342.022644042969
decentralized,20,40.0,43805313031,210596,71.5993347167969,-192.924880981445
decentralized,20,40.0,43989862418,210596,-4.25267839431763,-260.334533691406
decentralized,20,40.0,44174411805,210596,-284.633605957031,-37.213695526123
decentralized,20,40.0,40667973452,210661,-301.027221679688,-119.348197937012
decentralized,20,40.0,40852522839,210661,-261.566223144531,-320.454315185547
decentralized,20,40.0,41037072226,210661,41.0507888793945,-159.58821105957
decentralized,20,40.0,41221621613,210661,-94.4579544067383,175.29345703125
decentralized,20,40.0,41406171000,210661,-266.154174804688,-189.073104858398
decentralized,20,40.0,41590720387,210661,-222.090408325195,-168.498062133789
decentralized,20,40.0,41775269774,210661,-255.642105102539,42.2417335510254
decentralized,20,40.0,41959819161,210661,-231.527191162109,-185.14680480957
decentralized,20,40.0,42144368548,210661,-6.00836086273193,136.772064208984
decentralized,20,40.0,42328917935,210661,-327.249542236328,-368.020385742188
decentralized,20,40.0,42513467322,210661,-264.590576171875,-56.9533309936523
decentralized,20,40.0,42698016709,210661,-207.366470336914,-54.3071212768555
decentralized,20,40.0,42882566096,210661,-246.776443481445,73.9583358764648
decentralized,20,40.0,43067115483,210661,-218.519073486328,-275.507629394531
decentralized,20,40.0,43251664870,210661,-87.9190444946289,63.0423393249512
decentralized,20,40.0,43436214257,210661,49.1575660705566,-213.087188720703
decentralized,20,40.0,43620763644,210661,-114.910057067871,-345.664337158203
decentralized,20,40.0,43805313031,210661,71.5593109130859,-196.469467163086
decentralized,20,40.0,43989862418,210661,-4.25267839431763,-263.976226806641
decentralized,20,40.0,44174411805,210661,-283.840057373047,-38.161735534668
decentralized,20,40.0,40667973452,210726,-301.196990966797,-125.684875488281
decentralized,20,40.0,40852522839,210726,-258.063934326172,-320.454315185547
decentralized,20,40.0,41037072226,210726,42.0572242736816,-162.493316650391
decentralized,20,40.0,41221621613,210726,-90.9556579589844,175.29345703125
decentralized,20,40.0,41406171000,210726,-266.420745849609,-193.305374145508
decentralized,20,40.0,41590720387,210726,-221.470077514648,-172.218887329102
decentralized,20,40.0,41775269774,210726,-252.139801025391,42.2417335510254
decentralized,20,40.0,41959819161,210726,-231.827102661133,-183.096176147461
decentralized,20,40.0,42144368548,210726,-6.00836086273193,133.269760131836
decentralized,20,40.0,42328917935,210726,-323.747253417969,-368.020385742188
decentralized,20,40.0,42513467322,210726,-270.372253417969,-67.7960968017578
decentralized,20,40.0,42698016709,210726,-206.680953979492,-60.3888282775879
decentralized,20,40.0,42882566096,210726,-243.274139404297,73.9583358764648
decentralized,20,40.0,43067115483,210726,-218.519073486328,-271.395965576172
decentralized,20,40.0,43251664870,210726,-87.9190444946289,59.5400390625
decentralized,20,40.0,43436214257,210726,49.2773666381836,-213.697708129883
decentralized,20,40.0,43620763644,210726,-111.407760620117,-345.664337158203
decentralized,20,40.0,43805313031,210726,71.5593109130859,-192.967163085938
decentralized,20,40.0,43989862418,210726,-4.25267839431763,-260.473937988281
decentralized,20,40.0,44174411805,210726,-284.606658935547,-37.2056922912598
decentralized,20,40.0,40667973452,210796,-302.688507080078,-119.452949523926
decentralized,20,40.0,40852522839,210796,-254.776885986328,-320.454315185547
decentralized,20,40.0,41037072226,210796,42.0572242736816,-165.780364990234
decentralized,20,40.0,41221621613,210796,-87.6686096191406,175.29345703125
decentralized,20,40.0,41406171000,210796,-263.879608154297,-193.565200805664
decentralized,20,40.0,41590720387,210796,-219.909484863281,-172.348419189453
decentralized,20,40.0,41775269774,210796,-248.852752685547,42.2417335510254
decentralized,20,40.0,41959819161,210796,-231.690811157227,-184.483413696289
decentralized,20,40.0,42144368548,210796,-6.93702125549316,134.609756469727
decentralized,20,40.0,42328917935,210796,-320.460205078125,-368.020385742188
decentralized,20,40.0,42513467322,210796,-261.747100830078,-57.8002853393555
decentralized,20,40.0,42698016709,210796,-206.355178833008,-63.4129295349121
decentralized,20,40.0,42882566096,210796,-239.987091064453,73.9583358764648
decentralized,20,40.0,43067115483,210796,-220.036590576172,-278.161071777344
decentralized,20,40.0,43251664870,210796,-87.9190444946289,56.2529907226563
decentralized,20,40.0,43436214257,210796,49.7443008422852,-213.170028686523
decentralized,20,40.0,43620763644,210796,-111.407760620117,-342.377288818359
decentralized,20,40.0,43805313031,210796,72.6441345214844,-199.327163696289
decentralized,20,40.0,43989862418,210796,-4.25267839431763,-257.186889648438
decentralized,20,40.0,44174411805,210796,-283.761871337891,-38.232608795166
decentralized,20,40.0,40667973452,210862,-302.619689941406,-124.779632568359
decentralized,20,40.0,40852522839,210862,-254.776885986328,-320.454315185547
decentralized,20,40.0,41037072226,210862,42.0572242736816,-169.170013427734
decentralized,20,40.0,41221621613,210862,-84.2789611816406,175.29345703125
decentralized,20,40.0,41406171000,210862,-263.919311523438,-196.870635986328
decentralized,20,40.0,41590720387,210862,-218.823501586914,-174.740478515625
decentralized,20,40.0,41775269774,210862,-245.463104248047,42.2417335510254
decentralized,20,40.0,41959819161,210862,-231.752380371094,-187.777496337891
decentralized,20,40.0,42144368548,210862,-6.93702125549316,137.999404907227
decentralized,20,40.0,42328917935,210862,-317.070556640625,-368.020385742188
decentralized,20,40.0,42513467322,210862,-268.974456787109,-69.9648056030273
decentralized,20,40.0,42698016709,210862,-205.508087158203,-62.2274932861328
decentralized,20,40.0,42882566096,210862,-236.597442626953,73.9583358764648
decentralized,20,40.0,43067115483,210862,-220.036590576172,-274.771423339844
decentralized,20,40.0,43251664870,210862,-87.9190444946289,59.6426391601563
decentralized,20,40.0,43436214257,210862,49.7443008422852,-209.780380249023
decentralized,20,40.0,43620763644,210862,-111.407760620117,-338.987640380859
decentralized,20,40.0,43805313031,210862,72.4225463867188,-195.756500244141
decentralized,20,40.0,43989862418,210862,-4.25267839431763,-253.797241210938
decentralized,20,40.0,44174411805,210862,-284.6591796875,-37.1885681152344
decentralized,20,40.0,40667973452,210925,-304.652709960938,-123.807792663574
decentralized,20,40.0,40852522839,210925,-254.776885986328,-316.984497070313
decentralized,20,40.0,41037072226,210925,42.2486152648926,-165.588531494141
decentralized,20,40.0,41221621613,210925,-80.8518142700195,175.29345703125
decentralized,20,40.0,41406171000,210925,-264.820129394531,-194.075332641602
decentralized,20,40.0,41590720387,210925,-219.183746337891,-177.839782714844
decentralized,20,40.0,41775269774,210925,-245.671508789063,43.2065658569336
decentralized,20,40.0,41959819161,210925,-231.820098876953,-191.100982666016
decentralized,20,40.0,42144368548,210925,-6.93702125549316,141.426559448242
decentralized,20,40.0,42328917935,210925,-313.643402099609,-368.020385742188
decentralized,20,40.0,42513467322,210925,-264.511260986328,-57.0677680969238
decentralized,20,40.0,42698016709,210925,-204.748748779297,-65.279541015625
decentralized,20,40.0,42882566096,210925,-233.170288085938,73.9583358764648
decentralized,20,40.0,43067115483,210925,-220.036590576172,-271.344268798828
decentralized,20,40.0,43251664870,210925,-87.9190444946289,56.2154884338379
decentralized,20,40.0,43436214257,210925,49.7443008422852,-206.353225708008
decentralized,20,40.0,43620763644,210925,-111.407760620117,-335.560485839844
decentralized,20,40.0,43805313031,210925,72.4225463867188,-192.329345703125
decentralized,20,40.0,43989862418,210925,-4.25267839431763,-250.370086669922
decentralized,20,40.0,44174411805,210925,-283.758483886719,-38.2207145690918
decentralized,20,40.0,40667973452,210988,-302.639465332031,-124.66870880127
decentralized,20,40.0,40852522839,210988,-254.776885986328,-313.812683105469
decentralized,20,40.0,41037072226,210988,42.2486152648926,-162.416732788086
decentralized,20,40.0,41221621613,210988,-77.6800155639648,175.29345703125
decentralized,20,40.0,41406171000,210988,-264.82763671875,-198.862518310547
decentralized,20,40.0,41590720387,210988,-222.038238525391,-177.719284057617
decentralized,20,40.0,41775269774,210988,-245.671508789063,40.0347671508789
decentralized,20,40.0,41959819161,210988,-230.879867553711,-193.362487792969
decentralized,20,40.0,42144368548,210988,-6.93702125549316,144.598358154297
decentralized,20,40.0,42328917935,210988,-313.643402099609,-368.020385742188
decentralized,20,40.0,42513467322,210988,-268.203948974609,-70.5464477539063
decentralized,20,40.0,42698016709,210988,-205.532135009766,-63.5617599487305
decentralized,20,40.0,42882566096,210988,-229.998489379883,73.9583358764648
decentralized,20,40.0,43067115483,210988,-216.859313964844,-271.344268798828
decentralized,20,40.0,43251664870,210988,-87.9190444946289,59.3872871398926
decentralized,20,40.0,43436214257,210988,49.7443008422852,-203.181427001953
decentralized,20,40.0,43620763644,210988,-111.407760620117,-332.388671875
decentralized,20,40.0,43805313031,210988,72.4225463867188,-195.50114440918
decentralized,20,40.0,43989862418,210988,-1.08087825775146,-250.370086669922
decentralized,20,40.0,44174411805,210988,-284.683380126953,-37.1045150756836
decentralized,20,40.0,40667973452,211048,-303.447875976563,-125.764755249023
decentralized,20,40.0,40852522839,211048,-251.630630493164,-313.812683105469
decentralized,20,40.0,41037072226,211048,42.2486152648926,-159.270477294922
decentralized,20,40.0,41221621613,211048,-74.5337677001953,175.29345703125
decentralized,20,40.0,41406171000,211048,-264.82763671875,-195.716262817383
decentralized,20,40.0,41590720387,211048,-221.4111328125,-180.378784179688
decentralized,20,40.0,41775269774,211048,-245.366104125977,42.0146026611328
decentralized,20,40.0,41959819161,211048,-231.838317871094,-194.126083374023
decentralized,20,40.0,42144368548,211048,-6.93702125549316,147.744613647461
decentralized,20,40.0,42328917935,211048,-313.643402099609,-371.166625976563
decentralized,20,40.0,42513467322,211048,-261.933746337891,-59.0410919189453
decentralized,20,40.0,42698016709,211048,-204.548889160156,-65.2541809082031
decentralized,20,40.0,42882566096,211048,-226.852233886719,73.9583358764648
decentralized,20,40.0,43067115483,211048,-213.71305847168,-271.344268798828
decentralized,20,40.0,43251664870,211048,-87.9190444946289,62.5335388183594
decentralized,20,40.0,43436214257,211048,49.7443008422852,-200.035171508789
decentralized,20,40.0,43620763644,211048,-108.261512756348,-332.388671875
decentralized,20,40.0,43805313031,211048,72.4225463867188,-192.354888916016
decentralized,20,40.0,43989862418,211048,-1.08087825775146,-247.223831176758
decentralized,20,40.0,44174411805,211048,-283.94921875,-38.0472564697266
decentralized,20,40.0,40667973452,211109,-303.824676513672,-126.341773986816
decentralized,20,40.0,40852522839,211109,-248.509231567383,-313.812683105469
decentralized,20,40.0,41037072226,211109,42.2486152648926,-156.149078369141
decentralized,20,40.0,41221621613,211109,-71.4123687744141,175.29345703125
decentralized,20,40.0,41406171000,211109,-264.931304931641,-200.298553466797
decentralized,20,40.0,41590720387,211109,-222.490615844727,-181.140090942383
decentralized,20,40.0,41775269774,211109,-245.366104125977,45.1360015869141
decentralized,20,40.0,41959819161,211109,-231.121200561523,-194.252395629883
decentralized,20,40.0,42144368548,211109,-6.46010637283325,144.322418212891
decentralized,20,40.0,42328917935,211109,-313.643402099609,-374.288024902344
decentralized,20,40.0,42513467322,211109,-266.214813232422,-70.3031005859375
decentralized,20,40.0,42698016709,211109,-205.491104125977,-63.693042755127
decentralized,20,40.0,42882566096,211109,-226.852233886719,73.9583358764648
decentralized,20,40.0,43067115483,211109,-210.591659545898,-271.344268798828
decentralized,20,40.0,43251664870,211109,-87.9190444946289,59.4121398925781
decentralized,20,40.0,43436214257,211109,49.7443008422852,-196.913772583008
decentralized,20,40.0,43620763644,211109,-105.140113830566,-332.388671875
decentralized,20,40.0,43805313031,211109,71.1023635864258,-197.011199951172
decentralized,20,40.0,43989862418,211109,-1.08087825775146,-244.102432250977
decentralized,20,40.0,44174411805,211109,-284.760650634766,-36.8435287475586
decentralized,20,40.0,40667973452,211176,-303.574188232422,-125.848899841309
decentralized,20,40.0,40852522839,211176,-245.410278320313,-313.812683105469
decentralized,20,40.0,41037072226,211176,43.1044998168945,-160.511352539063
decentralized,20,40.0,41221621613,211176,-68.3134155273438,175.29345703125
decentralized,20,40.0,41406171000,211176,-266.079986572266,-201.718780517578
decentralized,20,40.0,41590720387,211176,-220.46012878418,-182.098617553711
decentralized,20,40.0,41775269774,211176,-245.366104125977,48.2349510192871
decentralized,20,40.0,41959819161,211176,-231.941070556641,-196.759246826172
decentralized,20,40.0,42144368548,211176,-6.46010637283325,141.22346496582
decentralized,20,40.0,42328917935,211176,-313.643402099609,-377.386962890625
decentralized,20,40.0,42513467322,211176,-262.134338378906,-59.6551170349121
decentralized,20,40.0,42698016709,211176,-203.878570556641,-65.3950119018555
decentralized,20,40.0,42882566096,211176,-226.852233886719,70.8511657714844
decentralized,20,40.0,43067115483,211176,-207.492706298828,-271.344268798828
decentralized,20,40.0,43251664870,211176,-87.9190444946289,56.3131904602051
decentralized,20,40.0,43436214257,211176,49.7443008422852,-193.814819335938
decentralized,20,40.0,43620763644,211176,-102.041160583496,-332.388671875
decentralized,20,40.0,43805313031,211176,70.4868469238281,-196.567077636719
decentralized,20,40.0,43989862418,211176,-1.08087825775146,-241.003479003906
decentralized,20,40.0,44174411805,211176,-283.996124267578,-37.6178436279297
decentralized,20,40.0,40667973452,211239,-304.286224365234,-127.07007598877
decentralized,20,40.0,40852522839,211239,-242.418334960938,-313.812683105469
decentralized,20,40.0,41037072226,211239,43.927562713623,-159.289611816406
decentralized,20,40.0,41221621613,211239,-65.3214645385742,175.29345703125
decentralized,20,40.0,41406171000,211239,-266.079986572266,-204.710723876953
decentralized,20,40.0,41590720387,211239,-220.46012878418,-185.090560913086
decentralized,20,40.0,41775269774,211239,-245.366104125977,45.2430000305176
decentralized,20,40.0,41959819161,211240,-231.941070556641,-199.751190185547
decentralized,20,40.0,42144368548,211240,-6.46010637283325,138.231521606445
decentralized,20,40.0,42328917935,211240,-313.643402099609,-380.37890625
decentralized,20,40.0,42513467322,211240,-267.624176025391,-71.6815567016602
decentralized,20,40.0,42698016709,211240,-203.344635009766,-67.707633972168
decentralized,20,40.0,42882566096,211240,-226.852233886719,67.8592147827148
decentralized,20,40.0,43067115483,211240,-204.500762939453,-271.344268798828
decentralized,20,40.0,43251664870,211240,-87.9190444946289,59.3051414489746
decentralized,20,40.0,43436214257,211240,49.7443008422852,-190.822875976563
decentralized,20,40.0,43620763644,211240,-102.041160583496,-329.396728515625
decentralized,20,40.0,43805313031,211240,70.4868469238281,-193.575134277344
decentralized,20,40.0,43989862418,211240,1.91107177734375,-241.003479003906
decentralized,20,40.0,44174411805,211240,-284.9248046875,-36.9084701538086
decentralized,20,40.0,40667973452,211296,-304.781280517578,-129.659271240234
decentralized,20,40.0,40852522839,211296,-239.154449462891,-313.812683105469
decentralized,20,40.0,41037072226,211296,43.927562713623,-156.025726318359
decentralized,20,40.0,41221621613,211296,-62.0575752258301,175.29345703125
decentralized,20,40.0,41406171000,211296,-265.562652587891,-204.269149780273
decentralized,20,40.0,41590720387,211296,-220.46012878418,-188.354446411133
decentralized,20,40.0,41775269774,211296,-244.927719116211,46.748893737793
decentralized,20,40.0,41959819161,211296,-230.282165527344,-200.066146850586
decentralized,20,40.0,42144368548,211296,-6.46010637283325,134.967636108398
decentralized,20,40.0,42328917935,211296,-313.643402099609,-383.642791748047
decentralized,20,40.0,42513467322,211296,-262.156311035156,-59.9229736328125
decentralized,20,40.0,42698016709,211296,-202.422027587891,-69.7695541381836
decentralized,20,40.0,42882566096,211296,-226.852233886719,64.595329284668
decentralized,20,40.0,43067115483,211296,-201.236877441406,-271.344268798828
decentralized,20,40.0,43251664870,211296,-87.9190444946289,62.5690307617188
decentralized,20,40.0,43436214257,211296,49.7137832641602,-197.037384033203
decentralized,20,40.0,43620763644,211296,-102.041160583496,-326.132843017578
decentralized,20,40.0,43805313031,211296,70.4868469238281,-190.311248779297
decentralized,20,40.0,43989862418,211296,5.17496061325073,-241.003479003906
decentralized,20,40.0,44174411805,211296,-284.003112792969,-37.447338104248
decentralized,20,40.0,40667973452,211348,-305.310577392578,-128.087417602539
decentralized,20,40.0,40852522839,211348,-235.929290771484,-313.812683105469
decentralized,20,40.0,41037072226,211348,42.7084465026855,-159.761337280273
decentralized,20,40.0,41221621613,211348,-58.8324127197266,175.29345703125
decentralized,20,40.0,41406171000,211348,-264.471374511719,-206.490386962891
decentralized,20,40.0,41590720387,211348,-219.391815185547,-188.27458190918
decentralized,20,40.0,41775269774,211348,-244.927719116211,43.5237312316895
decentralized,20,40.0,41959819161,211348,-230.680114746094,-203.731842041016
decentralized,20,40.0,42144368548,211348,-6.46010637283325,131.742477416992
decentralized,20,40.0,42328917935,211348,-313.643402099609,-386.867950439453
decentralized,20,40.0,42513467322,211348,-266.164764404297,-70.7317123413086
decentralized,20,40.0,42698016709,211348,-202.052627563477,-72.6566543579102
decentralized,20,40.0,42882566096,211348,-226.947265625,61.9537887573242
decentralized,20,40.0,43067115483,211348,-198.01171875,-271.344268798828
decentralized,20,40.0,43251664870,211348,-87.9190444946289,59.3438682556152
decentralized,20,40.0,43436214257,211348,49.7137832641602,-200.262542724609
decentralized,20,40.0,43620763644,211348,-102.041160583496,-322.907684326172
decentralized,20,40.0,43805313031,211348,70.4868469238281,-187.086090087891
decentralized,20,40.0,43989862418,211348,8.40012168884277,-241.003479003906
decentralized,20,40.0,44174411805,211348,-284.887634277344,-36.8760566711426
decentralized,20,40.0,40667973452,211417,-305.073547363281,-130.046661376953
decentralized,20,40.0,40852522839,211417,-233.059387207031,-313.812683105469
decentralized,20,40.0,41037072226,211417,42.5181350708008,-156.595169067383
decentralized,20,40.0,41221621613,211417,-55.9625129699707,175.29345703125
decentralized,20,40.0,41406171000,211417,-265.721160888672,-204.549713134766
decentralized,20,40.0,41590720387,211417,-219.587860107422,-191.133865356445
decentralized,20,40.0,41775269774,211417,-244.927719116211,46.5041542053223
decentralized,20,40.0,41959819161,211417,-230.680114746094,-206.601745605469
decentralized,20,40.0,42144368548,211417,-6.46010637283325,128.872573852539
decentralized,20,40.0,42328917935,211417,-313.643402099609,-383.998046875
decentralized,20,40.0,42513467322,211417,-262.2734375,-60.1478309631348
decentralized,20,40.0,42698016709,211417,-202.052627563477,-69.8271331787109
decentralized,20,40.0,42882566096,211417,-226.90559387207,64.61767578125
decentralized,20,40.0,43067115483,211417,-195.141815185547,-271.344268798828
decentralized,20,40.0,43251664870,211417,-87.9190444946289,56.4739685058594
decentralized,20,40.0,43436214257,211417,49.7137832641602,-203.132446289063
decentralized,20,40.0,43620763644,211417,-99.171257019043,-322.907684326172
decentralized,20,40.0,43805313031,211417,70.4868469238281,-184.216186523438
decentralized,20,40.0,43989862418,211417,8.40012168884277,-238.133575439453
decentralized,20,40.0,44174411805,211417,-284.064178466797,-37.2499504089355
decentralized,20,40.0,40667973452,211471,-305.440338134766,-132.203735351563
decentralized,20,40.0,40852522839,211471,-230.38948059082,-313.812683105469
decentralized,20,40.0,41037072226,211471,42.5181350708008,-153.925262451172
decentralized,20,40.0,41221621613,211471,-53.2926139831543,175.29345703125
decentralized,20,40.0,41406171000,211471,-265.168792724609,-207.478164672852
decentralized,20,40.0,41590720387,211471,-219.587860107422,-193.803771972656
decentralized,20,40.0,41775269774,211471,-244.927719116211,49.1740531921387
decentralized,20,40.0,41959819161,211471,-231.768844604492,-205.451629638672
decentralized,20,40.0,42144368548,211471,-6.46010637283325,126.202674865723
decentralized,20,40.0,42328917935,211471,-313.643402099609,-386.667938232422
decentralized,20,40.0,42513467322,211471,-265.055908203125,-71.2810974121094
decentralized,20,40.0,42698016709,211471,-201.379028320313,-72.8945236206055
decentralized,20,40.0,42882566096,211471,-226.90559387207,67.2875747680664
decentralized,20,40.0,43067115483,211471,-192.471908569336,-271.344268798828
decentralized,20,40.0,43251664870,211471,-87.9190444946289,59.1438674926758
decentralized,20,40.0,43436214257,211471,49.7137832641602,-205.802352905273
decentralized,20,40.0,43620763644,211471,-96.5013580322266,-322.907684326172
decentralized,20,40.0,43805313031,211471,70.4868469238281,-181.546279907227
decentralized,20,40.0,43989862418,211471,8.40012168884277,-235.463668823242
decentralized,20,40.0,44174411805,211471,-284.753387451172,-36.8560104370117
decentralized,20,40.0,40667973452,211523,-305.651519775391,-134.870300292969
decentralized,20,40.0,40852522839,211523,-227.472808837891,-313.812683105469
decentralized,20,40.0,41037072226,211523,42.5181350708008,-156.841934204102
decentralized,20,40.0,41221621613,211523,-50.3759460449219,175.29345703125
decentralized,20,40.0,41406171000,211523,-265.809173583984,-204.57698059082
decentralized,20,40.0,41590720387,211523,-218.725982666016,-195.986633300781
decentralized,20,40.0,41775269774,211523,-244.927719116211,52.0907211303711
decentralized,20,40.0,41959819161,211523,-231.768844604492,-208.368301391602
decentralized,20,40.0,42144368548,211523,-6.46010637283325,123.286010742188
decentralized,20,40.0,42328917935,211523,-313.643402099609,-389.584594726563
decentralized,20,40.0,42513467322,211523,-263.237548828125,-73.6382598876953
decentralized,20,40.0,42698016709,211523,-201.379028320313,-69.9778594970703
decentralized,20,40.0,42882566096,211523,-226.90559387207,70.2042388916016
decentralized,20,40.0,43067115483,211523,-189.555236816406,-271.344268798828
decentralized,20,40.0,43251664870,211523,-87.9190444946289,56.2271995544434
decentralized,20,40.0,43436214257,211523,52.6304512023926,-205.802352905273
decentralized,20,40.0,43620763644,211523,-93.5846939086914,-322.907684326172
decentralized,20,40.0,43805313031,211523,70.4868469238281,-178.629608154297
decentralized,20,40.0,43989862418,211523,8.40012168884277,-232.546997070313
decentralized,20,40.0,44174411805,211523,-284.219299316406,-37.3451690673828
decentralized,20,40.0,40667973452,211586,-305.651519775391,-137.786972045898
decentralized,20,40.0,40852522839,211586,-224.556137084961,-313.812683105469
decentralized,20,40.0,41037072226,211586,42.5181350708008,-159.758605957031
decentralized,20,40.0,41221621613,211586,-47.4592781066895,175.29345703125
decentralized,20,40.0,41406171000,211586,-265.136779785156,-210.358413696289
decentralized,20,40.0,41590720387,211586,-218.725982666016,-198.903305053711
decentralized,20,40.0,41775269774,211586,-244.927719116211,55.0073890686035
decentralized,20,40.0,41959819161,211586,-230.945953369141,-206.226013183594
decentralized,20,40.0,42144368548,211586,-6.46010637283325,120.369346618652
decentralized,20,40.0,42328917935,211586,-313.643402099609,-392.501251220703
decentralized,20,40.0,42513467322,211586,-264.202575683594,-74.9646301269531
decentralized,20,40.0,42698016709,211586,-200.462860107422,-73.1466064453125
decentralized,20,40.0,42882566096,211586,-226.90559387207,73.1209030151367
decentralized,20,40.0,43067115483,211586,-186.638565063477,-271.344268798828
decentralized,20,40.0,43251664870,211586,-87.9190444946289,59.1438674926758
decentralized,20,40.0,43436214257,211586,52.6304512023926,-202.885681152344
decentralized,20,40.0,43620763644,211586,-90.6680297851563,-322.907684326172
decentralized,20,40.0,43805313031,211586,70.4868469238281,-175.712936401367
decentralized,20,40.0,43989862418,211586,8.40012168884277,-232.546997070313
decentralized,20,40.0,44174411805,211586,-284.59814453125,-36.8575782775879
decentralized,20,40.0,40667973452,211639,-305.651519775391,-140.579833984375
decentralized,20,40.0,40852522839,211639,-221.763275146484,-313.812683105469
decentralized,20,40.0,41037072226,211639,42.5181350708008,-162.551467895508
decentralized,20,40.0,41221621613,211639,-47.6594543457031,176.132949829102
decentralized,20,40.0,41406171000,211639,-265.136779785156,-213.151275634766
decentralized,20,40.0,41590720387,211639,-215.951278686523,-200.033493041992
decentralized,20,40.0,41775269774,211639,-244.927719116211,57.8002548217773
decentralized,20,40.0,41959819161,211639,-231.257873535156,-209.205780029297
decentralized,20,40.0,42144368548,211639,-6.46010637283325,117.576477050781
decentralized,20,40.0,42328917935,211639,-313.643402099609,-395.294128417969
decentralized,20,40.0,42513467322,211639,-262.937469482422,-74.9399337768555
decentralized,20,40.0,42698016709,211639,-199.887756347656,-70.2860412597656
decentralized,20,40.0,42882566096,211639,-226.90559387207,75.2319183349609
decentralized,20,40.0,43067115483,211639,-186.638565063477,-271.344268798828
decentralized,20,40.0,43251664870,211639,-87.9190444946289,56.351001739502
decentralized,20,40.0,43436214257,211639,52.6304512023926,-200.57829284668
decentralized,20,40.0,43620763644,211639,-90.6680297851563,-320.114807128906
decentralized,20,40.0,43805313031,211639,71.47509765625,-181.032150268555
decentralized,20,40.0,43989862418,211639,8.40012168884277,-235.339859008789
decentralized,20,40.0,44174411805,211639,-284.619659423828,-37.2554550170898
decentralized,20,40.0,40667973452,211684,-306.136413574219,-143.169219970703
decentralized,20,40.0,40852522839,211684,-218.846603393555,-313.812683105469
decentralized,20,40.0,41037072226,211684,42.5181350708008,-165.468139648438
decentralized,20,40.0,41221621613,211684,-47.6594543457031,179.049621582031
decentralized,20,40.0,41406171000,211684,-264.311889648438,-213.216918945313
decentralized,20,40.0,41590720387,211684,-215.951278686523,-202.950164794922
decentralized,20,40.0,41775269774,211684,-244.927719116211,54.8835868835449
decentralized,20,40.0,41959819161,211684,-230.641326904297,-211.185134887695
decentralized,20,40.0,42144368548,211684,-6.46010637283325,114.659812927246
decentralized,20,40.0,42328917935,211684,-313.643402099609,-398.210784912109
decentralized,20,40.0,42513467322,211684,-263.208068847656,-75.8579483032227
decentralized,20,40.0,42698016709,211684,-199.887756347656,-67.4918518066406
decentralized,20,40.0,42882566096,211684,-227.10514831543,73.4078216552734
decentralized,20,40.0,43067115483,211684,-186.638565063477,-274.260925292969
decentralized,20,40.0,43251664870,211684,-87.9190444946289,59.2676696777344
decentralized,20,40.0,43436214257,211684,52.8203010559082,-202.577651977539
decentralized,20,40.0,43620763644,211684,-90.6680297851563,-317.198150634766
decentralized,20,40.0,43805313031,211684,70.326774597168,-180.17790222168
decentralized,20,40.0,43989862418,211684,8.40012168884277,-238.256530761719
decentralized,20,40.0,44174411805,211684,-284.986267089844,-36.7303161621094
decentralized,20,40.0,40667973452,211736,-305.848358154297,-140.46891784668
decentralized,20,40.0,40852522839,211736,-215.995666503906,-313.812683105469
decentralized,20,40.0,41037072226,211736,42.5181350708008,-168.319076538086
decentralized,20,40.0,41221621613,211736,-47.6594543457031,181.90055847168
decentralized,20,40.0,41406171000,211736,-264.66455078125,-214.005081176758
decentralized,20,40.0,41590720387,211736,-215.951278686523,-200.099227905273
decentralized,20,40.0,41775269774,211736,-244.927719116211,52.0326538085938
decentralized,20,40.0,41959819161,211736,-230.641326904297,-214.036071777344
decentralized,20,40.0,42144368548,211736,-6.75259876251221,116.941116333008
decentralized,20,40.0,42328917935,211736,-313.643402099609,-401.061706542969
decentralized,20,40.0,42513467322,211736,-262.869110107422,-75.3254699707031
decentralized,20,40.0,42698016709,211736,-199.887756347656,-64.6409149169922
decentralized,20,40.0,42882566096,211736,-227.10514831543,75.2898864746094
decentralized,20,40.0,43067115483,211736,-183.787628173828,-274.260925292969
decentralized,20,40.0,43251664870,211736,-87.9190444946289,62.1186027526855
decentralized,20,40.0,43436214257,211736,52.8203010559082,-200.528549194336
decentralized,20,40.0,43620763644,211736,-90.6680297851563,-314.347229003906
decentralized,20,40.0,43805313031,211736,70.326774597168,-177.326965332031
decentralized,20,40.0,43989862418,211736,8.40012168884277,-241.107467651367
decentralized,20,40.0,44174411805,211736,-285.882934570313,-38.6982040405273
decentralized,20,40.0,40667973452,211785,-305.848358154297,-142.778823852539
decentralized,20,40.0,40852522839,211785,-213.685760498047,-313.812683105469
decentralized,20,40.0,41037072226,211785,42.5181350708008,-166.009170532227
decentralized,20,40.0,41221621613,211785,-45.3495559692383,181.90055847168
decentralized,20,40.0,41406171000,211785,-264.989990234375,-213.508010864258
decentralized,20,40.0,41590720387,211785,-215.951278686523,-202.409133911133
decentralized,20,40.0,41775269774,211785,-244.952697753906,49.7958297729492
decentralized,20,40.0,41959819161,211785,-230.641326904297,-211.726165771484
decentralized,20,40.0,42144368548,211785,-6.75259876251221,119.251014709473
decentralized,20,40.0,42328917935,211785,-313.643402099609,-403.371612548828
decentralized,20,40.0,42513467322,211785,-262.946868896484,-75.8283386230469
decentralized,20,40.0,42698016709,211785,-199.887756347656,-61.7255477905273
decentralized,20,40.0,42882566096,211785,-224.79524230957,75.2898864746094
decentralized,20,40.0,43067115483,211785,-181.477722167969,-274.260925292969
decentralized,20,40.0,43251664870,211785,-87.9190444946289,59.8087043762207
decentralized,20,40.0,43436214257,211785,52.8203010559082,-197.671768188477
decentralized,20,40.0,43620763644,211785,-88.3581314086914,-314.347229003906
decentralized,20,40.0,43805313031,211785,70.326774597168,-175.6396484375
decentralized,20,40.0,43989862418,211785,8.40012168884277,-243.417373657227
decentralized,20,40.0,44174411805,211785,-285.672790527344,-39.1721801757813
decentralized,20,40.0,40667973452,211837,-307.8681640625,-143.880935668945
decentralized,20,40.0,40852522839,211837,-211.065704345703,-313.812683105469
decentralized,20,40.0,41037072226,211837,42.5181350708008,-163.389114379883
decentralized,20,40.0,41221621613,211837,-42.7295074462891,181.90055847168
decentralized,20,40.0,41406171000,211837,-264.889831542969,-216.05029296875
decentralized,20,40.0,41590720387,211837,-215.951278686523,-199.789077758789
decentralized,20,40.0,41775269774,211837,-244.839508056641,52.1350593566895
decentralized,20,40.0,41959819161,211837,-230.641326904297,-214.346221923828
decentralized,20,40.0,42144368548,211837,-6.75259876251221,121.871063232422
decentralized,20,40.0,42328917935,211837,-313.643402099609,-405.991668701172
decentralized,20,40.0,42513467322,211837,-262.768676757813,-75.8599319458008
decentralized,20,40.0,42698016709,211837,-199.887756347656,-59.4227676391602
decentralized,20,40.0,42882566096,211837,-222.175186157227,75.2898864746094
decentralized,20,40.0,43067115483,211837,-178.857666015625,-274.260925292969
decentralized,20,40.0,43251664870,211837,-87.9190444946289,57.1886558532715
decentralized,20,40.0,43436214257,211837,53.0362701416016,-199.727676391602
decentralized,20,40.0,43620763644,211837,-85.7380828857422,-314.347229003906
decentralized,20,40.0,43805313031,211837,70.8638458251953,-179.74333190918
decentralized,20,40.0,43989862418,211837,8.40012168884277,-240.797317504883
decentralized,20,40.0,44174411805,211837,-286.034606933594,-40.4097633361816
decentralized,20,40.0,40667973452,211890,-307.468505859375,-145.05876159668
decentralized,20,40.0,40852522839,211890,-208.617904663086,-313.812683105469
decentralized,20,40.0,41037072226,211890,42.5181350708008,-160.941314697266
decentralized,20,40.0,41221621613,211890,-40.2817077636719,181.90055847168
decentralized,20,40.0,41406171000,211890,-265.275299072266,-213.652084350586
decentralized,20,40.0,41590720387,211890,-215.951278686523,-202.236877441406
decentralized,20,40.0,41775269774,211890,-244.839508056641,54.5828590393066
decentralized,20,40.0,41959819161,211890,-230.161865234375,-212.483520507813
decentralized,20,40.0,42144368548,211890,-6.75259876251221,124.318862915039
decentralized,20,40.0,42328917935,211890,-313.643402099609,-408.439483642578
decentralized,20,40.0,42513467322,211890,-262.651031494141,-75.7892379760742
decentralized,20,40.0,42698016709,211890,-199.887756347656,-56.795280456543
decentralized,20,40.0,42882566096,211890,-219.727386474609,75.2898864746094
decentralized,20,40.0,43067115483,211890,-176.409866333008,-274.260925292969
decentralized,20,40.0,43251664870,211890,-87.9190444946289,59.6364555358887
decentralized,20,40.0,43436214257,211890,55.4840698242188,-199.727676391602
decentralized,20,40.0,43620763644,211890,-85.7380828857422,-314.347229003906
decentralized,20,40.0,43805313031,211890,70.8638458251953,-177.295532226563
decentralized,20,40.0,43989862418,211890,8.40012168884277,-238.349517822266
decentralized,20,40.0,44174411805,211890,-286.034606933594,-37.9619636535645
decentralized,20,40.0,40667973452,211936,-308.737060546875,-146.621032714844
decentralized,20,40.0,40852522839,211936,-206.070007324219,-313.812683105469
decentralized,20,40.0,41037072226,211936,43.4046249389648,-164.859024047852
decentralized,20,40.0,41221621613,211936,-37.7338066101074,181.90055847168
decentralized,20,40.0,41406171000,211936,-265.224853515625,-218.311462402344
decentralized,20,40.0,41590720387,211936,-215.951278686523,-204.784774780273
decentralized,20,40.0,41775269774,211936,-244.839508056641,57.1307601928711
decentralized,20,40.0,41959819161,211936,-230.161865234375,-215.03141784668
decentralized,20,40.0,42144368548,211936,-6.75259876251221,126.866760253906
decentralized,20,40.0,42328917935,211936,-311.095489501953,-408.439483642578
decentralized,20,40.0,42513467322,211936,-262.651031494141,-78.3548355102539
decentralized,20,40.0,42698016709,211936,-200.440231323242,-61.7053871154785
decentralized,20,40.0,42882566096,211936,-217.179489135742,75.2898864746094
decentralized,20,40.0,43067115483,211936,-173.861968994141,-274.260925292969
decentralized,20,40.0,43251664870,211936,-87.9190444946289,62.1843566894531
decentralized,20,40.0,43436214257,211936,55.4840698242188,-197.099563598633
decentralized,20,40.0,43620763644,211936,-85.7380828857422,-311.943634033203
decentralized,20,40.0,43805313031,211936,71.0566024780273,-180.388793945313
decentralized,20,40.0,43989862418,211936,8.40012168884277,-235.801620483398
decentralized,20,40.0,44174411805,211936,-286.034606933594,-35.4140625
decentralized,20,40.0,40667973452,211981,-308.737060546875,-149.259918212891
decentralized,20,40.0,40852522839,211981,-203.431121826172,-313.812683105469
decentralized,20,40.0,41037072226,211981,43.6488838195801,-162.581100463867
decentralized,20,40.0,41221621613,211981,-35.0949172973633,181.90055847168
decentralized,20,40.0,41406171000,211981,-265.231475830078,-216.120040893555
decentralized,20,40.0,41590720387,211981,-215.951278686523,-207.42366027832
decentralized,20,40.0,41775269774,211981,-244.839508056641,59.7696495056152
decentralized,20,40.0,41959819161,211981,-230.161865234375,-217.670303344727
decentralized,20,40.0,42144368548,211981,-6.75259876251221,129.505645751953
decentralized,20,40.0,42328917935,211981,-308.456604003906,-408.439483642578
decentralized,20,40.0,42513467322,211981,-262.383270263672,-75.7860870361328
decentralized,20,40.0,42698016709,211981,-200.440231323242,-64.3442764282227
decentralized,20,40.0,42882566096,211981,-217.179489135742,75.2898864746094
decentralized,20,40.0,43067115483,211981,-171.223083496094,-274.260925292969
decentralized,20,40.0,43251664870,211981,-87.9190444946289,64.8232421875
decentralized,20,40.0,43436214257,211981,55.4840698242188,-194.460678100586
decentralized,20,40.0,43620763644,211981,-84.9558944702148,-316.687805175781
decentralized,20,40.0,43805313031,211981,71.0566024780273,-177.148345947266
decentralized,20,40.0,43989862418,211981,8.40012168884277,-233.162734985352
decentralized,20,40.0,44174411805,211981,-286.034606933594,-38.0529518127441
decentralized,20,40.0,40667973452,212022,-311.0234375,-150.240203857422
decentralized,20,40.0,40852522839,212022,-201.138259887695,-313.812683105469
decentralized,20,40.0,41037072226,212022,43.6488838195801,-160.288238525391
decentralized,20,40.0,41221621613,212022,-35.0949172973633,181.90055847168
decentralized,20,40.0,41406171000,212022,-265.268859863281,-218.333862304688
decentralized,20,40.0,41590720387,212022,-215.951278686523,-209.716522216797
decentralized,20,40.0,41775269774,212022,-244.839508056641,62.0625114440918
decentralized,20,40.0,41959819161,212022,-230.161865234375,-219.963165283203
decentralized,20,40.0,42144368548,212022,-6.75259876251221,131.79850769043
decentralized,20,40.0,42328917935,212022,-306.163757324219,-408.439483642578
decentralized,20,40.0,42513467322,212022,-262.515625,-78.5195846557617
decentralized,20,40.0,42698016709,212022,-200.440231323242,-62.0514144897461
decentralized,20,40.0,42882566096,212022,-217.179489135742,72.9970245361328
decentralized,20,40.0,43067115483,212022,-168.930221557617,-274.260925292969
decentralized,20,40.0,43251664870,212022,-87.9190444946289,62.5303802490234
decentralized,20,40.0,43436214257,212022,55.8785400390625,-196.208312988281
decentralized,20,40.0,43620763644,212022,-84.9558944702148,-318.980651855469
decentralized,20,40.0,43805313031,212022,71.0566024780273,-174.507827758789
decentralized,20,40.0,43989862418,212022,8.40012168884277,-230.869873046875
decentralized,20,40.0,44174411805,212022,-286.034606933594,-35.7600898742676
decentralized,20,40.0,40667973452,212069,-311.0234375,-152.615478515625
decentralized,20,40.0,40852522839,212069,-198.888656616211,-313.812683105469
decentralized,20,40.0,41037072226,212069,43.6488838195801,-162.537841796875
decentralized,20,40.0,41221621613,212069,-35.0949172973633,184.150161743164
decentralized,20,40.0,41406171000,212069,-265.268859863281,-220.583465576172
decentralized,20,40.0,41590720387,212069,-213.701675415039,-209.716522216797
decentralized,20,40.0,41775269774,212069,-244.839508056641,64.3121109008789
decentralized,20,40.0,41959819161,212069,-229.347381591797,-221.104736328125
decentralized,20,40.0,42144368548,212069,-6.75259876251221,134.048110961914
decentralized,20,40.0,42328917935,212069,-303.914154052734,-408.439483642578
decentralized,20,40.0,42513467322,212069,-262.515625,-80.7691879272461
decentralized,20,40.0,42698016709,212069,-200.440231323242,-59.801815032959
decentralized,20,40.0,42882566096,212069,-217.179489135742,75.2466278076172
decentralized,20,40.0,43067115483,212069,-166.680618286133,-274.260925292969
decentralized,20,40.0,43251664870,212069,-87.9190444946289,60.2807807922363
decentralized,20,40.0,43436214257,212069,55.8785400390625,-196.208312988281
decentralized,20,40.0,43620763644,212069,-82.7062911987305,-318.980651855469
decentralized,20,40.0,43805313031,212069,71.0566024780273,-176.757431030273
decentralized,20,40.0,43989862418,212069,8.40012168884277,-228.620269775391
decentralized,20,40.0,44174411805,212069,-286.297668457031,-39.1307754516602
decentralized,20,40.0,40667973452,212122,-311.213012695313,-151.423690795898
decentralized,20,40.0,40852522839,212122,-196.832550048828,-313.812683105469
decentralized,20,40.0,41037072226,212122,43.6488838195801,-164.593948364258
decentralized,20,40.0,41221621613,212122,-35.0949172973633,186.206268310547
decentralized,20,40.0,41406171000,212122,-265.369262695313,-218.521514892578
decentralized,20,40.0,41590720387,212122,-211.645568847656,-209.716522216797
decentralized,20,40.0,41775269774,212122,-244.839508056641,66.3682098388672
decentralized,20,40.0,41959819161,212122,-229.347381591797,-223.160842895508
decentralized,20,40.0,42144368548,212122,-6.75259876251221,136.104217529297
decentralized,20,40.0,42328917935,212122,-303.914154052734,-408.439483642578
decentralized,20,40.0,42513467322,212122,-262.268920898438,-78.9755477905273
decentralized,20,40.0,42698016709,212122,-200.440231323242,-57.7457160949707
decentralized,20,40.0,42882566096,212122,-217.179489135742,73.1905288696289
decentralized,20,40.0,43067115483,212122,-164.62451171875,-274.260925292969
decentralized,20,40.0,43251664870,212122,-87.9190444946289,58.224681854248
decentralized,20,40.0,43436214257,212122,55.8785400390625,-198.271789550781
decentralized,20,40.0,43620763644,212122,-82.7062911987305,-316.924560546875
decentralized,20,40.0,43805313031,212122,71.0566024780273,-174.701324462891
decentralized,20,40.0,43989862418,212122,8.40012168884277,-226.564163208008
decentralized,20,40.0,44174411805,212122,-286.297668457031,-37.0746765136719
decentralized,20,40.0,40667973452,212168,-311.480041503906,-153.635528564453
decentralized,20,40.0,40852522839,212168,-194.473907470703,-313.812683105469
decentralized,20,40.0,41037072226,212168,43.6488838195801,-162.235305786133
decentralized,20,40.0,41221621613,212168,-35.0949172973633,188.564910888672
decentralized,20,40.0,41406171000,212168,-265.225555419922,-222.586807250977
decentralized,20,40.0,41590720387,212168,-209.286926269531,-209.716522216797
decentralized,20,40.0,41775269774,212168,-244.839508056641,64.0095596313477
decentralized,20,40.0,41959819161,212168,-229.839660644531,-221.469116210938
decentralized,20,40.0,42144368548,212168,-6.75259876251221,138.462860107422
decentralized,20,40.0,42328917935,212168,-303.914154052734,-410.798126220703
decentralized,20,40.0,42513467322,212168,-262.401428222656,-82.4757690429688
decentralized,20,40.0,42698016709,212168,-200.581985473633,-60.6898574829102
decentralized,20,40.0,42882566096,212168,-217.179489135742,70.8318786621094
decentralized,20,40.0,43067115483,212168,-162.265869140625,-274.260925292969
decentralized,20,40.0,43251664870,212168,-87.9190444946289,55.8660316467285
decentralized,20,40.0,43436214257,212168,55.8785400390625,-200.630432128906
decentralized,20,40.0,43620763644,212168,-82.7062911987305,-314.56591796875
decentralized,20,40.0,43805313031,212168,71.0566024780273,-172.342681884766
decentralized,20,40.0,43989862418,212168,8.40012168884277,-224.205520629883
decentralized,20,40.0,44174411805,212168,-286.496551513672,-40.1796798706055
decentralized,20,40.0,40667973452,212220,-311.480041503906,-156.135528564453
decentralized,20,40.0,40852522839,212220,-194.473907470703,-313.812683105469
decentralized,20,40.0,41037072226,212220,43.6488838195801,-159.735305786133
decentralized,20,40.0,41221621613,212220,-35.0949172973633,186.064910888672
decentralized,20,40.0,41406171000,212220,-266.003540039063,-220.804183959961
decentralized,20,40.0,41590720387,212220,-206.786926269531,-209.716522216797
decentralized,20,40.0,41775269774,212220,-244.839508056641,61.5095596313477
decentralized,20,40.0,41959819161,212220,-229.839660644531,-218.969116210938
decentralized,20,40.0,42144368548,212220,-6.75259876251221,140.962860107422
decentralized,20,40.0,42328917935,212220,-303.914154052734,-413.298126220703
decentralized,20,40.0,42513467322,212220,-262.534362792969,-80.4499130249023
decentralized,20,40.0,42698016709,212220,-200.581985473633,-63.1898574829102
decentralized,20,40.0,42882566096,212220,-217.179489135742,68.3318786621094
decentralized,20,40.0,43067115483,212220,-162.265869140625,-274.260925292969
decentralized,20,40.0,43251664870,212220,-87.9190444946289,58.389820098877
decentralized,20,40.0,43436214257,212220,55.8785400390625,-203.130432128906
decentralized,20,40.0,43620763644,212220,-82.7062911987305,-312.06591796875
decentralized,20,40.0,43805313031,212220,71.7223052978516,-176.700210571289
decentralized,20,40.0,43989862418,212220,8.40012168884277,-221.705520629883
decentralized,20,40.0,44174411805,212220,-286.496551513672,-36.9531173706055
decentralized,20,40.0,40667973452,212276,-311.480041503906,-158.579681396484
decentralized,20,40.0,40852522839,212276,-194.473907470703,-311.368530273438
decentralized,20,40.0,41037072226,212276,43.7451210021973,-162.326599121094
decentralized,20,40.0,41221621613,212276,-35.0949172973633,183.620758056641
decentralized,20,40.0,41406171000,212276,-265.778564453125,-223.616912841797
decentralized,20,40.0,41590720387,212276,-204.3427734375,-209.716522216797
decentralized,20,40.0,41775269774,212276,-244.839508056641,59.0654106140137
decentralized,20,40.0,41959819161,212276,-230.010040283203,-222.308258056641
decentralized,20,40.0,42144368548,212276,-6.75259876251221,143.407012939453
decentralized,20,40.0,42328917935,212276,-301.470001220703,-413.298126220703
decentralized,20,40.0,42513467322,212276,-262.68896484375,-83.8586730957031
decentralized,20,40.0,42698016709,212276,-200.581985473633,-65.6340103149414
decentralized,20,40.0,42882566096,212276,-217.179489135742,65.8877258300781
decentralized,20,40.0,43067115483,212276,-162.265869140625,-276.705078125
decentralized,20,40.0,43251664870,212276,-87.9190444946289,60.8339691162109
decentralized,20,40.0,43436214257,212276,55.8785400390625,-205.574584960938
decentralized,20,40.0,43620763644,212276,-82.7062911987305,-309.621765136719
decentralized,20,40.0,43805313031,212276,71.4361267089844,-179.144317626953
decentralized,20,40.0,43989862418,212276,8.40012168884277,-224.149673461914
decentralized,20,40.0,44174411805,212276,-286.496551513672,-39.3972663879395
decentralized,20,40.0,40667973452,212333,-311.480041503906,-161.079254150391
decentralized,20,40.0,40852522839,212333,-194.473907470703,-308.868957519531
decentralized,20,40.0,41037072226,212333,43.7451210021973,-164.826171875
decentralized,20,40.0,41221621613,212333,-35.0949172973633,181.121185302734
decentralized,20,40.0,41406171000,212333,-265.778564453125,-220.734527587891
decentralized,20,40.0,41590720387,212333,-201.843200683594,-209.716522216797
decentralized,20,40.0,41775269774,212333,-244.839508056641,56.565845489502
decentralized,20,40.0,41959819161,212333,-230.007186889648,-218.850021362305
decentralized,20,40.0,42144368548,212333,-6.75259876251221,145.906585693359
decentralized,20,40.0,42328917935,212333,-298.970428466797,-413.298126220703
decentralized,20,40.0,42513467322,212333,-261.452789306641,-82.2455291748047
decentralized,20,40.0,42698016709,212333,-200.581985473633,-68.1335754394531
decentralized,20,40.0,42882566096,212333,-217.179489135742,68.4930038452148
decentralized,20,40.0,43067115483,212333,-162.265869140625,-279.204650878906
decentralized,20,40.0,43251664870,212333,-87.9190444946289,58.3344039916992
decentralized,20,40.0,43436214257,212333,55.8785400390625,-208.074157714844
decentralized,20,40.0,43620763644,212333,-80.2067260742188,-309.621765136719
decentralized,20,40.0,43805313031,212333,71.4361267089844,-176.644744873047
decentralized,20,40.0,43989862418,212333,8.40012168884277,-226.64924621582
decentralized,20,40.0,44174411805,212333,-286.496551513672,-36.8977012634277
decentralized,20,40.0,40667973452,212382,-310.511810302734,-162.628952026367
decentralized,20,40.0,40852522839,212382,-194.473907470703,-306.368957519531
decentralized,20,40.0,41037072226,212382,43.7451210021973,-167.326171875
decentralized,20,40.0,41221621613,212382,-35.0949172973633,178.621185302734
decentralized,20,40.0,41406171000,212382,-266.126373291016,-225.6962890625
decentralized,20,40.0,41590720387,212382,-199.343200683594,-209.716522216797
decentralized,20,40.0,41775269774,212382,-244.839508056641,54.065845489502
decentralized,20,40.0,41959819161,212382,-230.830047607422,-224.165008544922
decentralized,20,40.0,42144368548,212382,-6.75259876251221,143.406585693359
decentralized,20,40.0,42328917935,212382,-296.470428466797,-413.298126220703
decentralized,20,40.0,42513467322,212382,-261.280181884766,-84.8641815185547
decentralized,20,40.0,42698016709,212382,-200.581985473633,-65.6335754394531
decentralized,20,40.0,42882566096,212382,-217.179489135742,65.9930038452148
decentralized,20,40.0,43067115483,212382,-162.265869140625,-281.704650878906
decentralized,20,40.0,43251664870,212382,-87.9190444946289,55.8344039916992
decentralized,20,40.0,43436214257,212382,55.8785400390625,-210.574157714844
decentralized,20,40.0,43620763644,212382,-77.7067260742188,-309.621765136719
decentralized,20,40.0,43805313031,212382,71.4361267089844,-174.144744873047
decentralized,20,40.0,43989862418,212382,8.40012168884277,-229.14924621582
decentralized,20,40.0,44174411805,212382,-286.496551513672,-34.3977012634277
decentralized,20,40.0,40667973452,212434,-312.430450439453,-164.209777832031
decentralized,20,40.0,40852522839,212434,-194.473907470703,-304.039764404297
decentralized,20,40.0,41037072226,212434,43.7451210021973,-169.826278686523
decentralized,20,40.0,41221621613,212434,-35.0949172973633,176.121078491211
decentralized,20,40.0,41406171000,212434,-265.560546875,-227.649307250977
decentralized,20,40.0,41590720387,212434,-199.343200683594,-209.716522216797
decentralized,20,40.0,41775269774,212434,-244.839508056641,51.565746307373
decentralized,20,40.0,41959819161,212434,-230.830047607422,-221.664901733398
decentralized,20,40.0,42144368548,212434,-6.75259876251221,140.906478881836
decentralized,20,40.0,42328917935,212434,-293.970336914063,-413.298126220703
decentralized,20,40.0,42513467322,212434,-261.559936523438,-82.1657257080078
decentralized,20,40.0,42698016709,212434,-201.170669555664,-70.4639205932617
decentralized,20,40.0,42882566096,212434,-217.180999755859,68.5228881835938
decentralized,20,40.0,43067115483,212434,-162.265869140625,-284.204742431641
decentralized,20,40.0,43251664870,212434,-87.9190444946289,58.3872032165527
decentralized,20,40.0,43436214257,212434,55.8785400390625,-213.074264526367
decentralized,20,40.0,43620763644,212434,-75.2066268920898,-309.621765136719
decentralized,20,40.0,43805313031,212434,71.6309661865234,-177.21533203125
decentralized,20,40.0,43989862418,212434,8.40012168884277,-226.649139404297
decentralized,20,40.0,44174411805,212434,-286.496551513672,-37.0195922851563
decentralized,20,40.0,40667973452,212494,-312.430450439453,-161.709777832031
decentralized,20,40.0,40852522839,212494,-194.473907470703,-303.254608154297
decentralized,20,40.0,41037072226,212494,43.7451210021973,-167.326278686523
decentralized,20,40.0,41221621613,212494,-35.0949172973633,173.621078491211
decentralized,20,40.0,41406171000,212494,-265.560546875,-225.149307250977
decentralized,20,40.0,41590720387,212494,-199.343200683594,-212.223556518555
decentralized,20,40.0,41775269774,212494,-244.839508056641,54.065746307373
decentralized,20,40.0,41959819161,212494,-230.830047607422,-221.664901733398
decentralized,20,40.0,42144368548,212494,-6.75259876251221,138.406478881836
decentralized,20,40.0,42328917935,212494,-291.470336914063,-413.298126220703
decentralized,20,40.0,42513467322,212494,-261.951721191406,-87.0261611938477
decentralized,20,40.0,42698016709,212494,-201.170669555664,-67.9639205932617
decentralized,20,40.0,42882566096,212494,-217.180999755859,71.0228881835938
decentralized,20,40.0,43067115483,212494,-162.265869140625,-286.704742431641
decentralized,20,40.0,43251664870,212494,-87.9190444946289,60.8872032165527
decentralized,20,40.0,43436214257,212494,55.8785400390625,-210.574264526367
decentralized,20,40.0,43620763644,212494,-75.2066268920898,-307.121765136719
decentralized,20,40.0,43805313031,212494,71.6309661865234,-174.00048828125
decentralized,20,40.0,43989862418,212494,8.40012168884277,-224.149139404297
decentralized,20,40.0,44174411805,212494,-286.496551513672,-34.5195922851563
decentralized,20,40.0,40667973452,212539,-312.430450439453,-164.209777832031
decentralized,20,40.0,40852522839,212539,-194.473907470703,-305.754608154297
decentralized,20,40.0,41037072226,212539,43.7451210021973,-164.826278686523
decentralized,20,40.0,41221621613,212539,-35.0949172973633,171.121078491211
decentralized,20,40.0,41406171000,212539,-265.249389648438,-229.925186157227
decentralized,20,40.0,41590720387,212539,-199.343200683594,-214.723556518555
decentralized,20,40.0,41775269774,212539,-244.839508056641,56.565746307373
decentralized,20,40.0,41959819161,212539,-230.830047607422,-224.164901733398
decentralized,20,40.0,42144368548,212539,-6.75259876251221,135.906478881836
decentralized,20,40.0,42328917935,212539,-288.970336914063,-413.298126220703
decentralized,20,40.0,42513467322,212539,-262.436157226563,-84.3157958984375
decentralized,20,40.0,42698016709,212539,-201.170669555664,-65.4639205932617
decentralized,20,40.0,42882566096,212539,-217.180999755859,73.5228881835938
decentralized,20,40.0,43067115483,212539,-162.272308349609,-289.100555419922
decentralized,20,40.0,43251664870,212539,-87.9190444946289,63.3872032165527
decentralized,20,40.0,43436214257,212539,55.6226997375488,-213.149215698242
decentralized,20,40.0,43620763644,212539,-75.2066268920898,-304.621765136719
decentralized,20,40.0,43805313031,212539,71.8517227172852,-177.086608886719
decentralized,20,40.0,43989862418,212539,8.40012168884277,-221.649139404297
decentralized,20,40.0,44174411805,212539,-286.496551513672,-37.0195922851563
decentralized,20,40.0,40667973452,212587,-312.430450439453,-161.211029052734
decentralized,20,40.0,40852522839,212587,-194.473907470703,-308.753356933594
decentralized,20,40.0,41037072226,212587,43.7451210021973,-161.827529907227
decentralized,20,40.0,41221621613,212587,-35.0949172973633,168.122329711914
decentralized,20,40.0,41406171000,212587,-265.249389648438,-226.92643737793
decentralized,20,40.0,41590720387,212587,-199.343200683594,-214.723556518555
decentralized,20,40.0,41775269774,212587,-244.839508056641,59.5644950866699
decentralized,20,40.0,41959819161,212587,-227.831298828125,-224.164901733398
decentralized,20,40.0,42144368548,212587,-6.75259876251221,132.907730102539
decentralized,20,40.0,42328917935,212587,-285.971588134766,-413.298126220703
decentralized,20,40.0,42513467322,212587,-262.436157226563,-87.5082473754883
decentralized,20,40.0,42698016709,212587,-201.170669555664,-62.4651718139648
decentralized,20,40.0,42882566096,212587,-217.180999755859,76.5216369628906
decentralized,20,40.0,43067115483,212587,-162.230987548828,-286.667266845703
decentralized,20,40.0,43251664870,212587,-87.9190444946289,60.3884544372559
decentralized,20,40.0,43436214257,212587,55.6876258850098,-210.542694091797
decentralized,20,40.0,43620763644,212587,-75.2066268920898,-301.623016357422
decentralized,20,40.0,43805313031,212587,71.7350234985352,-179.858627319336
decentralized,20,40.0,43989862418,212587,8.40012168884277,-218.650390625
decentralized,20,40.0,44174411805,212587,-286.496551513672,-40.0183410644531
decentralized,20,40.0,40667973452,212650,-312.257843017578,-164.066467285156
decentralized,20,40.0,40852522839,212650,-191.973907470703,-308.753356933594
decentralized,20,40.0,41037072226,212650,43.7451210021973,-159.327529907227
decentralized,20,40.0,41221621613,212650,-34.9772720336914,170.802917480469
decentralized,20,40.0,41406171000,212650,-265.426574707031,-230.692092895508
decentralized,20,40.0,41590720387,212650,-199.343200683594,-217.230773925781
decentralized,20,40.0,41775269774,212650,-242.339508056641,59.5644950866699
decentralized,20,40.0,41959819161,212650,-225.331298828125,-224.164901733398
decentralized,20,40.0,42144368548,212650,-6.75259876251221,130.407730102539
decentralized,20,40.0,42328917935,212650,-283.471588134766,-413.298126220703
decentralized,20,40.0,42513467322,212650,-262.135650634766,-84.3827590942383
decentralized,20,40.0,42698016709,212650,-201.170669555664,-59.9651718139648
decentralized,20,40.0,42882566096,212650,-217.180999755859,79.0216369628906
decentralized,20,40.0,43067115483,212650,-162.230987548828,-284.167266845703
decentralized,20,40.0,43251664870,212650,-87.9190444946289,57.8884544372559
decentralized,20,40.0,43436214257,212650,55.6876258850098,-207.542694091797
decentralized,20,40.0,43620763644,212650,-75.2066268920898,-301.623016357422
decentralized,20,40.0,43805313031,212650,71.7027435302734,-177.802322387695
decentralized,20,40.0,43989862418,212650,8.40012168884277,-216.150390625
decentralized,20,40.0,44174411805,212650,-285.648406982422,-40.8021926879883
decentralized,20,40.0,40667973452,212716,-312.257843017578,-161.566467285156
decentralized,20,40.0,40852522839,212717,-189.473907470703,-308.753356933594
decentralized,20,40.0,41037072226,212717,43.7451210021973,-156.827529907227
decentralized,20,40.0,41221621613,212717,-32.4772720336914,170.802917480469
decentralized,20,40.0,41406171000,212717,-265.534271240234,-233.011505126953
decentralized,20,40.0,41590720387,212717,-199.343200683594,-219.730773925781
decentralized,20,40.0,41775269774,212717,-239.839508056641,59.5644950866699
decentralized,20,40.0,41959819161,212717,-222.831298828125,-224.164901733398
decentralized,20,40.0,42144368548,212717,-6.75259876251221,127.907730102539
decentralized,20,40.0,42328917935,212717,-280.971588134766,-413.298126220703
decentralized,20,40.0,42513467322,212717,-262.135650634766,-86.8827590942383
decentralized,20,40.0,42698016709,212717,-201.170669555664,-62.5169334411621
decentralized,20,40.0,42882566096,212717,-217.180999755859,81.5216369628906
decentralized,20,40.0,43067115483,212717,-162.230987548828,-281.667266845703
decentralized,20,40.0,43251664870,212717,-88.0602569580078,55.8487358093262
decentralized,20,40.0,43436214257,212717,55.6876258850098,-205.042694091797
decentralized,20,40.0,43620763644,212717,-75.2066268920898,-304.123016357422
decentralized,20,40.0,43805313031,212717,71.7027435302734,-175.302322387695
decentralized,20,40.0,43989862418,212717,8.40012168884277,-214.87109375
decentralized,20,40.0,44174411805,212717,-285.648406982422,-38.3021926879883
decentralized,20,40.0,40667973452,212786,-312.257843017578,-164.443664550781
decentralized,20,40.0,40852522839,212786,-186.596710205078,-308.753356933594
decentralized,20,40.0,41037072226,212786,43.7451210021973,-153.950332641602
decentralized,20,40.0,41221621613,212786,-29.6000709533691,170.802917480469
decentralized,20,40.0,41406171000,212786,-265.534271240234,-230.134307861328
decentralized,20,40.0,41590720387,212786,-199.343200683594,-222.607971191406
decentralized,20,40.0,41775269774,212786,-236.962310791016,59.5644950866699
decentralized,20,40.0,41959819161,212786,-219.9541015625,-224.164901733398
decentralized,20,40.0,42144368548,212786,-6.76211547851563,125.188430786133
decentralized,20,40.0,42328917935,212786,-278.094390869141,-413.298126220703
decentralized,20,40.0,42513467322,212786,-262.815795898438,-85.221923828125
decentralized,20,40.0,42698016709,212786,-201.170669555664,-65.3941345214844
decentralized,20,40.0,42882566096,212786,-217.180999755859,84.3988342285156
decentralized,20,40.0,43067115483,212786,-162.230987548828,-278.790069580078
decentralized,20,40.0,43251664870,212786,-88.0602569580078,58.7259368896484
decentralized,20,40.0,43436214257,212786,55.6876258850098,-202.547622680664
decentralized,20,40.0,43620763644,212786,-75.2066268920898,-307.000213623047
decentralized,20,40.0,43805313031,212786,71.7719116210938,-177.771591186523
decentralized,20,40.0,43989862418,212786,8.40012168884277,-217.814270019531
decentralized,20,40.0,44174411805,212786,-285.648406982422,-41.1793937683105
decentralized,20,40.0,40667973452,212836,-312.257843017578,-161.161865234375
decentralized,20,40.0,40852522839,212836,-183.314910888672,-308.753356933594
decentralized,20,40.0,41037072226,212836,44.3195648193359,-157.969268798828
decentralized,20,40.0,41221621613,212836,-26.3182716369629,170.802917480469
decentralized,20,40.0,41406171000,212836,-265.051666259766,-235.574462890625
decentralized,20,40.0,41590720387,212836,-199.343200683594,-225.889770507813
decentralized,20,40.0,41775269774,212836,-236.962310791016,59.5644950866699
decentralized,20,40.0,41959819161,212836,-219.9541015625,-224.164901733398
decentralized,20,40.0,42144368548,212836,-6.78665828704834,122.309478759766
decentralized,20,40.0,42328917935,212836,-274.812591552734,-413.298126220703
decentralized,20,40.0,42513467322,212836,-262.952514648438,-89.3205261230469
decentralized,20,40.0,42698016709,212836,-201.170669555664,-62.1123352050781
decentralized,20,40.0,42882566096,212836,-217.180999755859,87.6806335449219
decentralized,20,40.0,43067115483,212836,-162.230987548828,-282.071868896484
decentralized,20,40.0,43251664870,212836,-88.0602569580078,62.0077362060547
decentralized,20,40.0,43436214257,212836,55.6876258850098,-199.663223266602
decentralized,20,40.0,43620763644,212836,-75.2066268920898,-310.282012939453
decentralized,20,40.0,43805313031,212836,71.4952774047852,-180.047805786133
decentralized,20,40.0,43989862418,212836,8.40012168884277,-221.096069335938
decentralized,20,40.0,44174411805,212836,-284.999450683594,-43.3244552612305
decentralized,20,40.0,40667973452,212899,-312.257843017578,-157.340942382813
decentralized,20,40.0,40852522839,212899,-179.493988037109,-308.753356933594
decentralized,20,40.0,41037072226,212899,44.3195648193359,-161.790191650391
decentralized,20,40.0,41221621613,212899,-22.4973545074463,170.802917480469
decentralized,20,40.0,41406171000,212899,-264.662139892578,-233.596893310547
decentralized,20,40.0,41590720387,212899,-199.343200683594,-229.710693359375
decentralized,20,40.0,41775269774,212899,-236.962310791016,55.743579864502
decentralized,20,40.0,41959819161,212899,-219.9541015625,-227.985824584961
decentralized,20,40.0,42144368548,212899,-6.71725416183472,125.218437194824
decentralized,20,40.0,42328917935,212899,-270.991668701172,-413.298126220703
decentralized,20,40.0,42513467322,212899,-262.553192138672,-85.2021865844727
decentralized,20,40.0,42698016709,212899,-201.170669555664,-60.291431427002
decentralized,20,40.0,42882566096,212899,-217.180999755859,90.9269180297852
decentralized,20,40.0,43067115483,212899,-162.230987548828,-285.892791748047
decentralized,20,40.0,43251664870,212899,-88.0602569580078,65.8286514282227
decentralized,20,40.0,43436214257,212899,55.6876258850098,-196.394546508789
decentralized,20,40.0,43620763644,212899,-75.2066268920898,-314.102935791016
decentralized,20,40.0,43805313031,212899,71.9523773193359,-177.592666625977
decentralized,20,40.0,43989862418,212899,8.40012168884277,-224.9169921875
decentralized,20,40.0,44174411805,212899,-284.762786865234,-46.7728805541992
decentralized,20,40.0,40667973452,212946,-312.409423828125,-160.462387084961
decentralized,20,40.0,40852522839,212946,-179.493988037109,-308.753356933594
decentralized,20,40.0,41037072226,212946,44.3195648193359,-158.734878540039
decentralized,20,40.0,41221621613,212946,-19.4420375823975,170.802917480469
decentralized,20,40.0,41406171000,212946,-264.662139892578,-236.652206420898
decentralized,20,40.0,41590720387,212946,-199.343200683594,-232.766006469727
decentralized,20,40.0,41775269774,212946,-236.962310791016,52.6882629394531
decentralized,20,40.0,41959819161,212946,-219.9541015625,-231.041137695313
decentralized,20,40.0,42144368548,212946,-6.71725416183472,128.27375793457
decentralized,20,40.0,42328917935,212946,-267.936340332031,-413.298126220703
decentralized,20,40.0,42513467322,212946,-263.557861328125,-91.8424682617188
decentralized,20,40.0,42698016709,212946,-201.524627685547,-61.8963356018066
decentralized,20,40.0,42882566096,212946,-218.187622070313,85.0044631958008
decentralized,20,40.0,43067115483,212946,-162.230987548828,-288.948120117188
decentralized,20,40.0,43251664870,212946,-88.0602569580078,68.8839645385742
decentralized,20,40.0,43436214257,212946,55.6876258850098,-192.559936523438
decentralized,20,40.0,43620763644,212946,-75.2066268920898,-317.158264160156
decentralized,20,40.0,43805313031,212946,71.7557830810547,-174.550018310547
decentralized,20,40.0,43989862418,212946,8.40012168884277,-227.972305297852
decentralized,20,40.0,44174411805,212946,-285.375640869141,-49.4249420166016
decentralized,20,40.0,40667973452,213009,-312.409423828125,-163.527038574219
decentralized,20,40.0,40852522839,213009,-179.493988037109,-305.688720703125
decentralized,20,40.0,41037072226,213009,44.3195648193359,-155.670227050781
decentralized,20,40.0,41221621613,213009,-16.3773880004883,170.802917480469
decentralized,20,40.0,41406171000,213009,-264.868286132813,-233.580795288086
decentralized,20,40.0,41590720387,213009,-199.428588867188,-235.523788452148
decentralized,20,40.0,41775269774,213009,-236.962310791016,55.7529144287109
decentralized,20,40.0,41959819161,213009,-219.9541015625,-234.10578918457
decentralized,20,40.0,42144368548,213009,-6.71725416183472,131.338409423828
decentralized,20,40.0,42328917935,213009,-264.871704101563,-413.298126220703
decentralized,20,40.0,42513467322,213009,-263.945098876953,-89.3011932373047
decentralized,20,40.0,42698016709,213009,-200.157791137695,-62.6314582824707
decentralized,20,40.0,42882566096,213009,-218.187622070313,81.939811706543
decentralized,20,40.0,43067115483,213009,-162.230987548828,-292.012756347656
decentralized,20,40.0,43251664870,213009,-88.0602569580078,71.948616027832
decentralized,20,40.0,43436214257,213009,56.375,-198.559112548828
decentralized,20,40.0,43620763644,213009,-75.2066268920898,-320.222900390625
decentralized,20,40.0,43805313031,213009,71.7557830810547,-172.036041259766
decentralized,20,40.0,43989862418,213009,8.40012168884277,-224.907653808594
decentralized,20,40.0,44174411805,213009,-285.735260009766,-46.8665542602539
decentralized,20,40.0,40667973452,213049,-310.417846679688,-163.210464477539
decentralized,20,40.0,40852522839,213049,-179.493988037109,-303.800231933594
decentralized,20,40.0,41037072226,213049,44.884334564209,-158.219360351563
decentralized,20,40.0,41221621613,213049,-14.4889049530029,170.802917480469
decentralized,20,40.0,41406171000,213049,-264.039184570313,-238.329879760742
decentralized,20,40.0,41590720387,213049,-199.428588867188,-235.523788452148
decentralized,20,40.0,41775269774,213049,-236.962310791016,57.6413993835449
decentralized,20,40.0,41959819161,213049,-219.9541015625,-232.217300415039
decentralized,20,40.0,42144368548,213049,-6.71725416183472,133.226898193359
decentralized,20,40.0,42328917935,213049,-262.983215332031,-413.298126220703
decentralized,20,40.0,42513467322,213049,-263.945098876953,-87.4588165283203
decentralized,20,40.0,42698016709,213049,-200.157791137695,-60.7429733276367
decentralized,20,40.0,42882566096,213049,-218.033996582031,82.5579071044922
decentralized,20,40.0,43067115483,213049,-160.342498779297,-292.012756347656
decentralized,20,40.0,43251664870,213049,-86.1717758178711,71.948616027832
decentralized,20,40.0,43436214257,213049,56.375,-196.670623779297
decentralized,20,40.0,43620763644,213049,-75.2066268920898,-318.334411621094
decentralized,20,40.0,43805313031,213049,72.1075210571289,-176.31379699707
decentralized,20,40.0,43989862418,213049,8.3271369934082,-229.070938110352
decentralized,20,40.0,44174411805,213049,-285.735260009766,-48.7550392150879
decentralized,20,40.0,40667973452,213113,-310.417846679688,-166.389907836914
decentralized,20,40.0,40852522839,213113,-179.275695800781,-307.790710449219
decentralized,20,40.0,41037072226,213113,44.6621894836426,-161.002822875977
decentralized,20,40.0,41221621613,213113,-11.3094549179077,170.802917480469
decentralized,20,40.0,41406171000,213113,-264.162414550781,-241.270599365234
decentralized,20,40.0,41590720387,213113,-199.428588867188,-232.344345092773
decentralized,20,40.0,41775269774,213113,-236.962310791016,54.4619483947754
decentralized,20,40.0,41959819161,213113,-219.9541015625,-229.037857055664
decentralized,20,40.0,42144368548,213113,-6.71725416183472,136.406341552734
decentralized,20,40.0,42328917935,213113,-259.803771972656,-413.298126220703
decentralized,20,40.0,42513467322,213113,-263.817260742188,-91.1939239501953
decentralized,20,40.0,42698016709,213113,-200.157791137695,-57.5635223388672
decentralized,20,40.0,42882566096,213113,-218.033996582031,85.7373580932617
decentralized,20,40.0,43067115483,213113,-157.163055419922,-292.012756347656
decentralized,20,40.0,43251664870,213113,-82.9923248291016,71.948616027832
decentralized,20,40.0,43436214257,213113,56.375,-193.491180419922
decentralized,20,40.0,43620763644,213113,-75.2066268920898,-315.154968261719
decentralized,20,40.0,43805313031,213113,71.6357879638672,-177.851623535156
decentralized,20,40.0,43989862418,213113,8.3271369934082,-232.250381469727
decentralized,20,40.0,44174411805,213113,-285.735260009766,-45.5755882263184
decentralized,20,40.0,40667973452,213157,-310.417846679688,-168.769577026367
decentralized,20,40.0,40852522839,213157,-179.275695800781,-310.170379638672
decentralized,20,40.0,41037072226,213157,44.6621894836426,-158.623153686523
decentralized,20,40.0,41221621613,213157,-8.92978858947754,170.802917480469
decentralized,20,40.0,41406171000,213157,-264.162414550781,-238.890930175781
decentralized,20,40.0,41590720387,213157,-199.428588867188,-229.96467590332
decentralized,20,40.0,41775269774,213157,-236.962310791016,52.0822830200195
decentralized,20,40.0,41959819161,213157,-219.9541015625,-227.652816772461
decentralized,20,40.0,42144368548,213157,-6.71725416183472,134.026672363281
decentralized,20,40.0,42328917935,213157,-257.424102783203,-413.298126220703
decentralized,20,40.0,42513467322,213157,-263.381652832031,-87.5758819580078
decentralized,20,40.0,42698016709,213157,-200.157791137695,-55.1838569641113
decentralized,20,40.0,42882566096,213157,-218.033996582031,88.1170272827148
decentralized,20,40.0,43067115483,213157,-154.783386230469,-292.012756347656
decentralized,20,40.0,43251664870,213157,-80.6126556396484,71.948616027832
decentralized,20,40.0,43436214257,213157,56.375,-193.654388427734
decentralized,20,40.0,43620763644,213157,-75.2066268920898,-312.775299072266
decentralized,20,40.0,43805313031,213157,71.6357879638672,-175.471954345703
decentralized,20,40.0,43989862418,213157,8.3271369934082,-229.870712280273
decentralized,20,40.0,44174411805,213157,-285.735260009766,-47.9552536010742
decentralized,20,40.0,40667973452,213222,-309.628295898438,-170.445266723633
decentralized,20,40.0,40852522839,213222,-179.275695800781,-312.670379638672
decentralized,20,40.0,41037072226,213222,44.6621894836426,-161.123153686523
decentralized,20,40.0,41221621613,213222,-8.92978858947754,170.802917480469
decentralized,20,40.0,41406171000,213222,-264.156280517578,-242.059112548828
decentralized,20,40.0,41590720387,213222,-196.928588867188,-229.96467590332
decentralized,20,40.0,41775269774,213222,-236.962310791016,49.5822830200195
decentralized,20,40.0,41959819161,213222,-219.848709106445,-230.773788452148
decentralized,20,40.0,42144368548,213222,-6.75844764709473,132.099884033203
decentralized,20,40.0,42328917935,213222,-254.924102783203,-413.298126220703
decentralized,20,40.0,42513467322,213222,-264.187744140625,-92.2127151489258
decentralized,20,40.0,42698016709,213222,-200.157791137695,-57.6838569641113
decentralized,20,40.0,42882566096,213222,-218.033996582031,85.6170272827148
decentralized,20,40.0,43067115483,213222,-152.283386230469,-292.012756347656
decentralized,20,40.0,43251664870,213222,-80.6126556396484,71.948616027832
decentralized,20,40.0,43436214257,213222,56.375,-196.154388427734
decentralized,20,40.0,43620763644,213222,-72.7066268920898,-312.775299072266
decentralized,20,40.0,43805313031,213222,71.6357879638672,-172.971954345703
decentralized,20,40.0,43989862418,213222,8.3271369934082,-227.370712280273
decentralized,20,40.0,44174411805,213222,-285.735260009766,-50.4552536010742
decentralized,20,40.0,40667973452,213267,-309.377166748047,-171.890563964844
decentralized,20,40.0,40852522839,213267,-179.275695800781,-315.170379638672
decentralized,20,40.0,41037072226,213267,44.6621894836426,-158.623153686523
decentralized,20,40.0,41221621613,213267,-8.92978858947754,173.302917480469
decentralized,20,40.0,41406171000,213267,-264.156280517578,-238.824737548828
decentralized,20,40.0,41590720387,213267,-194.428588867188,-229.96467590332
decentralized,20,40.0,41775269774,213267,-236.870208740234,47.0787544250488
decentralized,20,40.0,41959819161,213267,-219.848709106445,-233.273788452148
decentralized,20,40.0,42144368548,213267,-6.71250677108765,134.056777954102
decentralized,20,40.0,42328917935,213267,-252.424102783203,-413.298126220703
decentralized,20,40.0,42513467322,213267,-264.883117675781,-94.1403656005859
decentralized,20,40.0,42698016709,213267,-200.157791137695,-60.1838569641113
decentralized,20,40.0,42882566096,213267,-218.033996582031,83.1170272827148
decentralized,20,40.0,43067115483,213267,-149.783386230469,-292.012756347656
decentralized,20,40.0,43251664870,213267,-80.6126556396484,69.448616027832
decentralized,20,40.0,43436214257,213267,56.375,-198.654388427734
decentralized,20,40.0,43620763644,213267,-72.7066268920898,-310.275299072266
decentralized,20,40.0,43805313031,213267,71.6357879638672,-175.471954345703
decentralized,20,40.0,43989862418,213267,8.23396110534668,-232.273284912109
decentralized,20,40.0,44174411805,213267,-285.735260009766,-47.9552536010742
decentralized,20,40.0,40667973452,213317,-309.226593017578,-174.539993286133
decentralized,20,40.0,40852522839,213317,-180.103713989258,-313.5712890625
decentralized,20,40.0,41037072226,213317,44.6621894836426,-161.421264648438
decentralized,20,40.0,41221621613,213317,-8.92978858947754,176.101028442383
decentralized,20,40.0,41406171000,213317,-263.233947753906,-243.838027954102
decentralized,20,40.0,41590720387,213317,-191.630477905273,-229.96467590332
decentralized,20,40.0,41775269774,213317,-236.870208740234,44.2806396484375
decentralized,20,40.0,41959819161,213317,-219.848709106445,-236.071899414063
decentralized,20,40.0,42144368548,213317,-6.71250677108765,136.854888916016
decentralized,20,40.0,42328917935,213317,-249.625991821289,-413.298126220703
decentralized,20,40.0,42513467322,213317,-264.883117675781,-96.9384841918945
decentralized,20,40.0,42698016709,213317,-200.157791137695,-62.9819717407227
decentralized,20,40.0,42882566096,213317,-218.033996582031,80.3189086914063
decentralized,20,40.0,43067115483,213317,-149.783386230469,-292.012756347656
decentralized,20,40.0,43251664870,213317,-80.6126556396484,66.6504974365234
decentralized,20,40.0,43436214257,213317,56.375,-201.452499389648
decentralized,20,40.0,43620763644,213317,-72.7066268920898,-309.357177734375
decentralized,20,40.0,43805313031,213317,71.7423553466797,-173.025802612305
decentralized,20,40.0,43989862418,213317,8.23396110534668,-235.071395874023
decentralized,20,40.0,44174411805,213317,-285.735260009766,-45.1571350097656
decentralized,20,40.0,40667973452,213367,-309.226593017578,-177.17887878418
decentralized,20,40.0,40852522839,213367,-180.103713989258,-310.932403564453
decentralized,20,40.0,41037072226,213367,44.6621894836426,-164.060150146484
decentralized,20,40.0,41221621613,213367,-8.92978858947754,176.101028442383
decentralized,20,40.0,41406171000,213367,-263.233947753906,-241.199142456055
decentralized,20,40.0,41590720387,213367,-188.991592407227,-229.96467590332
decentralized,20,40.0,41775269774,213367,-236.870208740234,41.6417503356934
decentralized,20,40.0,41959819161,213367,-219.848709106445,-233.433013916016
decentralized,20,40.0,42144368548,213367,-6.71250677108765,139.493774414063
decentralized,20,40.0,42328917935,213367,-246.987106323242,-413.298126220703
decentralized,20,40.0,42513467322,213367,-264.883117675781,-94.2995986938477
decentralized,20,40.0,42698016709,213367,-200.157791137695,-65.6208572387695
decentralized,20,40.0,42882566096,213367,-215.395111083984,80.3189086914063
decentralized,20,40.0,43067115483,213367,-149.783386230469,-294.651641845703
decentralized,20,40.0,43251664870,213367,-80.6126556396484,64.0116119384766
decentralized,20,40.0,43436214257,213367,56.375,-204.091384887695
decentralized,20,40.0,43620763644,213367,-72.7066268920898,-309.357177734375
decentralized,20,40.0,43805313031,213367,71.6780090332031,-175.410690307617
decentralized,20,40.0,43989862418,213367,8.23396110534668,-237.71028137207
decentralized,20,40.0,44174411805,213367,-285.735260009766,-47.8634300231934
decentralized,20,40.0,40667973452,213433,-309.226593017578,-179.797927856445
decentralized,20,40.0,40852522839,213433,-180.103713989258,-308.313354492188
decentralized,20,40.0,41037072226,213433,44.6621894836426,-166.67919921875
decentralized,20,40.0,41221621613,213433,-8.92978858947754,173.481979370117
decentralized,20,40.0,41406171000,213433,-263.850311279297,-243.752960205078
decentralized,20,40.0,41590720387,213433,-188.991592407227,-229.96467590332
decentralized,20,40.0,41775269774,213433,-236.870208740234,44.260799407959
decentralized,20,40.0,41959819161,213433,-219.848709106445,-236.052062988281
decentralized,20,40.0,42144368548,213433,-6.71250677108765,142.112823486328
decentralized,20,40.0,42328917935,213433,-244.368057250977,-413.298126220703
decentralized,20,40.0,42513467322,213433,-264.883117675781,-91.680549621582
decentralized,20,40.0,42698016709,213433,-200.157791137695,-68.2399063110352
decentralized,20,40.0,42882566096,213433,-212.776062011719,80.3189086914063
decentralized,20,40.0,43067115483,213433,-149.783386230469,-297.270690917969
decentralized,20,40.0,43251664870,213433,-80.6126556396484,61.3925628662109
decentralized,20,40.0,43436214257,213433,56.375,-206.710433959961
decentralized,20,40.0,43620763644,213433,-72.7066268920898,-306.658050537109
decentralized,20,40.0,43805313031,213433,71.7407836914063,-172.998504638672
decentralized,20,40.0,43989862418,213433,8.23396110534668,-240.329330444336
decentralized,20,40.0,44174411805,213433,-285.735260009766,-45.2443809509277
decentralized,20,40.0,40667973452,213487,-309.226593017578,-182.402099609375
decentralized,20,40.0,40852522839,213487,-180.103713989258,-305.709197998047
decentralized,20,40.0,41037072226,213487,44.6621894836426,-169.28337097168
decentralized,20,40.0,41221621613,213487,-8.92978858947754,176.086151123047
decentralized,20,40.0,41406171000,213487,-263.850311279297,-246.357131958008
decentralized,20,40.0,41590720387,213487,-188.991592407227,-227.360504150391
decentralized,20,40.0,41775269774,213487,-236.870208740234,46.8649673461914
decentralized,20,40.0,41959819161,213487,-219.851501464844,-233.521423339844
decentralized,20,40.0,42144368548,213487,-6.71250677108765,144.716995239258
decentralized,20,40.0,42328917935,213487,-241.763885498047,-413.298126220703
decentralized,20,40.0,42513467322,213487,-264.883117675781,-94.2847137451172
decentralized,20,40.0,42698016709,213487,-200.18733215332,-70.3744888305664
decentralized,20,40.0,42882566096,213487,-212.776062011719,80.3189086914063
decentralized,20,40.0,43067115483,213487,-149.783386230469,-299.874847412109
decentralized,20,40.0,43251664870,213488,-80.6126556396484,58.7883949279785
decentralized,20,40.0,43436214257,213488,56.375,-209.314605712891
decentralized,20,40.0,43620763644,213488,-72.7066268920898,-304.053894042969
decentralized,20,40.0,43805313031,213488,71.6784133911133,-175.359664916992
decentralized,20,40.0,43989862418,213488,8.23396110534668,-242.933502197266
decentralized,20,40.0,44174411805,213488,-285.735260009766,-47.8485488891602
decentralized,20,40.0,40667973452,213535,-309.690093994141,-181.456314086914
decentralized,20,40.0,40852522839,213535,-180.103713989258,-302.978210449219
decentralized,20,40.0,41037072226,213535,44.6621894836426,-172.014373779297
decentralized,20,40.0,41221621613,213535,-8.92978858947754,178.817153930664
decentralized,20,40.0,41406171000,213535,-263.850311279297,-243.70051574707
decentralized,20,40.0,41590720387,213535,-188.991592407227,-224.629501342773
decentralized,20,40.0,41775269774,213535,-236.870208740234,44.1339721679688
decentralized,20,40.0,41959819161,213535,-219.851501464844,-230.790420532227
decentralized,20,40.0,42144368548,213535,-6.71250677108765,141.985992431641
decentralized,20,40.0,42328917935,213535,-239.03288269043,-413.298126220703
decentralized,20,40.0,42513467322,213535,-264.883117675781,-97.0157089233398
decentralized,20,40.0,42698016709,213535,-200.18733215332,-67.6434936523438
decentralized,20,40.0,42882566096,213535,-212.776062011719,83.0499038696289
decentralized,20,40.0,43067115483,213535,-149.783386230469,-297.143859863281
decentralized,20,40.0,43251664870,213535,-80.6356506347656,57.0685386657715
decentralized,20,40.0,43436214257,213535,56.375,-206.583602905273
decentralized,20,40.0,43620763644,213535,-72.6185302734375,-304.314453125
decentralized,20,40.0,43805313031,213535,71.7724304199219,-172.934600830078
decentralized,20,40.0,43989862418,213535,8.23396110534668,-240.202499389648
decentralized,20,40.0,44174411805,213535,-285.735260009766,-45.1175537109375
decentralized,20,40.0,40667973452,213597,-309.820495605469,-183.668884277344
decentralized,20,40.0,40852522839,213597,-180.103713989258,-300.295654296875
decentralized,20,40.0,41037072226,213597,44.6621894836426,-174.696929931641
decentralized,20,40.0,41221621613,213597,-8.92978858947754,178.817153930664
decentralized,20,40.0,41406171000,213597,-263.034729003906,-248.748031616211
decentralized,20,40.0,41590720387,213597,-188.991592407227,-221.94694519043
decentralized,20,40.0,41775269774,213597,-236.870208740234,41.4514236450195
decentralized,20,40.0,41959819161,213597,-219.851501464844,-230.790420532227
decentralized,20,40.0,42144368548,213597,-6.71250677108765,139.303436279297
decentralized,20,40.0,42328917935,213597,-236.350326538086,-413.298126220703
decentralized,20,40.0,42513467322,213597,-264.883117675781,-94.3331604003906
decentralized,20,40.0,42698016709,213597,-200.18733215332,-64.9609451293945
decentralized,20,40.0,42882566096,213597,-212.776062011719,85.7324523925781
decentralized,20,40.0,43067115483,213597,-149.783386230469,-294.461303710938
decentralized,20,40.0,43251664870,213597,-80.6356506347656,58.9337501525879
decentralized,20,40.0,43436214257,213597,56.375,-209.509307861328
decentralized,20,40.0,43620763644,213597,-72.6185302734375,-303.947265625
decentralized,20,40.0,43805313031,213597,71.7724304199219,-175.617156982422
decentralized,20,40.0,43989862418,213597,8.13436698913574,-245.101776123047
decentralized,20,40.0,44174411805,213597,-285.735260009766,-42.4350051879883
decentralized,20,40.0,40667973452,213646,-308.939514160156,-184.940246582031
decentralized,20,40.0,40852522839,213646,-180.103713989258,-302.947174072266
decentralized,20,40.0,41037072226,213647,44.4858932495117,-171.720291137695
decentralized,20,40.0,41221621613,213647,-8.92978858947754,176.165634155273
decentralized,20,40.0,41406171000,213647,-263.034729003906,-251.399551391602
decentralized,20,40.0,41590720387,213647,-188.991592407227,-219.295425415039
decentralized,20,40.0,41775269774,213647,-236.870208740234,38.7999076843262
decentralized,20,40.0,41959819161,213647,-219.851501464844,-233.441940307617
decentralized,20,40.0,42144368548,213647,-6.71250677108765,136.651916503906
decentralized,20,40.0,42328917935,213647,-233.698806762695,-413.298126220703
decentralized,20,40.0,42513467322,213647,-264.883117675781,-96.9846725463867
decentralized,20,40.0,42698016709,213647,-200.18733215332,-62.3094291687012
decentralized,20,40.0,42882566096,213647,-212.776062011719,88.3839645385742
decentralized,20,40.0,43067115483,213647,-149.783386230469,-291.809783935547
decentralized,20,40.0,43251664870,213647,-80.6356506347656,61.5852661132813
decentralized,20,40.0,43436214257,213647,56.375,-206.857788085938
decentralized,20,40.0,43620763644,213647,-72.4985046386719,-304.193511962891
decentralized,20,40.0,43805313031,213647,71.5969696044922,-177.616271972656
decentralized,20,40.0,43989862418,213647,8.13436698913574,-247.753295898438
decentralized,20,40.0,44174411805,213647,-285.735260009766,-39.7834892272949
decentralized,20,40.0,40667973452,213697,-309.40185546875,-185.265701293945
decentralized,20,40.0,40852522839,213697,-180.103713989258,-305.836212158203
decentralized,20,40.0,41037072226,213697,44.4858932495117,-168.831253051758
decentralized,20,40.0,41221621613,213697,-8.92978858947754,179.054672241211
decentralized,20,40.0,41406171000,213697,-262.703643798828,-248.815734863281
decentralized,20,40.0,41590720387,213697,-186.102554321289,-219.295425415039
decentralized,20,40.0,41775269774,213697,-236.870208740234,35.9108734130859
decentralized,20,40.0,41959819161,213697,-219.660278320313,-236.027420043945
decentralized,20,40.0,42144368548,213697,-6.71250677108765,139.540954589844
decentralized,20,40.0,42328917935,213697,-230.809768676758,-413.298126220703
decentralized,20,40.0,42513467322,213697,-264.883117675781,-99.8737106323242
decentralized,20,40.0,42698016709,213697,-200.18733215332,-59.4203948974609
decentralized,20,40.0,42882566096,213697,-212.776062011719,91.2109298706055
decentralized,20,40.0,43067115483,213697,-149.783386230469,-288.920745849609
decentralized,20,40.0,43251664870,213697,-80.6356506347656,64.259880065918
decentralized,20,40.0,43436214257,213697,56.375,-209.848587036133
decentralized,20,40.0,43620763644,213697,-69.6094665527344,-304.193511962891
decentralized,20,40.0,43805313031,213697,71.2768249511719,-179.322982788086
decentralized,20,40.0,43989862418,213697,8.13436698913574,-250.642333984375
decentralized,20,40.0,44174411805,213697,-284.487762451172,-44.6002426147461
decentralized,20,40.0,40667973452,213742,-309.40185546875,-187.904586791992
decentralized,20,40.0,40852522839,213742,-180.103713989258,-308.47509765625
decentralized,20,40.0,41037072226,213742,44.4858932495117,-166.192367553711
decentralized,20,40.0,41221621613,213742,-8.92978858947754,181.693557739258
decentralized,20,40.0,41406171000,213742,-262.825988769531,-251.065078735352
decentralized,20,40.0,41590720387,213742,-183.463668823242,-219.295425415039
decentralized,20,40.0,41775269774,213742,-236.870208740234,33.2719841003418
decentralized,20,40.0,41959819161,213742,-219.524368286133,-233.72819519043
decentralized,20,40.0,42144368548,213742,-6.71250677108765,142.179840087891
decentralized,20,40.0,42328917935,213742,-228.170883178711,-413.298126220703
decentralized,20,40.0,42513467322,213742,-264.883117675781,-97.2348251342773
decentralized,20,40.0,42698016709,213742,-200.496276855469,-62.6101455688477
decentralized,20,40.0,42882566096,213742,-212.776062011719,94.1037216186523
decentralized,20,40.0,43067115483,213742,-149.783386230469,-286.281860351563
decentralized,20,40.0,43251664870,213742,-80.6356506347656,67.1565780639648
decentralized,20,40.0,43436214257,213742,56.375,-212.48747253418
decentralized,20,40.0,43620763644,213742,-69.6094665527344,-301.554626464844
decentralized,20,40.0,43805313031,213742,71.5430297851563,-177.563034057617
decentralized,20,40.0,43989862418,213742,7.57049179077148,-248.879043579102
decentralized,20,40.0,44174411805,213742,-284.487762451172,-41.961353302002
decentralized,20,40.0,40667973452,213797,-309.851531982422,-187.149612426758
decentralized,20,40.0,40852522839,213797,-180.348678588867,-306.288726806641
decentralized,20,40.0,41037072226,213797,44.4858932495117,-168.726165771484
decentralized,20,40.0,41221621613,213797,-8.92978858947754,184.227355957031
decentralized,20,40.0,41406171000,213797,-262.825988769531,-248.808410644531
decentralized,20,40.0,41590720387,213797,-180.929870605469,-219.295425415039
decentralized,20,40.0,41775269774,213797,-236.870208740234,30.7381896972656
decentralized,20,40.0,41959819161,213797,-219.524368286133,-236.261993408203
decentralized,20,40.0,42144368548,213797,-6.71250677108765,139.646041870117
decentralized,20,40.0,42328917935,213797,-225.637084960938,-413.298126220703
decentralized,20,40.0,42513467322,213797,-264.883117675781,-94.7010345458984
decentralized,20,40.0,42698016709,213797,-200.401840209961,-59.3199348449707
decentralized,20,40.0,42882566096,213797,-212.776062011719,96.7410278320313
decentralized,20,40.0,43067115483,213797,-149.783386230469,-283.748077392578
decentralized,20,40.0,43251664870,213797,-80.6356506347656,64.6227874755859
decentralized,20,40.0,43436214257,213797,56.375,-215.021270751953
decentralized,20,40.0,43620763644,213797,-69.6094665527344,-299.020843505859
decentralized,20,40.0,43805313031,213797,71.5430297851563,-175.029235839844
decentralized,20,40.0,43989862418,213797,7.57049179077148,-246.345245361328
decentralized,20,40.0,44174411805,213797,-284.487762451172,-44.4951477050781
decentralized,20,40.0,40667973452,213869,-309.980010986328,-189.075454711914
decentralized,20,40.0,40852522839,213869,-180.348678588867,-303.649841308594
decentralized,20,40.0,41037072226,213869,44.4858932495117,-166.087280273438
decentralized,20,40.0,41221621613,213869,-8.92978858947754,186.866241455078
decentralized,20,40.0,41406171000,213869,-261.909698486328,-253.239929199219
decentralized,20,40.0,41590720387,213869,-178.290985107422,-219.295425415039
decentralized,20,40.0,41775269774,213869,-236.870208740234,28.0993003845215
decentralized,20,40.0,41959819161,213869,-216.885482788086,-236.261993408203
decentralized,20,40.0,42144368548,213869,-6.71250677108765,137.00715637207
decentralized,20,40.0,42328917935,213869,-222.998199462891,-413.298126220703
decentralized,20,40.0,42513467322,213869,-264.883117675781,-97.4760437011719
decentralized,20,40.0,42698016709,213869,-200.401840209961,-56.7841262817383
decentralized,20,40.0,42882566096,213869,-212.776062011719,99.2768325805664
decentralized,20,40.0,43067115483,213869,-149.783386230469,-281.109191894531
decentralized,20,40.0,43251664870,213869,-80.6356506347656,61.9838981628418
decentralized,20,40.0,43436214257,213869,56.375,-212.382385253906
decentralized,20,40.0,43620763644,213869,-69.6094665527344,-299.020843505859
decentralized,20,40.0,43805313031,213869,71.5430297851563,-177.668121337891
decentralized,20,40.0,43989862418,213869,7.57049179077148,-243.706359863281
decentralized,20,40.0,44174411805,213869,-284.487762451172,-44.4951477050781
decentralized,20,40.0,40667973452,213917,-309.980010986328,-191.69450378418
decentralized,20,40.0,40852522839,213917,-177.729629516602,-303.649841308594
decentralized,20,40.0,41037072226,213917,44.4858932495117,-163.468231201172
decentralized,20,40.0,41221621613,213917,-8.92978858947754,189.485290527344
decentralized,20,40.0,41406171000,213917,-261.909698486328,-255.858978271484
decentralized,20,40.0,41590720387,213917,-175.671936035156,-219.295425415039
decentralized,20,40.0,41775269774,213917,-236.870208740234,25.4802532196045
decentralized,20,40.0,41959819161,213917,-214.26643371582,-236.261993408203
decentralized,20,40.0,42144368548,213917,-6.71250677108765,134.388107299805
decentralized,20,40.0,42328917935,213917,-220.379150390625,-413.298126220703
decentralized,20,40.0,42513467322,213917,-264.883117675781,-94.8569946289063
decentralized,20,40.0,42698016709,213917,-200.401840209961,-54.1650772094727
decentralized,20,40.0,42882566096,213917,-212.776062011719,101.895881652832
decentralized,20,40.0,43067115483,213917,-149.783386230469,-278.490142822266
decentralized,20,40.0,43251664870,213917,-80.6356506347656,59.3648490905762
decentralized,20,40.0,43436214257,213917,56.375,-209.763336181641
decentralized,20,40.0,43620763644,213917,-69.6094665527344,-301.639892578125
decentralized,20,40.0,43805313031,213917,71.5430297851563,-180.287170410156
decentralized,20,40.0,43989862418,213917,7.57049179077148,-241.087310791016
decentralized,20,40.0,44174411805,213917,-284.487762451172,-41.8760986328125
decentralized,20,40.0,40667973452,213980,-309.980010986328,-188.372222900391
decentralized,20,40.0,40852522839,213980,-174.407348632813,-303.649841308594
decentralized,20,40.0,41037072226,213980,44.4858932495117,-160.145950317383
decentralized,20,40.0,41221621613,213980,-8.92978858947754,192.807571411133
decentralized,20,40.0,41406171000,213980,-261.909698486328,-259.181243896484
decentralized,20,40.0,41590720387,213980,-172.349655151367,-219.295425415039
decentralized,20,40.0,41775269774,213980,-236.870208740234,22.1579723358154
decentralized,20,40.0,41959819161,213980,-210.944152832031,-236.261993408203
decentralized,20,40.0,42144368548,213980,-6.71250677108765,131.065826416016
decentralized,20,40.0,42328917935,213980,-217.056869506836,-413.298126220703
decentralized,20,40.0,42513467322,213980,-264.883117675781,-91.5347137451172
decentralized,20,40.0,42698016709,213980,-200.401840209961,-51.5371017456055
decentralized,20,40.0,42882566096,213980,-212.776062011719,104.523857116699
decentralized,20,40.0,43067115483,213980,-146.46110534668,-278.490142822266
decentralized,20,40.0,43251664870,213980,-80.6598205566406,57.0679588317871
decentralized,20,40.0,43436214257,213980,56.375,-206.441055297852
decentralized,20,40.0,43620763644,213980,-69.6094665527344,-304.962158203125
decentralized,20,40.0,43805313031,213980,72.1543502807617,-178.959426879883
decentralized,20,40.0,43989862418,213980,7.57049179077148,-238.303604125977
decentralized,20,40.0,44174411805,213980,-284.487762451172,-38.5538177490234
decentralized,20,40.0,40667973452,214035,-309.980010986328,-191.005340576172
decentralized,20,40.0,40852522839,214035,-171.774230957031,-303.649841308594
decentralized,20,40.0,41037072226,214035,44.4858932495117,-162.779067993164
decentralized,20,40.0,41221621613,214035,-8.92978858947754,194.813262939453
decentralized,20,40.0,41406171000,214035,-262.869476318359,-261.035034179688
decentralized,20,40.0,41590720387,214035,-169.716537475586,-219.295425415039
decentralized,20,40.0,41775269774,214035,-236.870208740234,19.5248565673828
decentralized,20,40.0,41959819161,214035,-208.31103515625,-236.261993408203
decentralized,20,40.0,42144368548,214035,-6.71250677108765,128.432708740234
decentralized,20,40.0,42328917935,214035,-214.423751831055,-413.298126220703
decentralized,20,40.0,42513467322,214035,-265.461486816406,-95.1075134277344
decentralized,20,40.0,42698016709,214035,-200.941787719727,-56.6545600891113
decentralized,20,40.0,42882566096,214035,-212.776062011719,107.85619354248
decentralized,20,40.0,43067115483,214035,-143.827987670898,-278.490142822266
decentralized,20,40.0,43251664870,214035,-80.6598205566406,59.7010765075684
decentralized,20,40.0,43436214257,214035,56.6197395324707,-209.950332641602
decentralized,20,40.0,43620763644,214035,-69.6094665527344,-302.329040527344
decentralized,20,40.0,43805313031,214035,72.1543502807617,-181.592544555664
decentralized,20,40.0,43989862418,214035,7.57049179077148,-234.967361450195
decentralized,20,40.0,44174411805,214035,-284.487762451172,-35.9207000732422
decentralized,20,40.0,40667973452,214085,-309.980010986328,-188.113204956055
decentralized,20,40.0,40852522839,214085,-168.882095336914,-303.649841308594
decentralized,20,40.0,41037072226,214085,44.4858932495117,-165.671203613281
decentralized,20,40.0,41221621613,214085,-8.92978858947754,191.921127319336
decentralized,20,40.0,41406171000,214085,-262.869476318359,-258.865936279297
decentralized,20,40.0,41590720387,214085,-166.824401855469,-219.295425415039
decentralized,20,40.0,41775269774,214085,-236.870208740234,22.4169902801514
decentralized,20,40.0,41959819161,214085,-205.418899536133,-236.261993408203
decentralized,20,40.0,42144368548,214085,-6.71250677108765,125.540573120117
decentralized,20,40.0,42328917935,214085,-211.531616210938,-413.298126220703
decentralized,20,40.0,42513467322,214085,-265.461486816406,-91.2456512451172
decentralized,20,40.0,42698016709,214085,-200.941787719727,-53.7624282836914
decentralized,20,40.0,42882566096,214085,-212.776062011719,110.482841491699
decentralized,20,40.0,43067115483,214085,-140.935852050781,-278.490142822266
decentralized,20,40.0,43251664870,214085,-80.6598205566406,62.5932083129883
decentralized,20,40.0,43436214257,214085,56.6197395324707,-212.842468261719
decentralized,20,40.0,43620763644,214085,-69.6094665527344,-299.436920166016
decentralized,20,40.0,43805313031,214085,72.2133636474609,-178.89338684082
decentralized,20,40.0,43989862418,214085,7.57049179077148,-232.713531494141
decentralized,20,40.0,44174411805,214085,-284.487762451172,-38.8128318786621
decentralized,20,40.0,40667973452,214152,-309.980010986328,-185.404876708984
decentralized,20,40.0,40852522839,214152,-166.173767089844,-303.649841308594
decentralized,20,40.0,41037072226,214152,44.4858932495117,-168.379531860352
decentralized,20,40.0,41221621613,214152,-8.92978858947754,189.212799072266
decentralized,20,40.0,41406171000,214152,-261.991241455078,-263.299530029297
decentralized,20,40.0,41590720387,214152,-164.116073608398,-219.295425415039
decentralized,20,40.0,41775269774,214152,-236.870208740234,25.1253242492676
decentralized,20,40.0,41959819161,214152,-202.710571289063,-236.261993408203
decentralized,20,40.0,42144368548,214152,-6.71250677108765,128.248901367188
decentralized,20,40.0,42328917935,214152,-208.823287963867,-413.298126220703
decentralized,20,40.0,42513467322,214152,-266.986999511719,-95.7284393310547
decentralized,20,40.0,42698016709,214152,-201.157318115234,-56.6605987548828
decentralized,20,40.0,42882566096,214152,-212.776062011719,113.382583618164
decentralized,20,40.0,43067115483,214152,-138.227523803711,-278.490142822266
decentralized,20,40.0,43251664870,214152,-80.6598205566406,59.8848762512207
decentralized,20,40.0,43436214257,214152,56.6197395324707,-210.134140014648
decentralized,20,40.0,43620763644,214152,-69.6094665527344,-296.728576660156
decentralized,20,40.0,43805313031,214152,72.2133636474609,-176.18505859375
decentralized,20,40.0,43989862418,214152,7.35590505599976,-237.702255249023
decentralized,20,40.0,44174411805,214152,-285.200500488281,-37.0461730957031
decentralized,20,40.0,40667973452,214209,-309.980010986328,-188.113204956055
decentralized,20,40.0,40852522839,214209,-163.465438842773,-303.649841308594
decentralized,20,40.0,41037072226,214209,44.4858932495117,-171.087860107422
decentralized,20,40.0,41221621613,214209,-8.92978858947754,189.212799072266
decentralized,20,40.0,41406171000,214209,-261.991241455078,-260.591186523438
decentralized,20,40.0,41590720387,214209,-161.407745361328,-219.295425415039
decentralized,20,40.0,41775269774,214209,-236.870208740234,27.8336582183838
decentralized,20,40.0,41959819161,214209,-200.002243041992,-236.261993408203
decentralized,20,40.0,42144368548,214209,-6.71250677108765,130.957229614258
decentralized,20,40.0,42328917935,214209,-206.114959716797,-413.298126220703
decentralized,20,40.0,42513467322,214209,-266.986999511719,-93.0201034545898
decentralized,20,40.0,42698016709,214209,-201.226974487305,-53.7924346923828
decentralized,20,40.0,42882566096,214209,-212.776062011719,116.090919494629
decentralized,20,40.0,43067115483,214209,-138.26643371582,-278.910369873047
decentralized,20,40.0,43251664870,214209,-80.6598205566406,57.1765441894531
decentralized,20,40.0,43436214257,214209,56.6197395324707,-207.425811767578
decentralized,20,40.0,43620763644,214209,-69.6094665527344,-299.436920166016
decentralized,20,40.0,43805313031,214209,72.2133636474609,-178.89338684082
decentralized,20,40.0,43989862418,214209,7.35590505599976,-234.993927001953
decentralized,20,40.0,44174411805,214209,-285.200500488281,-34.3378410339355
decentralized,20,40.0,40667973452,214309,-309.980010986328,-188.236190795898
decentralized,20,40.0,40852522839,214309,-157.605361938477,-303.649841308594
decentralized,20,40.0,41037072226,214309,44.744758605957,-165.58464050293
decentralized,20,40.0,41221621613,214309,-8.92978858947754,189.089813232422
decentralized,20,40.0,41406171000,214309,-261.825134277344,-266.72900390625
decentralized,20,40.0,41590720387,214309,-155.547668457031,-219.295425415039
decentralized,20,40.0,41775269774,214309,-236.870208740234,33.6937408447266
decentralized,20,40.0,41959819161,214309,-197.010711669922,-236.261993408203
decentralized,20,40.0,42144368548,214309,-3.7209734916687,130.957229614258
decentralized,20,40.0,42328917935,214309,-200.2548828125,-413.298126220703
decentralized,20,40.0,42513467322,214309,-266.986999511719,-92.8971252441406
decentralized,20,40.0,42698016709,214309,-201.226974487305,-59.652515411377
decentralized,20,40.0,42882566096,214309,-212.776062011719,110.230834960938
decentralized,20,40.0,43067115483,214309,-138.26643371582,-284.770477294922
decentralized,20,40.0,43251664870,214309,-80.6598205566406,63.0366249084473
decentralized,20,40.0,43436214257,214309,56.6197395324707,-202.843124389648
decentralized,20,40.0,43620763644,214309,-68.7532653808594,-295.262054443359
decentralized,20,40.0,43805313031,214309,72.243782043457,-178.836608886719
decentralized,20,40.0,43989862418,214309,7.35590505599976,-229.133850097656
decentralized,20,40.0,44174411805,214309,-284.715942382813,-41.1628761291504
decentralized,20,40.0,40667973452,214427,-309.980010986328,-193.791732788086
decentralized,20,40.0,40852522839,214427,-152.049819946289,-303.649841308594
decentralized,20,40.0,41037072226,214427,44.744758605957,-160.029098510742
decentralized,20,40.0,41221621613,214427,-6.15201091766357,191.867584228516
decentralized,20,40.0,41406171000,214427,-261.825134277344,-272.284545898438
decentralized,20,40.0,41590720387,214427,-152.769897460938,-219.295425415039
decentralized,20,40.0,41775269774,214427,-231.314666748047,33.6937408447266
decentralized,20,40.0,41959819161,214427,-197.010711669922,-230.706451416016
decentralized,20,40.0,42144368548,214427,-3.7209734916687,136.577285766602
decentralized,20,40.0,42328917935,214427,-197.477111816406,-410.520355224609
decentralized,20,40.0,42513467322,214427,-266.986999511719,-95.6749038696289
decentralized,20,40.0,42698016709,214427,-201.226974487305,-65.2080688476563
decentralized,20,40.0,42882566096,214427,-212.776062011719,104.675277709961
decentralized,20,40.0,43067115483,214427,-138.26643371582,-290.326019287109
decentralized,20,40.0,43251664870,214427,-81.2668991088867,57.0463371276855
decentralized,20,40.0,43436214257,214427,56.9328575134277,-209.909027099609
decentralized,20,40.0,43620763644,214427,-63.1977081298828,-295.262054443359
decentralized,20,40.0,43805313031,214427,72.1982269287109,-178.7275390625
decentralized,20,40.0,43989862418,214427,7.35590505599976,-223.578308105469
decentralized,20,40.0,44174411805,214427,-284.715942382813,-35.6073188781738
decentralized,20,40.0,40667973452,214527,-309.980010986328,-188.354278564453
decentralized,20,40.0,40852522839,214528,-152.049819946289,-306.497711181641
decentralized,20,40.0,41037072226,214528,44.744758605957,-160.287384033203
decentralized,20,40.0,41221621613,214528,-6.15201091766357,189.019714355469
decentralized,20,40.0,41406171000,214528,-261.825134277344,-277.721984863281
decentralized,20,40.0,41590720387,214528,-152.769897460938,-224.732879638672
decentralized,20,40.0,41775269774,214528,-228.725082397461,33.6937408447266
decentralized,20,40.0,41959819161,214528,-197.010711669922,-225.268997192383
decentralized,20,40.0,42144368548,214528,-3.7209734916687,142.014739990234
decentralized,20,40.0,42328917935,214528,-197.477111816406,-410.221954345703
decentralized,20,40.0,42513467322,214528,-266.986999511719,-90.2374572753906
decentralized,20,40.0,42698016709,214528,-201.226974487305,-64.9497756958008
decentralized,20,40.0,42882566096,214528,-212.776062011719,99.2378311157227
decentralized,20,40.0,43067115483,214528,-135.909317016602,-289.507293701172
decentralized,20,40.0,43251664870,214528,-81.2668991088867,62.4837837219238
decentralized,20,40.0,43436214257,214528,56.9328575134277,-204.471572875977
decentralized,20,40.0,43620763644,214528,-57.7602653503418,-295.262054443359
decentralized,20,40.0,43805313031,214528,72.1662292480469,-178.923095703125
decentralized,20,40.0,43989862418,214528,7.35590505599976,-218.140853881836
decentralized,20,40.0,44174411805,214528,-284.251586914063,-42.0110206604004
decentralized,20,40.0,40667973452,214654,-309.980010986328,-193.923492431641
decentralized,20,40.0,40852522839,214654,-152.049819946289,-306.511383056641
decentralized,20,40.0,41037072226,214654,44.6305351257324,-160.140029907227
decentralized,20,40.0,41221621613,214654,-6.15201091766357,183.450500488281
decentralized,20,40.0,41406171000,214654,-261.825134277344,-277.708312988281
decentralized,20,40.0,41590720387,214654,-152.769897460938,-230.302093505859
decentralized,20,40.0,41775269774,214654,-228.725082397461,39.2629699707031
decentralized,20,40.0,41959819161,214654,-197.010711669922,-219.699783325195
decentralized,20,40.0,42144368548,214654,-4.09900617599487,135.647079467773
decentralized,20,40.0,42328917935,214654,-197.477111816406,-407.309417724609
decentralized,20,40.0,42513467322,214654,-266.160186767578,-91.2624053955078
decentralized,20,40.0,42698016709,214654,-201.226974487305,-64.9361038208008
decentralized,20,40.0,42882566096,214654,-212.776062011719,99.2241592407227
decentralized,20,40.0,43067115483,214654,-133.131546020508,-292.298736572266
decentralized,20,40.0,43251664870,214654,-82.2101058959961,61.3728179931641
decentralized,20,40.0,43436214257,214654,56.9328575134277,-198.902359008789
decentralized,20,40.0,43620763644,214654,-57.7602653503418,-292.972259521484
decentralized,20,40.0,43805313031,214654,72.0897903442383,-178.785125732422
decentralized,20,40.0,43989862418,214654,6.95287799835205,-220.825073242188
decentralized,20,40.0,44174411805,214654,-284.251586914063,-36.4417915344238
decentralized,20,40.0,40667973452,214703,-309.980010986328,-191.055526733398
decentralized,20,40.0,40852522839,214703,-152.049819946289,-303.643402099609
decentralized,20,40.0,41037072226,214703,44.2608070373535,-163.609161376953
decentralized,20,40.0,41221621613,214703,-6.15201091766357,180.582534790039
decentralized,20,40.0,41406171000,214703,-261.825134277344,-280.576293945313
decentralized,20,40.0,41590720387,214703,-152.769897460938,-233.170059204102
decentralized,20,40.0,41775269774,214703,-229.155380249023,34.3990631103516
decentralized,20,40.0,41959819161,214703,-197.010711669922,-216.831817626953
decentralized,20,40.0,42144368548,214703,-4.09900617599487,132.779113769531
decentralized,20,40.0,42328917935,214703,-194.609146118164,-407.309417724609
decentralized,20,40.0,42513467322,214703,-266.160186767578,-94.1303787231445
decentralized,20,40.0,42698016709,214703,-201.226974487305,-62.0681304931641
decentralized,20,40.0,42882566096,214703,-212.776062011719,102.092132568359
decentralized,20,40.0,43067115483,214703,-130.263580322266,-292.298736572266
decentralized,20,40.0,43251664870,214703,-82.2101058959961,58.5048446655273
decentralized,20,40.0,43436214257,214703,56.9328575134277,-196.034393310547
decentralized,20,40.0,43620763644,214703,-57.7602653503418,-289.694122314453
decentralized,20,40.0,43805313031,214703,72.0599365234375,-175.877731323242
decentralized,20,40.0,43989862418,214703,6.95287799835205,-223.69303894043
decentralized,20,40.0,44174411805,214703,-281.383605957031,-36.4417915344238
decentralized,20,40.0,40667973452,214824,-309.980010986328,-191.061996459961
decentralized,20,40.0,40852522839,214824,-152.049819946289,-298.030853271484
decentralized,20,40.0,41037072226,214824,44.2608070373535,-163.615631103516
decentralized,20,40.0,41221621613,214824,-5.56708097457886,179.703002929688
decentralized,20,40.0,41406171000,214824,-261.825134277344,-280.582763671875
decentralized,20,40.0,41590720387,214824,-152.769897460938,-238.782577514648
decentralized,20,40.0,41775269774,214824,-228.632339477539,39.4921264648438
decentralized,20,40.0,41959819161,214824,-197.010711669922,-211.219299316406
decentralized,20,40.0,42144368548,214824,-4.15154027938843,136.90608215332
decentralized,20,40.0,42328917935,214824,-191.799652099609,-404.506378173828
decentralized,20,40.0,42513467322,214824,-266.160186767578,-94.136848449707
decentralized,20,40.0,42698016709,214824,-201.226974487305,-56.4555969238281
decentralized,20,40.0,42882566096,214824,-212.776062011719,107.704666137695
decentralized,20,40.0,43067115483,214824,-124.65104675293,-292.298736572266
decentralized,20,40.0,43251664870,214824,-82.3154144287109,59.7800140380859
decentralized,20,40.0,43436214257,214824,57.2400550842285,-203.150833129883
decentralized,20,40.0,43620763644,214824,-54.9572334289551,-289.694122314453
decentralized,20,40.0,43805313031,214824,71.9455795288086,-175.767501831055
decentralized,20,40.0,43989862418,214824,6.78947687149048,-224.698974609375
decentralized,20,40.0,44174411805,214824,-281.383605957031,-39.2448234558105
decentralized,20,40.0,40667973452,214937,-309.980010986328,-190.916351318359
decentralized,20,40.0,40852522839,214937,-152.049819946289,-292.279144287109
decentralized,20,40.0,41037072226,214937,44.2608070373535,-163.469985961914
decentralized,20,40.0,41221621613,214937,-5.56708097457886,173.951309204102
decentralized,20,40.0,41406171000,214937,-261.825134277344,-286.33447265625
decentralized,20,40.0,41590720387,214937,-152.726303100586,-238.825759887695
decentralized,20,40.0,41775269774,214937,-228.632339477539,39.1239814758301
decentralized,20,40.0,41959819161,214937,-197.010711669922,-216.970993041992
decentralized,20,40.0,42144368548,214937,-4.15154027938843,142.657775878906
decentralized,20,40.0,42328917935,214937,-191.799652099609,-403.630981445313
decentralized,20,40.0,42513467322,214937,-266.160186767578,-88.3851470947266
decentralized,20,40.0,42698016709,214937,-201.226974487305,-62.2072982788086
decentralized,20,40.0,42882566096,214937,-212.369873046875,106.805160522461
decentralized,20,40.0,43067115483,214937,-118.899345397949,-292.298736572266
decentralized,20,40.0,43251664870,214937,-82.3278427124023,59.7787742614746
decentralized,20,40.0,43436214257,214937,57.2400550842285,-203.296478271484
decentralized,20,40.0,43620763644,214937,-54.9572334289551,-286.891082763672
decentralized,20,40.0,43805313031,214937,71.8965301513672,-175.852783203125
decentralized,20,40.0,43989862418,214937,6.21314525604248,-219.52180480957
decentralized,20,40.0,44174411805,214937,-281.383605957031,-33.4931221008301
decentralized,20,40.0,40667973452,215060,-309.980010986328,-190.760330200195
decentralized,20,40.0,40852522839,215060,-149.090774536133,-289.476104736328
decentralized,20,40.0,41037072226,215060,44.2608070373535,-169.232055664063
decentralized,20,40.0,41221621613,215060,-5.72972822189331,171.436172485352
decentralized,20,40.0,41406171000,215060,-261.825134277344,-286.490478515625
decentralized,20,40.0,41590720387,215060,-152.726303100586,-233.063690185547
decentralized,20,40.0,41775269774,215061,-228.632339477539,44.8860511779785
decentralized,20,40.0,41959819161,215061,-197.010711669922,-216.814971923828
decentralized,20,40.0,42144368548,215061,-4.60581207275391,140.44482421875
decentralized,20,40.0,42328917935,215061,-191.799652099609,-406.590026855469
decentralized,20,40.0,42513467322,215061,-266.160186767578,-82.6230773925781
decentralized,20,40.0,42698016709,215061,-201.226974487305,-67.969367980957
decentralized,20,40.0,42882566096,215061,-212.369873046875,101.043090820313
decentralized,20,40.0,43067115483,215061,-116.096313476563,-292.298736572266
decentralized,20,40.0,43251664870,215061,-82.3278427124023,59.9347801208496
decentralized,20,40.0,43436214257,215061,57.4821090698242,-204.326583862305
decentralized,20,40.0,43620763644,215061,-54.9572334289551,-284.088043212891
decentralized,20,40.0,43805313031,215061,71.8965301513672,-175.696762084961
decentralized,20,40.0,43989862418,215061,5.90830850601196,-221.194549560547
decentralized,20,40.0,44174411805,215061,-281.383605957031,-27.7310523986816
decentralized,20,40.0,40667973452,215116,-309.980010986328,-187.933074951172
decentralized,20,40.0,40852522839,215116,-146.263519287109,-289.476104736328
decentralized,20,40.0,41037072226,215116,44.2608070373535,-166.404800415039
decentralized,20,40.0,41221621613,215116,-5.72972822189331,168.608917236328
decentralized,20,40.0,41406171000,215116,-261.825134277344,-283.663238525391
decentralized,20,40.0,41590720387,215116,-152.726303100586,-235.89094543457
decentralized,20,40.0,41775269774,215116,-228.632339477539,47.7133026123047
decentralized,20,40.0,41959819161,215116,-197.010711669922,-213.987716674805
decentralized,20,40.0,42144368548,215116,-4.89067077636719,137.050003051758
decentralized,20,40.0,42328917935,215116,-191.799652099609,-409.417266845703
decentralized,20,40.0,42513467322,215116,-266.160186767578,-79.7958297729492
decentralized,20,40.0,42698016709,215116,-202.220779418945,-68.5198974609375
decentralized,20,40.0,42882566096,215116,-212.369873046875,103.944725036621
decentralized,20,40.0,43067115483,215116,-116.096313476563,-289.471496582031
decentralized,20,40.0,43251664870,215116,-82.3278427124023,57.1075286865234
decentralized,20,40.0,43436214257,215116,57.4821090698242,-201.499328613281
decentralized,20,40.0,43620763644,215116,-54.9572334289551,-281.260803222656
decentralized,20,40.0,43805313031,215116,71.8965301513672,-178.524017333984
decentralized,20,40.0,43989862418,215116,5.90830850601196,-218.367294311523
decentralized,20,40.0,44174411805,215116,-281.195373535156,-30.815523147583
decentralized,20,40.0,40667973452,215245,-309.980010986328,-194.053573608398
decentralized,20,40.0,40852522839,215245,-140.143020629883,-289.476104736328
decentralized,20,40.0,41037072226,215245,44.2608070373535,-160.284301757813
decentralized,20,40.0,41221621613,215245,-4.86345481872559,173.136108398438
decentralized,20,40.0,41406171000,215245,-262.288940429688,-284.582702636719
decentralized,20,40.0,41590720387,215245,-152.726303100586,-235.625152587891
decentralized,20,40.0,41775269774,215245,-228.717346191406,47.4800033569336
decentralized,20,40.0,41959819161,215245,-197.010711669922,-213.721923828125
decentralized,20,40.0,42144368548,215245,-5.49922609329224,134.449798583984
decentralized,20,40.0,42328917935,215245,-188.606506347656,-406.489929199219
decentralized,20,40.0,42513467322,215245,-262.653137207031,-82.0842590332031
decentralized,20,40.0,42698016709,215245,-202.354370117188,-68.5294418334961
decentralized,20,40.0,42882566096,215245,-212.369873046875,110.065231323242
decentralized,20,40.0,43067115483,215245,-116.096313476563,-283.351013183594
decentralized,20,40.0,43251664870,215245,-82.4781112670898,57.1910209655762
decentralized,20,40.0,43436214257,215245,57.7984924316406,-203.213241577148
decentralized,20,40.0,43620763644,215245,-54.1768608093262,-283.588531494141
decentralized,20,40.0,43805313031,215245,72.3068161010742,-178.715240478516
decentralized,20,40.0,43989862418,215245,5.1434063911438,-221.070739746094
decentralized,20,40.0,44174411805,215245,-281.195373535156,-24.6950225830078
decentralized,20,40.0,40667973452,215377,-309.980010986328,-195.145645141602
decentralized,20,40.0,40852522839,215377,-136.970123291016,-289.576232910156
decentralized,20,40.0,41037072226,215377,44.2608070373535,-153.670776367188
decentralized,20,40.0,41221621613,215377,-4.86345481872559,179.749633789063
decentralized,20,40.0,41406171000,215377,-262.288940429688,-285.674774169922
decentralized,20,40.0,41590720387,215377,-153.220962524414,-229.960632324219
decentralized,20,40.0,41775269774,215377,-228.717346191406,43.6272048950195
decentralized,20,40.0,41959819161,215377,-190.397186279297,-213.721923828125
decentralized,20,40.0,42144368548,215377,-5.64498043060303,134.442794799805
decentralized,20,40.0,42328917935,215377,-188.606506347656,-399.876373291016
decentralized,20,40.0,42513467322,215377,-262.653137207031,-79.3235244750977
decentralized,20,40.0,42698016709,215377,-202.354370117188,-61.9159088134766
decentralized,20,40.0,42882566096,215377,-205.75634765625,110.065231323242
decentralized,20,40.0,43067115483,215377,-116.096313476563,-276.737457275391
decentralized,20,40.0,43251664870,215377,-82.4781112670898,58.2830848693848
decentralized,20,40.0,43436214257,215377,57.7984924316406,-196.599716186523
decentralized,20,40.0,43620763644,215377,-54.1768608093262,-276.974975585938
decentralized,20,40.0,43805313031,215377,72.8563537597656,-178.270080566406
decentralized,20,40.0,43989862418,215377,4.56122446060181,-222.892700195313
decentralized,20,40.0,44174411805,215377,-281.195373535156,-18.0814895629883
decentralized,20,40.0,40667973452,215433,-309.980010986328,-192.090087890625
decentralized,20,40.0,40852522839,215433,-137.020324707031,-292.504608154297
decentralized,20,40.0,41037072226,215433,44.2608070373535,-156.726333618164
decentralized,20,40.0,41221621613,215433,-4.86345481872559,182.805191040039
decentralized,20,40.0,41406171000,215433,-262.288940429688,-282.619232177734
decentralized,20,40.0,41590720387,215433,-153.220962524414,-226.905075073242
decentralized,20,40.0,41775269774,215433,-228.717346191406,46.6827621459961
decentralized,20,40.0,41959819161,215433,-187.34162902832,-213.721923828125
decentralized,20,40.0,42144368548,215433,-5.64498043060303,137.498352050781
decentralized,20,40.0,42328917935,215433,-188.606506347656,-396.820831298828
decentralized,20,40.0,42513467322,215433,-262.653137207031,-76.2679672241211
decentralized,20,40.0,42698016709,215433,-202.354370117188,-58.8603515625
decentralized,20,40.0,42882566096,215433,-202.700790405273,110.065231323242
decentralized,20,40.0,43067115483,215433,-116.221572875977,-276.851959228516
decentralized,20,40.0,43251664870,215433,-82.6368408203125,56.9477081298828
decentralized,20,40.0,43436214257,215433,57.7984924316406,-193.544158935547
decentralized,20,40.0,43620763644,215433,-54.1768608093262,-280.030517578125
decentralized,20,40.0,43805313031,215433,71.2731170654297,-179.107299804688
decentralized,20,40.0,43989862418,215433,4.56122446060181,-225.948257446289
decentralized,20,40.0,44174411805,215433,-280.387115478516,-22.1122341156006
decentralized,20,40.0,40667973452,215551,-309.980010986328,-185.978973388672
decentralized,20,40.0,40852522839,215551,-137.07568359375,-298.476806640625
decentralized,20,40.0,41037072226,215551,44.2608070373535,-156.404312133789
decentralized,20,40.0,41221621613,215551,-4.86345481872559,188.916305541992
decentralized,20,40.0,41406171000,215551,-261.555694580078,-283.254486083984
decentralized,20,40.0,41590720387,215551,-153.220962524414,-226.583053588867
decentralized,20,40.0,41775269774,215551,-222.606231689453,46.6827621459961
decentralized,20,40.0,41959819161,215551,-187.34162902832,-216.616470336914
decentralized,20,40.0,42144368548,215551,-5.64498043060303,143.609466552734
decentralized,20,40.0,42328917935,215551,-182.495391845703,-396.820831298828
decentralized,20,40.0,42513467322,215551,-259.758575439453,-73.0514068603516
decentralized,20,40.0,42698016709,215551,-202.818222045898,-66.4752731323242
decentralized,20,40.0,42882566096,215551,-199.484222412109,110.065231323242
decentralized,20,40.0,43067115483,215551,-116.221572875977,-282.963073730469
decentralized,20,40.0,43251664870,215551,-82.6368408203125,57.269718170166
decentralized,20,40.0,43436214257,215551,57.7984924316406,-199.6552734375
decentralized,20,40.0,43620763644,215551,-54.1768608093262,-286.141632080078
decentralized,20,40.0,43805313031,215551,71.1919174194336,-179.157623291016
decentralized,20,40.0,43989862418,215551,4.56122446060181,-232.059371948242
decentralized,20,40.0,44174411805,215551,-280.387115478516,-22.4342441558838
decentralized,20,40.0,40667973452,215609,-309.980010986328,-189.034530639648
decentralized,20,40.0,40852522839,215609,-137.07568359375,-301.532348632813
decentralized,20,40.0,41037072226,215609,44.2608070373535,-153.348754882813
decentralized,20,40.0,41221621613,215609,-4.86345481872559,191.971862792969
decentralized,20,40.0,41406171000,215609,-261.555694580078,-280.198944091797
decentralized,20,40.0,41590720387,215609,-153.242599487305,-223.564605712891
decentralized,20,40.0,41775269774,215609,-219.550674438477,46.6827621459961
decentralized,20,40.0,41959819161,215609,-187.34162902832,-213.560913085938
decentralized,20,40.0,42144368548,215609,-5.64498043060303,146.665023803711
decentralized,20,40.0,42328917935,215609,-179.439834594727,-396.820831298828
decentralized,20,40.0,42513467322,215609,-259.758575439453,-73.0514068603516
decentralized,20,40.0,42698016709,215609,-202.818222045898,-69.5308303833008
decentralized,20,40.0,42882566096,215609,-199.484222412109,113.120788574219
decentralized,20,40.0,43067115483,215609,-116.221572875977,-286.018615722656
decentralized,20,40.0,43251664870,215609,-82.6368408203125,60.3252754211426
decentralized,20,40.0,43436214257,215609,57.7984924316406,-202.710830688477
decentralized,20,40.0,43620763644,215609,-54.1768608093262,-289.197174072266
decentralized,20,40.0,43805313031,215609,71.0465545654297,-175.928009033203
decentralized,20,40.0,43989862418,215609,4.56122446060181,-228.830368041992
decentralized,20,40.0,44174411805,215609,-279.640960693359,-26.3823986053467
decentralized,20,40.0,40667973452,215744,-309.980010986328,-195.145645141602
decentralized,20,40.0,40852522839,215744,-137.018707275391,-301.647125244141
decentralized,20,40.0,41037072226,215744,44.2608070373535,-159.459869384766
decentralized,20,40.0,41221621613,215744,-6.27993822097778,190.061538696289
decentralized,20,40.0,41406171000,215744,-259.97900390625,-288.145874023438
decentralized,20,40.0,41590720387,215744,-153.242599487305,-229.675720214844
decentralized,20,40.0,41775269774,215744,-213.439559936523,46.6827621459961
decentralized,20,40.0,41959819161,215744,-187.34162902832,-213.560913085938
decentralized,20,40.0,42144368548,215744,-5.64498043060303,152.776138305664
decentralized,20,40.0,42328917935,215744,-179.439834594727,-390.709747314453
decentralized,20,40.0,42513467322,215744,-259.758575439453,-79.1625213623047
decentralized,20,40.0,42698016709,215744,-202.709991455078,-70.4699783325195
decentralized,20,40.0,42882566096,215744,-199.484222412109,119.231903076172
decentralized,20,40.0,43067115483,215744,-115.932678222656,-286.593597412109
decentralized,20,40.0,43251664870,215744,-82.6368408203125,60.3252754211426
decentralized,20,40.0,43436214257,215744,57.9754981994629,-203.591094970703
decentralized,20,40.0,43620763644,215744,-53.9928665161133,-289.671356201172
decentralized,20,40.0,43805313031,215744,70.9542617797852,-175.813751220703
decentralized,20,40.0,43989862418,215744,4.56122446060181,-222.719253540039
decentralized,20,40.0,44174411805,215744,-279.640960693359,-26.3823986053467
decentralized,20,40.0,40667973452,215860,-309.980010986328,-195.370788574219
decentralized,20,40.0,40852522839,215860,-137.018707275391,-302.021942138672
decentralized,20,40.0,41037072226,215860,44.2608070373535,-165.764099121094
decentralized,20,40.0,41221621613,215860,-6.27993822097778,196.365768432617
decentralized,20,40.0,41406171000,215860,-256.730316162109,-285.09033203125
decentralized,20,40.0,41590720387,215860,-153.191192626953,-230.583862304688
decentralized,20,40.0,41775269774,215860,-207.135330200195,46.6827621459961
decentralized,20,40.0,41959819161,215860,-187.34162902832,-219.865142822266
decentralized,20,40.0,42144368548,215860,-6.80089664459229,150.92219543457
decentralized,20,40.0,42328917935,215860,-173.135604858398,-390.709747314453
decentralized,20,40.0,42513467322,215860,-258.899230957031,-73.9152450561523
decentralized,20,40.0,42698016709,215860,-203.192520141602,-72.4586868286133
decentralized,20,40.0,42882566096,215860,-196.235549926758,122.287460327148
decentralized,20,40.0,43067115483,215860,-115.932678222656,-280.289367675781
decentralized,20,40.0,43251664870,215860,-82.6368408203125,60.5183944702148
decentralized,20,40.0,43436214257,215860,58.8721809387207,-205.619689941406
decentralized,20,40.0,43620763644,215860,-53.9928665161133,-295.9755859375
decentralized,20,40.0,43805313031,215860,70.9542617797852,-176.006866455078
decentralized,20,40.0,43989862418,215860,3.95363759994507,-224.345825195313
decentralized,20,40.0,44174411805,215860,-279.640960693359,-20.0781650543213
decentralized,20,40.0,40667973452,215935,-309.980010986328,-192.033737182617
decentralized,20,40.0,40852522839,215935,-137.240997314453,-298.251647949219
decentralized,20,40.0,41037072226,215935,44.2608070373535,-162.427047729492
decentralized,20,40.0,41221621613,215935,-7.47972249984741,191.146179199219
decentralized,20,40.0,41406171000,215935,-253.393264770508,-285.09033203125
decentralized,20,40.0,41590720387,215935,-153.191192626953,-227.246810913086
decentralized,20,40.0,41775269774,215935,-203.798278808594,46.6827621459961
decentralized,20,40.0,41959819161,215935,-187.34162902832,-223.202194213867
decentralized,20,40.0,42144368548,215935,-6.80089664459229,154.259246826172
decentralized,20,40.0,42328917935,215935,-169.798553466797,-390.709747314453
decentralized,20,40.0,42513467322,215935,-258.899230957031,-70.5781936645508
decentralized,20,40.0,42698016709,215935,-203.192520141602,-75.7957382202148
decentralized,20,40.0,42882566096,215935,-196.235549926758,122.287460327148
decentralized,20,40.0,43067115483,215935,-115.932678222656,-276.952331542969
decentralized,20,40.0,43251664870,215935,-82.6368408203125,57.1813430786133
decentralized,20,40.0,43436214257,215935,58.8721809387207,-208.956741333008
decentralized,20,40.0,43620763644,215936,-53.9928665161133,-292.638549804688
decentralized,20,40.0,43805313031,215936,70.9542617797852,-172.669815063477
decentralized,20,40.0,43989862418,215936,3.95363759994507,-221.008773803711
decentralized,20,40.0,44174411805,215936,-279.640960693359,-23.4152145385742
decentralized,20,40.0,40667973452,216056,-309.980010986328,-192.566650390625
decentralized,20,40.0,40852522839,216056,-133.849365234375,-295.392944335938
decentralized,20,40.0,41037072226,216056,44.1555671691895,-161.759979248047
decentralized,20,40.0,41221621613,216056,-6.293532371521,190.172546386719
decentralized,20,40.0,41406171000,216056,-247.142913818359,-285.09033203125
decentralized,20,40.0,41590720387,216056,-150.410430908203,-227.809921264648
decentralized,20,40.0,41775269774,216056,-203.798278808594,43.291130065918
decentralized,20,40.0,41959819161,216056,-187.34162902832,-229.452545166016
decentralized,20,40.0,42144368548,216056,-6.80089664459229,160.50959777832
decentralized,20,40.0,42328917935,216056,-170.157470703125,-388.382019042969
decentralized,20,40.0,42513467322,216056,-258.899230957031,-64.3278427124023
decentralized,20,40.0,42698016709,216056,-203.345443725586,-74.036247253418
decentralized,20,40.0,42882566096,216056,-196.235549926758,116.037109375
decentralized,20,40.0,43067115483,216056,-117.425300598145,-279.002838134766
decentralized,20,40.0,43251664870,216056,-82.6368408203125,63.4316902160645
decentralized,20,40.0,43436214257,216056,58.6585388183594,-202.500137329102
decentralized,20,40.0,43620763644,216056,-53.9928665161133,-292.178771972656
decentralized,20,40.0,43805313031,216056,69.9271850585938,-175.696929931641
decentralized,20,40.0,43989862418,216056,3.19281840324402,-222.561660766602
decentralized,20,40.0,44174411805,216056,-279.640960693359,-29.6655654907227
decentralized,20,40.0,40667973452,216128,-309.980010986328,-195.899978637695
decentralized,20,40.0,40852522839,216128,-130.516036987305,-295.392944335938
decentralized,20,40.0,41037072226,216128,44.1555671691895,-158.426651000977
decentralized,20,40.0,41221621613,216128,-6.95484781265259,185.478759765625
decentralized,20,40.0,41406171000,216128,-247.142913818359,-285.09033203125
decentralized,20,40.0,41590720387,216128,-149.622024536133,-228.696838378906
decentralized,20,40.0,41775269774,216128,-203.798278808594,39.9577980041504
decentralized,20,40.0,41959819161,216128,-187.34162902832,-226.119216918945
decentralized,20,40.0,42144368548,216128,-7.47226333618164,156.32307434082
decentralized,20,40.0,42328917935,216128,-170.157470703125,-387.470550537109
decentralized,20,40.0,42513467322,216128,-258.899230957031,-60.9945106506348
decentralized,20,40.0,42698016709,216128,-203.345443725586,-70.7029113769531
decentralized,20,40.0,42882566096,216128,-196.235549926758,112.703773498535
decentralized,20,40.0,43067115483,216128,-117.425300598145,-282.336181640625
decentralized,20,40.0,43251664870,216128,-82.6368408203125,66.765022277832
decentralized,20,40.0,43436214257,216128,58.6585388183594,-199.166809082031
decentralized,20,40.0,43620763644,216128,-53.9928665161133,-288.845428466797
decentralized,20,40.0,43805313031,216128,69.9439926147461,-178.629058837891
decentralized,20,40.0,43989862418,216128,2.18548583984375,-228.261260986328
decentralized,20,40.0,44174411805,216128,-279.640960693359,-32.9988975524902
decentralized,20,40.0,40667973452,216272,-309.980010986328,-189.233322143555
decentralized,20,40.0,40852522839,216272,-130.544204711914,-291.542053222656
decentralized,20,40.0,41037072226,216272,44.4376640319824,-165.427169799805
decentralized,20,40.0,41221621613,216272,-6.62227964401245,191.710159301758
decentralized,20,40.0,41406171000,216272,-247.142913818359,-291.757019042969
decentralized,20,40.0,41590720387,216272,-149.622024536133,-235.363494873047
decentralized,20,40.0,41775269774,216272,-203.798278808594,33.2911338806152
decentralized,20,40.0,41959819161,216272,-187.34162902832,-219.452560424805
decentralized,20,40.0,42144368548,216272,-7.47226333618164,149.65641784668
decentralized,20,40.0,42328917935,216272,-170.157470703125,-385.491394042969
decentralized,20,40.0,42513467322,216272,-258.452819824219,-61.2133102416992
decentralized,20,40.0,42698016709,216272,-203.345443725586,-65.7029113769531
decentralized,20,40.0,42882566096,216272,-196.513336181641,106.785194396973
decentralized,20,40.0,43067115483,216272,-117.425300598145,-275.669494628906
decentralized,20,40.0,43251664870,216272,-82.6368408203125,73.4316940307617
decentralized,20,40.0,43436214257,216272,58.9110450744629,-206.650466918945
decentralized,20,40.0,43620763644,216272,-53.7846984863281,-288.628875732422
decentralized,20,40.0,43805313031,216272,70.2489929199219,-178.421569824219
decentralized,20,40.0,43989862418,216272,1.62784695625305,-223.859939575195
decentralized,20,40.0,44174411805,216272,-279.581085205078,-26.4541759490967
decentralized,20,40.0,40667973452,216355,-309.980010986328,-192.790618896484
decentralized,20,40.0,40852522839,216355,-130.560409545898,-294.813018798828
decentralized,20,40.0,41037072226,216355,44.4376640319824,-168.984466552734
decentralized,20,40.0,41221621613,216355,-6.62227964401245,195.267456054688
decentralized,20,40.0,41406171000,216355,-247.142913818359,-295.314331054688
decentralized,20,40.0,41590720387,216355,-149.554641723633,-238.743804931641
decentralized,20,40.0,41775269774,216355,-203.798278808594,29.7338333129883
decentralized,20,40.0,41959819161,216355,-187.34162902832,-223.009857177734
decentralized,20,40.0,42144368548,216355,-7.47226333618164,146.09912109375
decentralized,20,40.0,42328917935,216355,-166.555114746094,-385.491394042969
decentralized,20,40.0,42513467322,216355,-258.452819824219,-64.7706069946289
decentralized,20,40.0,42698016709,216355,-204.578109741211,-68.5152053833008
decentralized,20,40.0,42882566096,216355,-196.12239074707,109.511161804199
decentralized,20,40.0,43067115483,216355,-117.425300598145,-279.226806640625
decentralized,20,40.0,43251664870,216355,-82.4696731567383,69.9636306762695
decentralized,20,40.0,43436214257,216355,59.7914009094238,-203.826278686523
decentralized,20,40.0,43620763644,216355,-52.1251220703125,-294.5654296875
decentralized,20,40.0,43805313031,216355,70.2489929199219,-175.503479003906
decentralized,20,40.0,43989862418,216355,1.06417441368103,-228.676406860352
decentralized,20,40.0,44174411805,216355,-279.581085205078,-22.8968753814697
