Decentralized,5,0.39269908169872414,0,0,11,12
Decentralized,5,0.39269908169872414,1,0,18,23
Decentralized,5,0.39269908169872414,2,0,0,3
Decentralized,5,0.39269908169872414,3,0,20,23
Decentralized,5,0.39269908169872414,4,0,6,7
Decentralized,5,0.39269908169872414,0,1,12,12
Decentralized,5,0.39269908169872414,1,1,19,23
Decentralized,5,0.39269908169872414,2,1,1,3
Decentralized,5,0.39269908169872414,3,1,21,23
Decentralized,5,0.39269908169872414,4,1,7,7
Decentralized,5,0.39269908169872414,0,2,13,12
Decentralized,5,0.39269908169872414,1,2,20,23
Decentralized,5,0.39269908169872414,2,2,2,3
Decentralized,5,0.39269908169872414,3,2,22,23
Decentralized,5,0.39269908169872414,4,2,8,7
Decentralized,5,0.39269908169872414,0,3,14,12
Decentralized,5,0.39269908169872414,1,3,21,23
Decentralized,5,0.39269908169872414,2,3,3,3
Decentralized,5,0.39269908169872414,3,3,23,23
Decentralized,5,0.39269908169872414,4,3,8,8
Decentralized,5,0.39269908169872414,0,4,15,12
Decentralized,5,0.39269908169872414,1,4,22,23
Decentralized,5,0.39269908169872414,2,4,4,3
Decentralized,5,0.39269908169872414,3,4,24,23
Decentralized,5,0.39269908169872414,4,4,9,8
Decentralized,5,0.39269908169872414,0,5,16,12
Decentralized,5,0.39269908169872414,1,5,23,23
Decentralized,5,0.39269908169872414,2,5,5,3
Decentralized,5,0.39269908169872414,3,5,25,23
Decentralized,5,0.39269908169872414,4,5,9,9
Decentralized,5,0.39269908169872414,0,6,17,12
Decentralized,5,0.39269908169872414,1,6,24,23
Decentralized,5,0.39269908169872414,2,6,6,3
Decentralized,5,0.39269908169872414,3,6,26,23
Decentralized,5,0.39269908169872414,4,6,10,9
Decentralized,5,0.39269908169872414,0,7,17,13
Decentralized,5,0.39269908169872414,1,7,25,23
Decentralized,5,0.39269908169872414,2,7,7,3
Decentralized,5,0.39269908169872414,3,7,27,23
Decentralized,5,0.39269908169872414,4,7,11,9
Decentralized,5,0.39269908169872414,0,8,18,13
Decentralized,5,0.39269908169872414,1,8,26,23
Decentralized,5,0.39269908169872414,2,8,8,3
Decentralized,5,0.39269908169872414,3,8,28,23
Decentralized,5,0.39269908169872414,4,8,12,9
Decentralized,5,0.39269908169872414,0,9,19,13
Decentralized,5,0.39269908169872414,1,9,27,23
Decentralized,5,0.39269908169872414,2,9,9,3
Decentralized,5,0.39269908169872414,3,9,29,23
Decentralized,5,0.39269908169872414,4,9,13,9
Decentralized,5,0.39269908169872414,0,10,20,13
Decentralized,5,0.39269908169872414,1,10,28,23
Decentralized,5,0.39269908169872414,2,10,9,2
Decentralized,5,0.39269908169872414,3,10,30,23
Decentralized,5,0.39269908169872414,4,10,13,8
Decentralized,5,0.39269908169872414,0,11,21,13
Decentralized,5,0.39269908169872414,1,11,29,23
Decentralized,5,0.39269908169872414,2,11,10,2
Decentralized,5,0.39269908169872414,3,11,31,23
Decentralized,5,0.39269908169872414,4,11,14,8
Decentralized,5,0.39269908169872414,0,12,22,13
Decentralized,5,0.39269908169872414,1,12,30,23
Decentralized,5,0.39269908169872414,2,12,10,1
Decentralized,5,0.39269908169872414,3,12,32,23
Decentralized,5,0.39269908169872414,4,12,15,8
Decentralized,5,0.39269908169872414,0,13,23,13
Decentralized,5,0.39269908169872414,1,13,31,23
Decentralized,5,0.39269908169872414,2,13,10,2
Decentralized,5,0.39269908169872414,3,13,33,23
Decentralized,5,0.39269908169872414,4,13,15,7
Decentralized,5,0.39269908169872414,0,14,24,13
Decentralized,5,0.39269908169872414,1,14,32,23
Decentralized,5,0.39269908169872414,2,14,10,1
Decentralized,5,0.39269908169872414,3,14,34,23
Decentralized,5,0.39269908169872414,4,14,16,7
Decentralized,5,0.39269908169872414,0,15,25,13
Decentralized,5,0.39269908169872414,1,15,33,23
Decentralized,5,0.39269908169872414,2,15,10,2
Decentralized,5,0.39269908169872414,3,15,35,23
Decentralized,5,0.39269908169872414,4,15,17,7
Decentralized,5,0.39269908169872414,0,16,26,13
Decentralized,5,0.39269908169872414,1,16,34,23
Decentralized,5,0.39269908169872414,2,16,10,1
Decentralized,5,0.39269908169872414,3,16,36,23
Decentralized,5,0.39269908169872414,4,16,18,7
Decentralized,5,0.39269908169872414,0,17,27,13
Decentralized,5,0.39269908169872414,1,17,35,23
Decentralized,5,0.39269908169872414,2,17,10,0
Decentralized,5,0.39269908169872414,3,17,37,23
Decentralized,5,0.39269908169872414,4,17,18,6
Decentralized,5,0.39269908169872414,0,18,28,13
Decentralized,5,0.39269908169872414,1,18,36,23
Decentralized,5,0.39269908169872414,2,18,11,0
Decentralized,5,0.39269908169872414,3,18,38,23
Decentralized,5,0.39269908169872414,4,18,19,6
Decentralized,5,0.39269908169872414,0,19,29,13
Decentralized,5,0.39269908169872414,1,19,37,23
Decentralized,5,0.39269908169872414,2,19,12,0
Decentralized,5,0.39269908169872414,3,19,39,23
Decentralized,5,0.39269908169872414,4,19,20,6
Decentralized,5,0.39269908169872414,0,20,30,13
Decentralized,5,0.39269908169872414,1,20,38,23
Decentralized,5,0.39269908169872414,2,20,13,0
Decentralized,5,0.39269908169872414,3,20,40,23
Decentralized,5,0.39269908169872414,4,20,21,6
Decentralized,5,0.39269908169872414,0,21,31,13
Decentralized,5,0.39269908169872414,1,21,39,23
Decentralized,5,0.39269908169872414,2,21,14,0
Decentralized,5,0.39269908169872414,3,21,41,23
Decentralized,5,0.39269908169872414,4,21,22,6
Decentralized,5,0.39269908169872414,0,22,32,13
Decentralized,5,0.39269908169872414,1,22,40,23
Decentralized,5,0.39269908169872414,2,22,15,0
Decentralized,5,0.39269908169872414,3,22,42,23
Decentralized,5,0.39269908169872414,4,22,23,6
Decentralized,5,0.39269908169872414,0,23,33,13
Decentralized,5,0.39269908169872414,1,23,41,23
Decentralized,5,0.39269908169872414,2,23,16,0
Decentralized,5,0.39269908169872414,3,23,43,23
Decentralized,5,0.39269908169872414,4,23,24,6
Decentralized,5,0.39269908169872414,0,24,34,13
Decentralized,5,0.39269908169872414,1,24,42,23
Decentralized,5,0.39269908169872414,2,24,17,0
Decentralized,5,0.39269908169872414,3,24,44,23
Decentralized,5,0.39269908169872414,4,24,25,6
Decentralized,5,0.39269908169872414,0,25,35,13
Decentralized,5,0.39269908169872414,1,25,43,23
Decentralized,5,0.39269908169872414,2,25,18,0
Decentralized,5,0.39269908169872414,3,25,45,23
Decentralized,5,0.39269908169872414,4,25,26,6
Decentralized,5,0.39269908169872414,0,26,36,13
Decentralized,5,0.39269908169872414,1,26,44,23
Decentralized,5,0.39269908169872414,2,26,19,0
Decentralized,5,0.39269908169872414,3,26,46,23
Decentralized,5,0.39269908169872414,4,26,27,6
Decentralized,5,0.39269908169872414,0,27,37,13
Decentralized,5,0.39269908169872414,1,27,45,23
Decentralized,5,0.39269908169872414,2,27,20,0
Decentralized,5,0.39269908169872414,3,27,47,23
Decentralized,5,0.39269908169872414,4,27,28,6
Decentralized,5,0.39269908169872414,0,28,38,13
Decentralized,5,0.39269908169872414,1,28,46,23
Decentralized,5,0.39269908169872414,2,28,21,0
Decentralized,5,0.39269908169872414,3,28,48,23
Decentralized,5,0.39269908169872414,4,28,29,6
Decentralized,5,0.39269908169872414,0,29,39,13
Decentralized,5,0.39269908169872414,1,29,47,23
Decentralized,5,0.39269908169872414,2,29,22,0
Decentralized,5,0.39269908169872414,3,29,49,23
Decentralized,5,0.39269908169872414,4,29,30,6
Decentralized,5,0.39269908169872414,0,30,40,13
Decentralized,5,0.39269908169872414,1,30,48,23
Decentralized,5,0.39269908169872414,2,30,23,0
Decentralized,5,0.39269908169872414,3,30,50,23
Decentralized,5,0.39269908169872414,4,30,31,6
Decentralized,5,0.39269908169872414,0,31,41,13
Decentralized,5,0.39269908169872414,1,31,49,23
Decentralized,5,0.39269908169872414,2,31,24,0
Decentralized,5,0.39269908169872414,3,31,51,23
Decentralized,5,0.39269908169872414,4,31,32,6
Decentralized,5,0.39269908169872414,0,32,42,13
Decentralized,5,0.39269908169872414,1,32,50,23
Decentralized,5,0.39269908169872414,2,32,25,0
Decentralized,5,0.39269908169872414,3,32,52,23
Decentralized,5,0.39269908169872414,4,32,33,6
Decentralized,5,0.39269908169872414,0,33,43,13
Decentralized,5,0.39269908169872414,1,33,51,23
Decentralized,5,0.39269908169872414,2,33,26,0
Decentralized,5,0.39269908169872414,3,33,53,23
Decentralized,5,0.39269908169872414,4,33,34,6
Decentralized,5,0.39269908169872414,0,34,44,13
Decentralized,5,0.39269908169872414,1,34,52,23
Decentralized,5,0.39269908169872414,2,34,27,0
Decentralized,5,0.39269908169872414,3,34,54,23
Decentralized,5,0.39269908169872414,4,34,35,6
Decentralized,5,0.39269908169872414,0,35,45,13
Decentralized,5,0.39269908169872414,1,35,53,23
Decentralized,5,0.39269908169872414,2,35,28,0
Decentralized,5,0.39269908169872414,3,35,55,23
Decentralized,5,0.39269908169872414,4,35,36,6
Decentralized,5,0.39269908169872414,0,36,46,13
Decentralized,5,0.39269908169872414,1,36,54,23
Decentralized,5,0.39269908169872414,2,36,29,0
Decentralized,5,0.39269908169872414,3,36,56,23
Decentralized,5,0.39269908169872414,4,36,37,6
Decentralized,5,0.39269908169872414,0,37,47,13
Decentralized,5,0.39269908169872414,1,37,55,23
Decentralized,5,0.39269908169872414,2,37,30,0
Decentralized,5,0.39269908169872414,3,37,57,23
Decentralized,5,0.39269908169872414,4,37,38,6
Decentralized,5,0.39269908169872414,0,38,48,13
Decentralized,5,0.39269908169872414,1,38,56,23
Decentralized,5,0.39269908169872414,2,38,31,0
Decentralized,5,0.39269908169872414,3,38,58,23
Decentralized,5,0.39269908169872414,4,38,39,6
Decentralized,5,0.39269908169872414,0,39,49,13
Decentralized,5,0.39269908169872414,1,39,57,23
Decentralized,5,0.39269908169872414,2,39,32,0
Decentralized,5,0.39269908169872414,3,39,59,23
Decentralized,5,0.39269908169872414,4,39,40,6
Decentralized,5,0.39269908169872414,0,40,50,13
Decentralized,5,0.39269908169872414,1,40,58,23
Decentralized,5,0.39269908169872414,2,40,33,0
Decentralized,5,0.39269908169872414,3,40,60,23
Decentralized,5,0.39269908169872414,4,40,41,6
Decentralized,5,0.39269908169872414,0,41,51,13
Decentralized,5,0.39269908169872414,1,41,59,23
Decentralized,5,0.39269908169872414,2,41,34,0
Decentralized,5,0.39269908169872414,3,41,61,23
Decentralized,5,0.39269908169872414,4,41,42,6
Decentralized,5,0.39269908169872414,0,42,52,13
Decentralized,5,0.39269908169872414,1,42,60,23
Decentralized,5,0.39269908169872414,2,42,35,0
Decentralized,5,0.39269908169872414,3,42,62,23
Decentralized,5,0.39269908169872414,4,42,43,6
Decentralized,5,0.39269908169872414,0,43,53,13
Decentralized,5,0.39269908169872414,1,43,61,23
Decentralized,5,0.39269908169872414,2,43,36,0
Decentralized,5,0.39269908169872414,3,43,63,23
Decentralized,5,0.39269908169872414,4,43,44,6
Decentralized,5,0.39269908169872414,0,44,54,13
Decentralized,5,0.39269908169872414,1,44,62,23
Decentralized,5,0.39269908169872414,2,44,37,0
Decentralized,5,0.39269908169872414,3,44,64,23
Decentralized,5,0.39269908169872414,4,44,45,6
Decentralized,5,0.39269908169872414,0,45,55,13
Decentralized,5,0.39269908169872414,1,45,63,23
Decentralized,5,0.39269908169872414,2,45,38,0
Decentralized,5,0.39269908169872414,3,45,65,23
Decentralized,5,0.39269908169872414,4,45,46,6
Decentralized,5,0.39269908169872414,0,46,56,13
Decentralized,5,0.39269908169872414,1,46,64,23
Decentralized,5,0.39269908169872414,2,46,39,0
Decentralized,5,0.39269908169872414,3,46,66,23
Decentralized,5,0.39269908169872414,4,46,47,6
Decentralized,5,0.39269908169872414,0,47,57,13
Decentralized,5,0.39269908169872414,1,47,65,23
Decentralized,5,0.39269908169872414,2,47,40,0
Decentralized,5,0.39269908169872414,3,47,67,23
Decentralized,5,0.39269908169872414,4,47,48,6
Decentralized,5,0.39269908169872414,0,48,58,13
Decentralized,5,0.39269908169872414,1,48,66,23
Decentralized,5,0.39269908169872414,2,48,41,0
Decentralized,5,0.39269908169872414,3,48,68,23
Decentralized,5,0.39269908169872414,4,48,49,6
Decentralized,5,0.39269908169872414,0,49,59,13
Decentralized,5,0.39269908169872414,1,49,67,23
Decentralized,5,0.39269908169872414,2,49,42,0
Decentralized,5,0.39269908169872414,3,49,69,23
Decentralized,5,0.39269908169872414,4,49,50,6
Decentralized,5,0.39269908169872414,0,50,60,13
Decentralized,5,0.39269908169872414,1,50,68,23
Decentralized,5,0.39269908169872414,2,50,43,0
Decentralized,5,0.39269908169872414,3,50,70,23
Decentralized,5,0.39269908169872414,4,50,51,6
Decentralized,5,0.39269908169872414,0,51,61,13
Decentralized,5,0.39269908169872414,1,51,69,23
Decentralized,5,0.39269908169872414,2,51,44,0
Decentralized,5,0.39269908169872414,3,51,71,23
Decentralized,5,0.39269908169872414,4,51,52,6
Decentralized,5,0.39269908169872414,0,52,62,13
Decentralized,5,0.39269908169872414,1,52,70,23
Decentralized,5,0.39269908169872414,2,52,45,0
Decentralized,5,0.39269908169872414,3,52,72,23
Decentralized,5,0.39269908169872414,4,52,53,6
Decentralized,5,0.39269908169872414,0,53,63,13
Decentralized,5,0.39269908169872414,1,53,71,23
Decentralized,5,0.39269908169872414,2,53,46,0
Decentralized,5,0.39269908169872414,3,53,73,23
Decentralized,5,0.39269908169872414,4,53,54,6
Decentralized,5,0.39269908169872414,0,54,64,13
Decentralized,5,0.39269908169872414,1,54,72,23
Decentralized,5,0.39269908169872414,2,54,47,0
Decentralized,5,0.39269908169872414,3,54,74,23
Decentralized,5,0.39269908169872414,4,54,55,6
Decentralized,5,0.39269908169872414,0,55,65,13
Decentralized,5,0.39269908169872414,1,55,73,23
Decentralized,5,0.39269908169872414,2,55,48,0
Decentralized,5,0.39269908169872414,3,55,75,23
Decentralized,5,0.39269908169872414,4,55,56,6
Decentralized,5,0.39269908169872414,0,56,66,13
Decentralized,5,0.39269908169872414,1,56,74,23
Decentralized,5,0.39269908169872414,2,56,49,0
Decentralized,5,0.39269908169872414,3,56,76,23
Decentralized,5,0.39269908169872414,4,56,57,6
Decentralized,5,0.39269908169872414,0,57,67,13
Decentralized,5,0.39269908169872414,1,57,75,23
Decentralized,5,0.39269908169872414,2,57,50,0
Decentralized,5,0.39269908169872414,3,57,77,23
Decentralized,5,0.39269908169872414,4,57,58,6
Decentralized,5,0.39269908169872414,0,58,68,13
Decentralized,5,0.39269908169872414,1,58,76,23
Decentralized,5,0.39269908169872414,2,58,51,0
Decentralized,5,0.39269908169872414,3,58,78,23
Decentralized,5,0.39269908169872414,4,58,59,6
Decentralized,5,0.39269908169872414,0,59,69,13
Decentralized,5,0.39269908169872414,1,59,77,23
Decentralized,5,0.39269908169872414,2,59,52,0
Decentralized,5,0.39269908169872414,3,59,79,23
Decentralized,5,0.39269908169872414,4,59,60,6
Decentralized,5,0.39269908169872414,0,60,70,13
Decentralized,5,0.39269908169872414,1,60,78,23
Decentralized,5,0.39269908169872414,2,60,53,0
Decentralized,5,0.39269908169872414,3,60,80,23
Decentralized,5,0.39269908169872414,4,60,61,6
Decentralized,5,0.39269908169872414,0,61,71,13
Decentralized,5,0.39269908169872414,1,61,79,23
Decentralized,5,0.39269908169872414,2,61,54,0
Decentralized,5,0.39269908169872414,3,61,81,23
Decentralized,5,0.39269908169872414,4,61,62,6
Decentralized,5,0.39269908169872414,0,62,72,13
Decentralized,5,0.39269908169872414,1,62,80,23
Decentralized,5,0.39269908169872414,2,62,55,0
Decentralized,5,0.39269908169872414,3,62,82,23
Decentralized,5,0.39269908169872414,4,62,63,6
Decentralized,5,0.39269908169872414,0,63,73,13
Decentralized,5,0.39269908169872414,1,63,81,23
Decentralized,5,0.39269908169872414,2,63,56,0
Decentralized,5,0.39269908169872414,3,63,83,23
Decentralized,5,0.39269908169872414,4,63,64,6
Decentralized,5,0.39269908169872414,0,64,74,13
Decentralized,5,0.39269908169872414,1,64,82,23
Decentralized,5,0.39269908169872414,2,64,57,0
Decentralized,5,0.39269908169872414,3,64,84,23
Decentralized,5,0.39269908169872414,4,64,65,6
Decentralized,5,0.39269908169872414,0,65,75,13
Decentralized,5,0.39269908169872414,1,65,83,23
Decentralized,5,0.39269908169872414,2,65,58,0
Decentralized,5,0.39269908169872414,3,65,85,23
Decentralized,5,0.39269908169872414,4,65,66,6
Decentralized,5,0.39269908169872414,0,66,76,13
Decentralized,5,0.39269908169872414,1,66,84,23
Decentralized,5,0.39269908169872414,2,66,59,0
Decentralized,5,0.39269908169872414,3,66,86,23
Decentralized,5,0.39269908169872414,4,66,67,6
Decentralized,5,0.39269908169872414,0,67,77,13
Decentralized,5,0.39269908169872414,1,67,85,23
Decentralized,5,0.39269908169872414,2,67,60,0
Decentralized,5,0.39269908169872414,3,67,87,23
Decentralized,5,0.39269908169872414,4,67,68,6
Decentralized,5,0.39269908169872414,0,68,78,13
Decentralized,5,0.39269908169872414,1,68,86,23
Decentralized,5,0.39269908169872414,2,68,61,0
Decentralized,5,0.39269908169872414,3,68,88,23
Decentralized,5,0.39269908169872414,4,68,69,6
Decentralized,5,0.39269908169872414,0,69,79,13
Decentralized,5,0.39269908169872414,1,69,87,23
Decentralized,5,0.39269908169872414,2,69,62,0
Decentralized,5,0.39269908169872414,3,69,89,23
Decentralized,5,0.39269908169872414,4,69,70,6
Decentralized,5,0.39269908169872414,0,70,80,13
Decentralized,5,0.39269908169872414,1,70,88,23
Decentralized,5,0.39269908169872414,2,70,63,0
Decentralized,5,0.39269908169872414,3,70,90,23
Decentralized,5,0.39269908169872414,4,70,71,6
Decentralized,5,0.39269908169872414,0,71,81,13
Decentralized,5,0.39269908169872414,1,71,89,23
Decentralized,5,0.39269908169872414,2,71,64,0
Decentralized,5,0.39269908169872414,3,71,91,23
Decentralized,5,0.39269908169872414,4,71,72,6
Decentralized,5,0.39269908169872414,0,72,82,13
Decentralized,5,0.39269908169872414,1,72,90,23
Decentralized,5,0.39269908169872414,2,72,65,0
Decentralized,5,0.39269908169872414,3,72,92,23
Decentralized,5,0.39269908169872414,4,72,73,6
Decentralized,5,0.39269908169872414,0,73,83,13
Decentralized,5,0.39269908169872414,1,73,91,23
Decentralized,5,0.39269908169872414,2,73,66,0
Decentralized,5,0.39269908169872414,3,73,93,23
Decentralized,5,0.39269908169872414,4,73,74,6
Decentralized,5,0.39269908169872414,0,74,84,13
Decentralized,5,0.39269908169872414,1,74,92,23
Decentralized,5,0.39269908169872414,2,74,67,0
Decentralized,5,0.39269908169872414,3,74,94,23
Decentralized,5,0.39269908169872414,4,74,75,6
Decentralized,5,0.39269908169872414,0,75,85,13
Decentralized,5,0.39269908169872414,1,75,93,23
Decentralized,5,0.39269908169872414,2,75,68,0
Decentralized,5,0.39269908169872414,3,75,95,23
Decentralized,5,0.39269908169872414,4,75,76,6
Decentralized,5,0.39269908169872414,0,76,86,13
Decentralized,5,0.39269908169872414,1,76,94,23
Decentralized,5,0.39269908169872414,2,76,69,0
Decentralized,5,0.39269908169872414,3,76,96,23
Decentralized,5,0.39269908169872414,4,76,77,6
Decentralized,5,0.39269908169872414,0,77,87,13
Decentralized,5,0.39269908169872414,1,77,95,23
Decentralized,5,0.39269908169872414,2,77,70,0
Decentralized,5,0.39269908169872414,3,77,97,23
Decentralized,5,0.39269908169872414,4,77,78,6
Decentralized,5,0.39269908169872414,0,78,88,13
Decentralized,5,0.39269908169872414,1,78,96,23
Decentralized,5,0.39269908169872414,2,78,71,0
Decentralized,5,0.39269908169872414,3,78,98,23
Decentralized,5,0.39269908169872414,4,78,79,6
Decentralized,5,0.39269908169872414,0,79,89,13
Decentralized,5,0.39269908169872414,1,79,97,23
Decentralized,5,0.39269908169872414,2,79,72,0
Decentralized,5,0.39269908169872414,3,79,99,23
Decentralized,5,0.39269908169872414,4,79,80,6
Decentralized,5,0.39269908169872414,0,80,90,13
Decentralized,5,0.39269908169872414,1,80,98,23
Decentralized,5,0.39269908169872414,2,80,73,0
Decentralized,5,0.39269908169872414,3,80,100,23
Decentralized,5,0.39269908169872414,4,80,81,6
Decentralized,5,0.39269908169872414,0,81,91,13
Decentralized,5,0.39269908169872414,1,81,99,23
Decentralized,5,0.39269908169872414,2,81,74,0
Decentralized,5,0.39269908169872414,3,81,101,23
Decentralized,5,0.39269908169872414,4,81,82,6
Decentralized,5,0.39269908169872414,0,82,92,13
Decentralized,5,0.39269908169872414,1,82,100,23
Decentralized,5,0.39269908169872414,2,82,75,0
Decentralized,5,0.39269908169872414,3,82,102,23
Decentralized,5,0.39269908169872414,4,82,83,6
Decentralized,5,0.39269908169872414,0,83,93,13
Decentralized,5,0.39269908169872414,1,83,101,23
Decentralized,5,0.39269908169872414,2,83,76,0
Decentralized,5,0.39269908169872414,3,83,103,23
Decentralized,5,0.39269908169872414,4,83,84,6
Decentralized,5,0.39269908169872414,0,84,94,13
Decentralized,5,0.39269908169872414,1,84,102,23
Decentralized,5,0.39269908169872414,2,84,77,0
Decentralized,5,0.39269908169872414,3,84,104,23
Decentralized,5,0.39269908169872414,4,84,85,6
Decentralized,5,0.39269908169872414,0,85,95,13
Decentralized,5,0.39269908169872414,1,85,103,23
Decentralized,5,0.39269908169872414,2,85,78,0
Decentralized,5,0.39269908169872414,3,85,105,23
Decentralized,5,0.39269908169872414,4,85,86,6
Decentralized,5,0.39269908169872414,0,86,96,13
Decentralized,5,0.39269908169872414,1,86,104,23
Decentralized,5,0.39269908169872414,2,86,79,0
Decentralized,5,0.39269908169872414,3,86,106,23
Decentralized,5,0.39269908169872414,4,86,87,6
Decentralized,5,0.39269908169872414,0,87,97,13
Decentralized,5,0.39269908169872414,1,87,105,23
Decentralized,5,0.39269908169872414,2,87,80,0
Decentralized,5,0.39269908169872414,3,87,107,23
Decentralized,5,0.39269908169872414,4,87,88,6
Decentralized,5,0.39269908169872414,0,88,98,13
Decentralized,5,0.39269908169872414,1,88,106,23
Decentralized,5,0.39269908169872414,2,88,81,0
Decentralized,5,0.39269908169872414,3,88,108,23
Decentralized,5,0.39269908169872414,4,88,89,6
Decentralized,5,0.39269908169872414,0,89,99,13
Decentralized,5,0.39269908169872414,1,89,107,23
Decentralized,5,0.39269908169872414,2,89,82,0
Decentralized,5,0.39269908169872414,3,89,109,23
Decentralized,5,0.39269908169872414,4,89,90,6
Decentralized,5,0.39269908169872414,0,90,100,13
Decentralized,5,0.39269908169872414,1,90,108,23
Decentralized,5,0.39269908169872414,2,90,83,0
Decentralized,5,0.39269908169872414,3,90,110,23
Decentralized,5,0.39269908169872414,4,90,91,6
Decentralized,5,0.39269908169872414,0,91,101,13
Decentralized,5,0.39269908169872414,1,91,109,23
Decentralized,5,0.39269908169872414,2,91,84,0
Decentralized,5,0.39269908169872414,3,91,111,23
Decentralized,5,0.39269908169872414,4,91,92,6
Decentralized,5,0.39269908169872414,0,92,102,13
Decentralized,5,0.39269908169872414,1,92,110,23
Decentralized,5,0.39269908169872414,2,92,85,0
Decentralized,5,0.39269908169872414,3,92,112,23
Decentralized,5,0.39269908169872414,4,92,93,6
Decentralized,5,0.39269908169872414,0,93,103,13
Decentralized,5,0.39269908169872414,1,93,111,23
Decentralized,5,0.39269908169872414,2,93,86,0
Decentralized,5,0.39269908169872414,3,93,113,23
Decentralized,5,0.39269908169872414,4,93,94,6
Decentralized,5,0.39269908169872414,0,94,104,13
Decentralized,5,0.39269908169872414,1,94,112,23
Decentralized,5,0.39269908169872414,2,94,87,0
Decentralized,5,0.39269908169872414,3,94,114,23
Decentralized,5,0.39269908169872414,4,94,95,6
Decentralized,5,0.39269908169872414,0,95,105,13
Decentralized,5,0.39269908169872414,1,95,113,23
Decentralized,5,0.39269908169872414,2,95,88,0
Decentralized,5,0.39269908169872414,3,95,115,23
Decentralized,5,0.39269908169872414,4,95,96,6
Decentralized,5,0.39269908169872414,0,96,106,13
Decentralized,5,0.39269908169872414,1,96,114,23
Decentralized,5,0.39269908169872414,2,96,89,0
Decentralized,5,0.39269908169872414,3,96,116,23
Decentralized,5,0.39269908169872414,4,96,97,6
Decentralized,5,0.39269908169872414,0,97,107,13
Decentralized,5,0.39269908169872414,1,97,115,23
Decentralized,5,0.39269908169872414,2,97,90,0
Decentralized,5,0.39269908169872414,3,97,117,23
Decentralized,5,0.39269908169872414,4,97,98,6
Decentralized,5,0.39269908169872414,0,98,108,13
Decentralized,5,0.39269908169872414,1,98,116,23
Decentralized,5,0.39269908169872414,2,98,91,0
Decentralized,5,0.39269908169872414,3,98,118,23
Decentralized,5,0.39269908169872414,4,98,99,6
Decentralized,5,0.39269908169872414,0,99,109,13
Decentralized,5,0.39269908169872414,1,99,117,23
Decentralized,5,0.39269908169872414,2,99,92,0
Decentralized,5,0.39269908169872414,3,99,119,23
Decentralized,5,0.39269908169872414,4,99,100,6
Decentralized,5,0.39269908169872414,0,100,110,13
Decentralized,5,0.39269908169872414,1,100,118,23
Decentralized,5,0.39269908169872414,2,100,93,0
Decentralized,5,0.39269908169872414,3,100,120,23
Decentralized,5,0.39269908169872414,4,100,101,6
Decentralized,5,0.39269908169872414,0,101,111,13
Decentralized,5,0.39269908169872414,1,101,119,23
Decentralized,5,0.39269908169872414,2,101,94,0
Decentralized,5,0.39269908169872414,3,101,121,23
Decentralized,5,0.39269908169872414,4,101,102,6
Decentralized,5,0.39269908169872414,0,102,112,13
Decentralized,5,0.39269908169872414,1,102,120,23
Decentralized,5,0.39269908169872414,2,102,95,0
Decentralized,5,0.39269908169872414,3,102,122,23
Decentralized,5,0.39269908169872414,4,102,103,6
Decentralized,5,0.39269908169872414,0,103,113,13
Decentralized,5,0.39269908169872414,1,103,121,23
Decentralized,5,0.39269908169872414,2,103,96,0
Decentralized,5,0.39269908169872414,3,103,123,23
Decentralized,5,0.39269908169872414,4,103,104,6
Decentralized,5,0.39269908169872414,0,104,114,13
Decentralized,5,0.39269908169872414,1,104,122,23
Decentralized,5,0.39269908169872414,2,104,97,0
Decentralized,5,0.39269908169872414,3,104,124,23
Decentralized,5,0.39269908169872414,4,104,105,6
Decentralized,5,0.39269908169872414,0,105,115,13
Decentralized,5,0.39269908169872414,1,105,123,23
Decentralized,5,0.39269908169872414,2,105,98,0
Decentralized,5,0.39269908169872414,3,105,125,23
Decentralized,5,0.39269908169872414,4,105,106,6
Decentralized,5,0.39269908169872414,0,106,116,13
Decentralized,5,0.39269908169872414,1,106,124,23
Decentralized,5,0.39269908169872414,2,106,99,0
Decentralized,5,0.39269908169872414,3,106,126,23
Decentralized,5,0.39269908169872414,4,106,107,6
Decentralized,5,0.39269908169872414,0,107,117,13
Decentralized,5,0.39269908169872414,1,107,125,23
Decentralized,5,0.39269908169872414,2,107,100,0
Decentralized,5,0.39269908169872414,3,107,127,23
Decentralized,5,0.39269908169872414,4,107,108,6
Decentralized,5,0.39269908169872414,0,108,118,13
Decentralized,5,0.39269908169872414,1,108,126,23
Decentralized,5,0.39269908169872414,2,108,101,0
Decentralized,5,0.39269908169872414,3,108,128,23
Decentralized,5,0.39269908169872414,4,108,109,6
Decentralized,5,0.39269908169872414,0,109,119,13
Decentralized,5,0.39269908169872414,1,109,127,23
Decentralized,5,0.39269908169872414,2,109,102,0
Decentralized,5,0.39269908169872414,3,109,129,23
Decentralized,5,0.39269908169872414,4,109,110,6
Decentralized,5,0.39269908169872414,0,110,120,13
Decentralized,5,0.39269908169872414,1,110,128,23
Decentralized,5,0.39269908169872414,2,110,103,0
Decentralized,5,0.39269908169872414,3,110,130,23
Decentralized,5,0.39269908169872414,4,110,111,6
Decentralized,5,0.39269908169872414,0,111,121,13
Decentralized,5,0.39269908169872414,1,111,129,23
Decentralized,5,0.39269908169872414,2,111,104,0
Decentralized,5,0.39269908169872414,3,111,131,23
Decentralized,5,0.39269908169872414,4,111,112,6
Decentralized,5,0.39269908169872414,0,112,122,13
Decentralized,5,0.39269908169872414,1,112,130,23
Decentralized,5,0.39269908169872414,2,112,105,0
Decentralized,5,0.39269908169872414,3,112,132,23
Decentralized,5,0.39269908169872414,4,112,113,6
Decentralized,5,0.39269908169872414,0,113,123,13
Decentralized,5,0.39269908169872414,1,113,131,23
Decentralized,5,0.39269908169872414,2,113,106,0
Decentralized,5,0.39269908169872414,3,113,133,23
Decentralized,5,0.39269908169872414,4,113,114,6
Decentralized,5,0.39269908169872414,0,114,124,13
Decentralized,5,0.39269908169872414,1,114,132,23
Decentralized,5,0.39269908169872414,2,114,107,0
Decentralized,5,0.39269908169872414,3,114,134,23
Decentralized,5,0.39269908169872414,4,114,115,6
Decentralized,5,0.39269908169872414,0,115,125,13
Decentralized,5,0.39269908169872414,1,115,133,23
Decentralized,5,0.39269908169872414,2,115,108,0
Decentralized,5,0.39269908169872414,3,115,135,23
Decentralized,5,0.39269908169872414,4,115,116,6
Decentralized,5,0.39269908169872414,0,116,126,13
Decentralized,5,0.39269908169872414,1,116,134,23
Decentralized,5,0.39269908169872414,2,116,109,0
Decentralized,5,0.39269908169872414,3,116,136,23
Decentralized,5,0.39269908169872414,4,116,117,6
Decentralized,5,0.39269908169872414,0,117,127,13
Decentralized,5,0.39269908169872414,1,117,135,23
Decentralized,5,0.39269908169872414,2,117,110,0
Decentralized,5,0.39269908169872414,3,117,137,23
Decentralized,5,0.39269908169872414,4,117,118,6
Decentralized,5,0.39269908169872414,0,118,128,13
Decentralized,5,0.39269908169872414,1,118,136,23
Decentralized,5,0.39269908169872414,2,118,111,0
Decentralized,5,0.39269908169872414,3,118,138,23
Decentralized,5,0.39269908169872414,4,118,119,6
Decentralized,5,0.39269908169872414,0,119,129,13
Decentralized,5,0.39269908169872414,1,119,137,23
Decentralized,5,0.39269908169872414,2,119,112,0
Decentralized,5,0.39269908169872414,3,119,139,23
Decentralized,5,0.39269908169872414,4,119,120,6
Decentralized,5,0.39269908169872414,0,120,130,13
Decentralized,5,0.39269908169872414,1,120,138,23
Decentralized,5,0.39269908169872414,2,120,113,0
Decentralized,5,0.39269908169872414,3,120,140,23
Decentralized,5,0.39269908169872414,4,120,121,6
Decentralized,5,0.39269908169872414,0,121,131,13
Decentralized,5,0.39269908169872414,1,121,139,23
Decentralized,5,0.39269908169872414,2,121,114,0
Decentralized,5,0.39269908169872414,3,121,141,23
Decentralized,5,0.39269908169872414,4,121,122,6
Decentralized,5,0.39269908169872414,0,122,132,13
Decentralized,5,0.39269908169872414,1,122,140,23
Decentralized,5,0.39269908169872414,2,122,115,0
Decentralized,5,0.39269908169872414,3,122,142,23
Decentralized,5,0.39269908169872414,4,122,123,6
Decentralized,5,0.39269908169872414,0,123,133,13
Decentralized,5,0.39269908169872414,1,123,141,23
Decentralized,5,0.39269908169872414,2,123,116,0
Decentralized,5,0.39269908169872414,3,123,143,23
Decentralized,5,0.39269908169872414,4,123,124,6
Decentralized,5,0.39269908169872414,0,124,134,13
Decentralized,5,0.39269908169872414,1,124,142,23
Decentralized,5,0.39269908169872414,2,124,117,0
Decentralized,5,0.39269908169872414,3,124,144,23
Decentralized,5,0.39269908169872414,4,124,125,6
Decentralized,5,0.39269908169872414,0,125,135,13
Decentralized,5,0.39269908169872414,1,125,143,23
Decentralized,5,0.39269908169872414,2,125,118,0
Decentralized,5,0.39269908169872414,3,125,145,23
Decentralized,5,0.39269908169872414,4,125,126,6
Decentralized,5,0.39269908169872414,0,126,136,13
Decentralized,5,0.39269908169872414,1,126,144,23
Decentralized,5,0.39269908169872414,2,126,119,0
Decentralized,5,0.39269908169872414,3,126,146,23
Decentralized,5,0.39269908169872414,4,126,127,6
Decentralized,5,0.39269908169872414,0,127,137,13
Decentralized,5,0.39269908169872414,1,127,145,23
Decentralized,5,0.39269908169872414,2,127,120,0
Decentralized,5,0.39269908169872414,3,127,147,23
Decentralized,5,0.39269908169872414,4,127,128,6
Decentralized,5,0.39269908169872414,0,128,138,13
Decentralized,5,0.39269908169872414,1,128,146,23
Decentralized,5,0.39269908169872414,2,128,121,0
Decentralized,5,0.39269908169872414,3,128,148,23
Decentralized,5,0.39269908169872414,4,128,129,6
Decentralized,5,0.39269908169872414,0,129,139,13
Decentralized,5,0.39269908169872414,1,129,147,23
Decentralized,5,0.39269908169872414,2,129,122,0
Decentralized,5,0.39269908169872414,3,129,149,23
Decentralized,5,0.39269908169872414,4,129,130,6
Decentralized,5,0.39269908169872414,0,130,140,13
Decentralized,5,0.39269908169872414,1,130,148,23
Decentralized,5,0.39269908169872414,2,130,123,0
Decentralized,5,0.39269908169872414,3,130,150,23
Decentralized,5,0.39269908169872414,4,130,131,6
Decentralized,5,0.39269908169872414,0,131,141,13
Decentralized,5,0.39269908169872414,1,131,149,23
Decentralized,5,0.39269908169872414,2,131,124,0
Decentralized,5,0.39269908169872414,3,131,151,23
Decentralized,5,0.39269908169872414,4,131,132,6
Decentralized,5,0.39269908169872414,0,132,142,13
Decentralized,5,0.39269908169872414,1,132,150,23
Decentralized,5,0.39269908169872414,2,132,125,0
Decentralized,5,0.39269908169872414,3,132,152,23
Decentralized,5,0.39269908169872414,4,132,133,6
Decentralized,5,0.39269908169872414,0,133,143,13
Decentralized,5,0.39269908169872414,1,133,151,23
Decentralized,5,0.39269908169872414,2,133,126,0
Decentralized,5,0.39269908169872414,3,133,153,23
Decentralized,5,0.39269908169872414,4,133,134,6
Decentralized,5,0.39269908169872414,0,134,144,13
Decentralized,5,0.39269908169872414,1,134,152,23
Decentralized,5,0.39269908169872414,2,134,127,0
Decentralized,5,0.39269908169872414,3,134,154,23
Decentralized,5,0.39269908169872414,4,134,135,6
Decentralized,5,0.39269908169872414,0,135,145,13
Decentralized,5,0.39269908169872414,1,135,153,23
Decentralized,5,0.39269908169872414,2,135,128,0
Decentralized,5,0.39269908169872414,3,135,155,23
Decentralized,5,0.39269908169872414,4,135,136,6
Decentralized,5,0.39269908169872414,0,136,146,13
Decentralized,5,0.39269908169872414,1,136,154,23
Decentralized,5,0.39269908169872414,2,136,129,0
Decentralized,5,0.39269908169872414,3,136,156,23
Decentralized,5,0.39269908169872414,4,136,137,6
Decentralized,5,0.39269908169872414,0,137,147,13
Decentralized,5,0.39269908169872414,1,137,155,23
Decentralized,5,0.39269908169872414,2,137,130,0
Decentralized,5,0.39269908169872414,3,137,157,23
Decentralized,5,0.39269908169872414,4,137,138,6
Decentralized,5,0.39269908169872414,0,138,148,13
Decentralized,5,0.39269908169872414,1,138,156,23
Decentralized,5,0.39269908169872414,2,138,131,0
Decentralized,5,0.39269908169872414,3,138,158,23
Decentralized,5,0.39269908169872414,4,138,139,6
Decentralized,5,0.39269908169872414,0,139,149,13
Decentralized,5,0.39269908169872414,1,139,157,23
Decentralized,5,0.39269908169872414,2,139,132,0
Decentralized,5,0.39269908169872414,3,139,159,23
Decentralized,5,0.39269908169872414,4,139,140,6
Decentralized,5,0.39269908169872414,0,140,150,13
Decentralized,5,0.39269908169872414,1,140,158,23
Decentralized,5,0.39269908169872414,2,140,133,0
Decentralized,5,0.39269908169872414,3,140,160,23
Decentralized,5,0.39269908169872414,4,140,141,6
Decentralized,5,0.39269908169872414,0,141,151,13
Decentralized,5,0.39269908169872414,1,141,159,23
Decentralized,5,0.39269908169872414,2,141,134,0
Decentralized,5,0.39269908169872414,3,141,161,23
Decentralized,5,0.39269908169872414,4,141,142,6
Decentralized,5,0.39269908169872414,0,142,152,13
Decentralized,5,0.39269908169872414,1,142,160,23
Decentralized,5,0.39269908169872414,2,142,135,0
Decentralized,5,0.39269908169872414,3,142,162,23
Decentralized,5,0.39269908169872414,4,142,143,6
Decentralized,5,0.39269908169872414,0,143,153,13
Decentralized,5,0.39269908169872414,1,143,161,23
Decentralized,5,0.39269908169872414,2,143,136,0
Decentralized,5,0.39269908169872414,3,143,163,23
Decentralized,5,0.39269908169872414,4,143,144,6
Decentralized,5,0.39269908169872414,0,144,154,13
Decentralized,5,0.39269908169872414,1,144,162,23
Decentralized,5,0.39269908169872414,2,144,137,0
Decentralized,5,0.39269908169872414,3,144,164,23
Decentralized,5,0.39269908169872414,4,144,145,6
Decentralized,5,0.39269908169872414,0,145,155,13
Decentralized,5,0.39269908169872414,1,145,163,23
Decentralized,5,0.39269908169872414,2,145,138,0
Decentralized,5,0.39269908169872414,3,145,165,23
Decentralized,5,0.39269908169872414,4,145,146,6
Decentralized,5,0.39269908169872414,0,146,156,13
Decentralized,5,0.39269908169872414,1,146,164,23
Decentralized,5,0.39269908169872414,2,146,139,0
Decentralized,5,0.39269908169872414,3,146,166,23
Decentralized,5,0.39269908169872414,4,146,147,6
Decentralized,5,0.39269908169872414,0,147,157,13
Decentralized,5,0.39269908169872414,1,147,165,23
Decentralized,5,0.39269908169872414,2,147,140,0
Decentralized,5,0.39269908169872414,3,147,167,23
Decentralized,5,0.39269908169872414,4,147,148,6
Decentralized,5,0.39269908169872414,0,148,158,13
Decentralized,5,0.39269908169872414,1,148,166,23
Decentralized,5,0.39269908169872414,2,148,141,0
Decentralized,5,0.39269908169872414,3,148,168,23
Decentralized,5,0.39269908169872414,4,148,149,6
Decentralized,5,0.39269908169872414,0,149,159,13
Decentralized,5,0.39269908169872414,1,149,167,23
Decentralized,5,0.39269908169872414,2,149,142,0
Decentralized,5,0.39269908169872414,3,149,169,23
Decentralized,5,0.39269908169872414,4,149,150,6
Decentralized,5,0.39269908169872414,0,150,160,13
Decentralized,5,0.39269908169872414,1,150,168,23
Decentralized,5,0.39269908169872414,2,150,143,0
Decentralized,5,0.39269908169872414,3,150,170,23
Decentralized,5,0.39269908169872414,4,150,151,6
Decentralized,5,0.39269908169872414,0,151,161,13
Decentralized,5,0.39269908169872414,1,151,169,23
Decentralized,5,0.39269908169872414,2,151,144,0
Decentralized,5,0.39269908169872414,3,151,171,23
Decentralized,5,0.39269908169872414,4,151,152,6
Decentralized,5,0.39269908169872414,0,152,162,13
Decentralized,5,0.39269908169872414,1,152,170,23
Decentralized,5,0.39269908169872414,2,152,145,0
Decentralized,5,0.39269908169872414,3,152,172,23
Decentralized,5,0.39269908169872414,4,152,153,6
Decentralized,5,0.39269908169872414,0,153,163,13
Decentralized,5,0.39269908169872414,1,153,171,23
Decentralized,5,0.39269908169872414,2,153,146,0
Decentralized,5,0.39269908169872414,3,153,173,23
Decentralized,5,0.39269908169872414,4,153,154,6
Decentralized,5,0.39269908169872414,0,154,164,13
Decentralized,5,0.39269908169872414,1,154,172,23
Decentralized,5,0.39269908169872414,2,154,147,0
Decentralized,5,0.39269908169872414,3,154,174,23
Decentralized,5,0.39269908169872414,4,154,155,6
Decentralized,5,0.39269908169872414,0,155,165,13
Decentralized,5,0.39269908169872414,1,155,173,23
Decentralized,5,0.39269908169872414,2,155,148,0
Decentralized,5,0.39269908169872414,3,155,175,23
Decentralized,5,0.39269908169872414,4,155,156,6
Decentralized,5,0.39269908169872414,0,156,166,13
Decentralized,5,0.39269908169872414,1,156,174,23
Decentralized,5,0.39269908169872414,2,156,149,0
Decentralized,5,0.39269908169872414,3,156,176,23
Decentralized,5,0.39269908169872414,4,156,157,6
Decentralized,5,0.39269908169872414,0,157,167,13
Decentralized,5,0.39269908169872414,1,157,175,23
Decentralized,5,0.39269908169872414,2,157,150,0
Decentralized,5,0.39269908169872414,3,157,177,23
Decentralized,5,0.39269908169872414,4,157,158,6
Decentralized,5,0.39269908169872414,0,158,168,13
Decentralized,5,0.39269908169872414,1,158,176,23
Decentralized,5,0.39269908169872414,2,158,151,0
Decentralized,5,0.39269908169872414,3,158,178,23
Decentralized,5,0.39269908169872414,4,158,159,6
Decentralized,5,0.39269908169872414,0,159,169,13
Decentralized,5,0.39269908169872414,1,159,177,23
Decentralized,5,0.39269908169872414,2,159,152,0
Decentralized,5,0.39269908169872414,3,159,179,23
Decentralized,5,0.39269908169872414,4,159,160,6
Decentralized,5,0.39269908169872414,0,160,170,13
Decentralized,5,0.39269908169872414,1,160,178,23
Decentralized,5,0.39269908169872414,2,160,153,0
Decentralized,5,0.39269908169872414,3,160,180,23
Decentralized,5,0.39269908169872414,4,160,161,6
Decentralized,5,0.39269908169872414,0,161,171,13
Decentralized,5,0.39269908169872414,1,161,179,23
Decentralized,5,0.39269908169872414,2,161,154,0
Decentralized,5,0.39269908169872414,3,161,181,23
Decentralized,5,0.39269908169872414,4,161,162,6
Decentralized,5,0.39269908169872414,0,162,172,13
Decentralized,5,0.39269908169872414,1,162,180,23
Decentralized,5,0.39269908169872414,2,162,155,0
Decentralized,5,0.39269908169872414,3,162,182,23
Decentralized,5,0.39269908169872414,4,162,163,6
Decentralized,5,0.39269908169872414,0,163,173,13
Decentralized,5,0.39269908169872414,1,163,181,23
Decentralized,5,0.39269908169872414,2,163,156,0
Decentralized,5,0.39269908169872414,3,163,183,23
Decentralized,5,0.39269908169872414,4,163,164,6
Decentralized,5,0.39269908169872414,0,164,174,13
Decentralized,5,0.39269908169872414,1,164,182,23
Decentralized,5,0.39269908169872414,2,164,157,0
Decentralized,5,0.39269908169872414,3,164,184,23
Decentralized,5,0.39269908169872414,4,164,165,6
Decentralized,5,0.39269908169872414,0,165,175,13
Decentralized,5,0.39269908169872414,1,165,183,23
Decentralized,5,0.39269908169872414,2,165,158,0
Decentralized,5,0.39269908169872414,3,165,185,23
Decentralized,5,0.39269908169872414,4,165,166,6
Decentralized,5,0.39269908169872414,0,166,176,13
Decentralized,5,0.39269908169872414,1,166,184,23
Decentralized,5,0.39269908169872414,2,166,159,0
Decentralized,5,0.39269908169872414,3,166,186,23
Decentralized,5,0.39269908169872414,4,166,167,6
Decentralized,5,0.39269908169872414,0,167,177,13
Decentralized,5,0.39269908169872414,1,167,185,23
Decentralized,5,0.39269908169872414,2,167,160,0
Decentralized,5,0.39269908169872414,3,167,187,23
Decentralized,5,0.39269908169872414,4,167,168,6
Decentralized,5,0.39269908169872414,0,168,178,13
Decentralized,5,0.39269908169872414,1,168,186,23
Decentralized,5,0.39269908169872414,2,168,161,0
Decentralized,5,0.39269908169872414,3,168,188,23
Decentralized,5,0.39269908169872414,4,168,169,6
Decentralized,5,0.39269908169872414,0,169,179,13
Decentralized,5,0.39269908169872414,1,169,187,23
Decentralized,5,0.39269908169872414,2,169,162,0
Decentralized,5,0.39269908169872414,3,169,189,23
Decentralized,5,0.39269908169872414,4,169,170,6
Decentralized,5,0.39269908169872414,0,170,180,13
Decentralized,5,0.39269908169872414,1,170,188,23
Decentralized,5,0.39269908169872414,2,170,163,0
Decentralized,5,0.39269908169872414,3,170,190,23
Decentralized,5,0.39269908169872414,4,170,171,6
Decentralized,5,0.39269908169872414,0,171,181,13
Decentralized,5,0.39269908169872414,1,171,189,23
Decentralized,5,0.39269908169872414,2,171,164,0
Decentralized,5,0.39269908169872414,3,171,191,23
Decentralized,5,0.39269908169872414,4,171,172,6
Decentralized,5,0.39269908169872414,0,172,182,13
Decentralized,5,0.39269908169872414,1,172,190,23
Decentralized,5,0.39269908169872414,2,172,165,0
Decentralized,5,0.39269908169872414,3,172,192,23
Decentralized,5,0.39269908169872414,4,172,173,6
Decentralized,5,0.39269908169872414,0,173,183,13
Decentralized,5,0.39269908169872414,1,173,191,23
Decentralized,5,0.39269908169872414,2,173,166,0
Decentralized,5,0.39269908169872414,3,173,193,23
Decentralized,5,0.39269908169872414,4,173,174,6
Decentralized,5,0.39269908169872414,0,174,184,13
Decentralized,5,0.39269908169872414,1,174,192,23
Decentralized,5,0.39269908169872414,2,174,167,0
Decentralized,5,0.39269908169872414,3,174,194,23
Decentralized,5,0.39269908169872414,4,174,175,6
Decentralized,5,0.39269908169872414,0,175,185,13
Decentralized,5,0.39269908169872414,1,175,193,23
Decentralized,5,0.39269908169872414,2,175,168,0
Decentralized,5,0.39269908169872414,3,175,195,23
Decentralized,5,0.39269908169872414,4,175,176,6
Decentralized,5,0.39269908169872414,0,176,186,13
Decentralized,5,0.39269908169872414,1,176,194,23
Decentralized,5,0.39269908169872414,2,176,169,0
Decentralized,5,0.39269908169872414,3,176,196,23
Decentralized,5,0.39269908169872414,4,176,177,6
Decentralized,5,0.39269908169872414,0,177,187,13
Decentralized,5,0.39269908169872414,1,177,195,23
Decentralized,5,0.39269908169872414,2,177,170,0
Decentralized,5,0.39269908169872414,3,177,197,23
Decentralized,5,0.39269908169872414,4,177,178,6
Decentralized,5,0.39269908169872414,0,178,188,13
Decentralized,5,0.39269908169872414,1,178,196,23
Decentralized,5,0.39269908169872414,2,178,171,0
Decentralized,5,0.39269908169872414,3,178,198,23
Decentralized,5,0.39269908169872414,4,178,179,6
Decentralized,5,0.39269908169872414,0,179,189,13
Decentralized,5,0.39269908169872414,1,179,197,23
Decentralized,5,0.39269908169872414,2,179,172,0
Decentralized,5,0.39269908169872414,3,179,199,23
Decentralized,5,0.39269908169872414,4,179,180,6
Decentralized,5,0.39269908169872414,0,180,190,13
Decentralized,5,0.39269908169872414,1,180,198,23
Decentralized,5,0.39269908169872414,2,180,173,0
Decentralized,5,0.39269908169872414,3,180,200,23
Decentralized,5,0.39269908169872414,4,180,181,6
Decentralized,5,0.39269908169872414,0,181,191,13
Decentralized,5,0.39269908169872414,1,181,199,23
Decentralized,5,0.39269908169872414,2,181,174,0
Decentralized,5,0.39269908169872414,3,181,201,23
Decentralized,5,0.39269908169872414,4,181,182,6
Decentralized,5,0.39269908169872414,0,182,192,13
Decentralized,5,0.39269908169872414,1,182,200,23
Decentralized,5,0.39269908169872414,2,182,175,0
Decentralized,5,0.39269908169872414,3,182,202,23
Decentralized,5,0.39269908169872414,4,182,183,6
Decentralized,5,0.39269908169872414,0,183,193,13
Decentralized,5,0.39269908169872414,1,183,201,23
Decentralized,5,0.39269908169872414,2,183,176,0
Decentralized,5,0.39269908169872414,3,183,203,23
Decentralized,5,0.39269908169872414,4,183,184,6
Decentralized,5,0.39269908169872414,0,184,194,13
Decentralized,5,0.39269908169872414,1,184,202,23
Decentralized,5,0.39269908169872414,2,184,177,0
Decentralized,5,0.39269908169872414,3,184,204,23
Decentralized,5,0.39269908169872414,4,184,185,6
Decentralized,5,0.39269908169872414,0,185,195,13
Decentralized,5,0.39269908169872414,1,185,203,23
Decentralized,5,0.39269908169872414,2,185,178,0
Decentralized,5,0.39269908169872414,3,185,205,23
Decentralized,5,0.39269908169872414,4,185,186,6
Decentralized,5,0.39269908169872414,0,186,196,13
Decentralized,5,0.39269908169872414,1,186,204,23
Decentralized,5,0.39269908169872414,2,186,179,0
Decentralized,5,0.39269908169872414,3,186,206,23
Decentralized,5,0.39269908169872414,4,186,187,6
Decentralized,5,0.39269908169872414,0,187,197,13
Decentralized,5,0.39269908169872414,1,187,205,23
Decentralized,5,0.39269908169872414,2,187,180,0
Decentralized,5,0.39269908169872414,3,187,207,23
Decentralized,5,0.39269908169872414,4,187,188,6
Decentralized,5,0.39269908169872414,0,188,198,13
Decentralized,5,0.39269908169872414,1,188,206,23
Decentralized,5,0.39269908169872414,2,188,181,0
Decentralized,5,0.39269908169872414,3,188,208,23
Decentralized,5,0.39269908169872414,4,188,189,6
Decentralized,5,0.39269908169872414,0,189,199,13
Decentralized,5,0.39269908169872414,1,189,207,23
Decentralized,5,0.39269908169872414,2,189,182,0
Decentralized,5,0.39269908169872414,3,189,209,23
Decentralized,5,0.39269908169872414,4,189,190,6
Decentralized,5,0.39269908169872414,0,190,200,13
Decentralized,5,0.39269908169872414,1,190,208,23
Decentralized,5,0.39269908169872414,2,190,183,0
Decentralized,5,0.39269908169872414,3,190,210,23
Decentralized,5,0.39269908169872414,4,190,191,6
Decentralized,5,0.39269908169872414,0,191,201,13
Decentralized,5,0.39269908169872414,1,191,209,23
Decentralized,5,0.39269908169872414,2,191,184,0
Decentralized,5,0.39269908169872414,3,191,211,23
Decentralized,5,0.39269908169872414,4,191,192,6
Decentralized,5,0.39269908169872414,0,192,202,13
Decentralized,5,0.39269908169872414,1,192,210,23
Decentralized,5,0.39269908169872414,2,192,185,0
Decentralized,5,0.39269908169872414,3,192,212,23
Decentralized,5,0.39269908169872414,4,192,193,6
Decentralized,5,0.39269908169872414,0,193,203,13
Decentralized,5,0.39269908169872414,1,193,211,23
Decentralized,5,0.39269908169872414,2,193,186,0
Decentralized,5,0.39269908169872414,3,193,213,23
Decentralized,5,0.39269908169872414,4,193,194,6
Decentralized,5,0.39269908169872414,0,194,204,13
Decentralized,5,0.39269908169872414,1,194,212,23
Decentralized,5,0.39269908169872414,2,194,187,0
Decentralized,5,0.39269908169872414,3,194,214,23
Decentralized,5,0.39269908169872414,4,194,195,6
Decentralized,5,0.39269908169872414,0,195,205,13
Decentralized,5,0.39269908169872414,1,195,213,23
Decentralized,5,0.39269908169872414,2,195,188,0
Decentralized,5,0.39269908169872414,3,195,215,23
Decentralized,5,0.39269908169872414,4,195,196,6
Decentralized,5,0.39269908169872414,0,196,206,13
Decentralized,5,0.39269908169872414,1,196,214,23
Decentralized,5,0.39269908169872414,2,196,189,0
Decentralized,5,0.39269908169872414,3,196,216,23
Decentralized,5,0.39269908169872414,4,196,197,6
Decentralized,5,0.39269908169872414,0,197,207,13
Decentralized,5,0.39269908169872414,1,197,215,23
Decentralized,5,0.39269908169872414,2,197,190,0
Decentralized,5,0.39269908169872414,3,197,217,23
Decentralized,5,0.39269908169872414,4,197,198,6
Decentralized,5,0.39269908169872414,0,198,208,13
Decentralized,5,0.39269908169872414,1,198,216,23
Decentralized,5,0.39269908169872414,2,198,191,0
Decentralized,5,0.39269908169872414,3,198,218,23
Decentralized,5,0.39269908169872414,4,198,199,6
Decentralized,5,0.39269908169872414,0,199,209,13
Decentralized,5,0.39269908169872414,1,199,217,23
Decentralized,5,0.39269908169872414,2,199,192,0
Decentralized,5,0.39269908169872414,3,199,219,23
Decentralized,5,0.39269908169872414,4,199,200,6
Decentralized,5,0.39269908169872414,0,200,210,13
Decentralized,5,0.39269908169872414,1,200,218,23
Decentralized,5,0.39269908169872414,2,200,193,0
Decentralized,5,0.39269908169872414,3,200,220,23
Decentralized,5,0.39269908169872414,4,200,201,6
Decentralized,5,0.39269908169872414,0,201,211,13
Decentralized,5,0.39269908169872414,1,201,219,23
Decentralized,5,0.39269908169872414,2,201,194,0
Decentralized,5,0.39269908169872414,3,201,221,23
Decentralized,5,0.39269908169872414,4,201,202,6
Decentralized,5,0.39269908169872414,0,202,212,13
Decentralized,5,0.39269908169872414,1,202,220,23
Decentralized,5,0.39269908169872414,2,202,195,0
Decentralized,5,0.39269908169872414,3,202,222,23
Decentralized,5,0.39269908169872414,4,202,203,6
Decentralized,5,0.39269908169872414,0,203,213,13
Decentralized,5,0.39269908169872414,1,203,221,23
Decentralized,5,0.39269908169872414,2,203,196,0
Decentralized,5,0.39269908169872414,3,203,223,23
Decentralized,5,0.39269908169872414,4,203,204,6
Decentralized,5,0.39269908169872414,0,204,214,13
Decentralized,5,0.39269908169872414,1,204,222,23
Decentralized,5,0.39269908169872414,2,204,197,0
Decentralized,5,0.39269908169872414,3,204,224,23
Decentralized,5,0.39269908169872414,4,204,205,6
Decentralized,5,0.39269908169872414,0,205,215,13
Decentralized,5,0.39269908169872414,1,205,223,23
Decentralized,5,0.39269908169872414,2,205,198,0
Decentralized,5,0.39269908169872414,3,205,225,23
Decentralized,5,0.39269908169872414,4,205,206,6
Decentralized,5,0.39269908169872414,0,206,216,13
Decentralized,5,0.39269908169872414,1,206,224,23
Decentralized,5,0.39269908169872414,2,206,199,0
Decentralized,5,0.39269908169872414,3,206,226,23
Decentralized,5,0.39269908169872414,4,206,207,6
Decentralized,5,0.39269908169872414,0,207,217,13
Decentralized,5,0.39269908169872414,1,207,225,23
Decentralized,5,0.39269908169872414,2,207,200,0
Decentralized,5,0.39269908169872414,3,207,227,23
Decentralized,5,0.39269908169872414,4,207,208,6
Decentralized,5,0.39269908169872414,0,208,218,13
Decentralized,5,0.39269908169872414,1,208,226,23
Decentralized,5,0.39269908169872414,2,208,201,0
Decentralized,5,0.39269908169872414,3,208,228,23
Decentralized,5,0.39269908169872414,4,208,209,6
Decentralized,5,0.39269908169872414,0,209,219,13
Decentralized,5,0.39269908169872414,1,209,227,23
Decentralized,5,0.39269908169872414,2,209,202,0
Decentralized,5,0.39269908169872414,3,209,229,23
Decentralized,5,0.39269908169872414,4,209,210,6
Decentralized,5,0.39269908169872414,0,210,220,13
Decentralized,5,0.39269908169872414,1,210,228,23
Decentralized,5,0.39269908169872414,2,210,203,0
Decentralized,5,0.39269908169872414,3,210,230,23
Decentralized,5,0.39269908169872414,4,210,211,6
Decentralized,5,0.39269908169872414,0,211,221,13
Decentralized,5,0.39269908169872414,1,211,229,23
Decentralized,5,0.39269908169872414,2,211,204,0
Decentralized,5,0.39269908169872414,3,211,231,23
Decentralized,5,0.39269908169872414,4,211,212,6
Decentralized,5,0.39269908169872414,0,212,222,13
Decentralized,5,0.39269908169872414,1,212,230,23
Decentralized,5,0.39269908169872414,2,212,205,0
Decentralized,5,0.39269908169872414,3,212,232,23
Decentralized,5,0.39269908169872414,4,212,213,6
Decentralized,5,0.39269908169872414,0,213,223,13
Decentralized,5,0.39269908169872414,1,213,231,23
Decentralized,5,0.39269908169872414,2,213,206,0
Decentralized,5,0.39269908169872414,3,213,233,23
Decentralized,5,0.39269908169872414,4,213,214,6
Decentralized,5,0.39269908169872414,0,214,224,13
Decentralized,5,0.39269908169872414,1,214,232,23
Decentralized,5,0.39269908169872414,2,214,207,0
Decentralized,5,0.39269908169872414,3,214,234,23
Decentralized,5,0.39269908169872414,4,214,215,6
Decentralized,5,0.39269908169872414,0,215,225,13
Decentralized,5,0.39269908169872414,1,215,233,23
Decentralized,5,0.39269908169872414,2,215,208,0
Decentralized,5,0.39269908169872414,3,215,235,23
Decentralized,5,0.39269908169872414,4,215,216,6
Decentralized,5,0.39269908169872414,0,216,226,13
Decentralized,5,0.39269908169872414,1,216,234,23
Decentralized,5,0.39269908169872414,2,216,209,0
Decentralized,5,0.39269908169872414,3,216,236,23
Decentralized,5,0.39269908169872414,4,216,217,6
Decentralized,5,0.39269908169872414,0,217,227,13
Decentralized,5,0.39269908169872414,1,217,235,23
Decentralized,5,0.39269908169872414,2,217,210,0
Decentralized,5,0.39269908169872414,3,217,237,23
Decentralized,5,0.39269908169872414,4,217,218,6
Decentralized,5,0.39269908169872414,0,218,228,13
Decentralized,5,0.39269908169872414,1,218,236,23
Decentralized,5,0.39269908169872414,2,218,211,0
Decentralized,5,0.39269908169872414,3,218,238,23
Decentralized,5,0.39269908169872414,4,218,219,6
Decentralized,5,0.39269908169872414,0,219,229,13
Decentralized,5,0.39269908169872414,1,219,237,23
Decentralized,5,0.39269908169872414,2,219,212,0
Decentralized,5,0.39269908169872414,3,219,239,23
Decentralized,5,0.39269908169872414,4,219,220,6
Decentralized,5,0.39269908169872414,0,220,230,13
Decentralized,5,0.39269908169872414,1,220,238,23
Decentralized,5,0.39269908169872414,2,220,213,0
Decentralized,5,0.39269908169872414,3,220,240,23
Decentralized,5,0.39269908169872414,4,220,221,6
Decentralized,5,0.39269908169872414,0,221,231,13
Decentralized,5,0.39269908169872414,1,221,239,23
Decentralized,5,0.39269908169872414,2,221,214,0
Decentralized,5,0.39269908169872414,3,221,241,23
Decentralized,5,0.39269908169872414,4,221,222,6
Decentralized,5,0.39269908169872414,0,222,232,13
Decentralized,5,0.39269908169872414,1,222,240,23
Decentralized,5,0.39269908169872414,2,222,215,0
Decentralized,5,0.39269908169872414,3,222,242,23
Decentralized,5,0.39269908169872414,4,222,223,6
Decentralized,5,0.39269908169872414,0,223,233,13
Decentralized,5,0.39269908169872414,1,223,241,23
Decentralized,5,0.39269908169872414,2,223,216,0
Decentralized,5,0.39269908169872414,3,223,243,23
Decentralized,5,0.39269908169872414,4,223,224,6
Decentralized,5,0.39269908169872414,0,224,234,13
Decentralized,5,0.39269908169872414,1,224,242,23
Decentralized,5,0.39269908169872414,2,224,217,0
Decentralized,5,0.39269908169872414,3,224,244,23
Decentralized,5,0.39269908169872414,4,224,225,6
Decentralized,5,0.39269908169872414,0,225,235,13
Decentralized,5,0.39269908169872414,1,225,243,23
Decentralized,5,0.39269908169872414,2,225,218,0
Decentralized,5,0.39269908169872414,3,225,245,23
Decentralized,5,0.39269908169872414,4,225,226,6
Decentralized,5,0.39269908169872414,0,226,236,13
Decentralized,5,0.39269908169872414,1,226,244,23
Decentralized,5,0.39269908169872414,2,226,219,0
Decentralized,5,0.39269908169872414,3,226,246,23
Decentralized,5,0.39269908169872414,4,226,227,6
Decentralized,5,0.39269908169872414,0,227,237,13
Decentralized,5,0.39269908169872414,1,227,245,23
Decentralized,5,0.39269908169872414,2,227,220,0
Decentralized,5,0.39269908169872414,3,227,247,23
Decentralized,5,0.39269908169872414,4,227,228,6
Decentralized,5,0.39269908169872414,0,228,238,13
Decentralized,5,0.39269908169872414,1,228,246,23
Decentralized,5,0.39269908169872414,2,228,221,0
Decentralized,5,0.39269908169872414,3,228,248,23
Decentralized,5,0.39269908169872414,4,228,229,6
Decentralized,5,0.39269908169872414,0,229,239,13
Decentralized,5,0.39269908169872414,1,229,247,23
Decentralized,5,0.39269908169872414,2,229,222,0
Decentralized,5,0.39269908169872414,3,229,249,23
Decentralized,5,0.39269908169872414,4,229,230,6
Decentralized,5,0.39269908169872414,0,230,240,13
Decentralized,5,0.39269908169872414,1,230,248,23
Decentralized,5,0.39269908169872414,2,230,223,0
Decentralized,5,0.39269908169872414,3,230,250,23
Decentralized,5,0.39269908169872414,4,230,231,6
Decentralized,5,0.39269908169872414,0,231,241,13
Decentralized,5,0.39269908169872414,1,231,249,23
Decentralized,5,0.39269908169872414,2,231,224,0
Decentralized,5,0.39269908169872414,3,231,251,23
Decentralized,5,0.39269908169872414,4,231,232,6
Decentralized,5,0.39269908169872414,0,232,242,13
Decentralized,5,0.39269908169872414,1,232,250,23
Decentralized,5,0.39269908169872414,2,232,225,0
Decentralized,5,0.39269908169872414,3,232,252,23
Decentralized,5,0.39269908169872414,4,232,233,6
Decentralized,5,0.39269908169872414,0,233,243,13
Decentralized,5,0.39269908169872414,1,233,251,23
Decentralized,5,0.39269908169872414,2,233,226,0
Decentralized,5,0.39269908169872414,3,233,253,23
Decentralized,5,0.39269908169872414,4,233,234,6
Decentralized,5,0.39269908169872414,0,234,244,13
Decentralized,5,0.39269908169872414,1,234,252,23
Decentralized,5,0.39269908169872414,2,234,227,0
Decentralized,5,0.39269908169872414,3,234,254,23
Decentralized,5,0.39269908169872414,4,234,235,6
Decentralized,5,0.39269908169872414,0,235,245,13
Decentralized,5,0.39269908169872414,1,235,253,23
Decentralized,5,0.39269908169872414,2,235,228,0
Decentralized,5,0.39269908169872414,3,235,255,23
Decentralized,5,0.39269908169872414,4,235,236,6
Decentralized,5,0.39269908169872414,0,236,246,13
Decentralized,5,0.39269908169872414,1,236,254,23
Decentralized,5,0.39269908169872414,2,236,229,0
Decentralized,5,0.39269908169872414,3,236,256,23
Decentralized,5,0.39269908169872414,4,236,237,6
Decentralized,5,0.39269908169872414,0,237,247,13
Decentralized,5,0.39269908169872414,1,237,255,23
Decentralized,5,0.39269908169872414,2,237,230,0
Decentralized,5,0.39269908169872414,3,237,257,23
Decentralized,5,0.39269908169872414,4,237,238,6
Decentralized,5,0.39269908169872414,0,238,248,13
Decentralized,5,0.39269908169872414,1,238,256,23
Decentralized,5,0.39269908169872414,2,238,231,0
Decentralized,5,0.39269908169872414,3,238,258,23
Decentralized,5,0.39269908169872414,4,238,239,6
Decentralized,5,0.39269908169872414,0,239,249,13
Decentralized,5,0.39269908169872414,1,239,257,23
Decentralized,5,0.39269908169872414,2,239,232,0
Decentralized,5,0.39269908169872414,3,239,259,23
Decentralized,5,0.39269908169872414,4,239,240,6
Decentralized,5,0.39269908169872414,0,240,250,13
Decentralized,5,0.39269908169872414,1,240,258,23
Decentralized,5,0.39269908169872414,2,240,233,0
Decentralized,5,0.39269908169872414,3,240,260,23
Decentralized,5,0.39269908169872414,4,240,241,6
Decentralized,5,0.39269908169872414,0,241,251,13
Decentralized,5,0.39269908169872414,1,241,259,23
Decentralized,5,0.39269908169872414,2,241,234,0
Decentralized,5,0.39269908169872414,3,241,261,23
Decentralized,5,0.39269908169872414,4,241,242,6
Decentralized,5,0.39269908169872414,0,242,252,13
Decentralized,5,0.39269908169872414,1,242,260,23
Decentralized,5,0.39269908169872414,2,242,235,0
Decentralized,5,0.39269908169872414,3,242,262,23
Decentralized,5,0.39269908169872414,4,242,243,6
Decentralized,5,0.39269908169872414,0,243,253,13
Decentralized,5,0.39269908169872414,1,243,261,23
Decentralized,5,0.39269908169872414,2,243,236,0
Decentralized,5,0.39269908169872414,3,243,263,23
Decentralized,5,0.39269908169872414,4,243,244,6
Decentralized,5,0.39269908169872414,0,244,254,13
Decentralized,5,0.39269908169872414,1,244,262,23
Decentralized,5,0.39269908169872414,2,244,237,0
Decentralized,5,0.39269908169872414,3,244,264,23
Decentralized,5,0.39269908169872414,4,244,245,6
Decentralized,5,0.39269908169872414,0,245,255,13
Decentralized,5,0.39269908169872414,1,245,263,23
Decentralized,5,0.39269908169872414,2,245,238,0
Decentralized,5,0.39269908169872414,3,245,265,23
Decentralized,5,0.39269908169872414,4,245,246,6
Decentralized,5,0.39269908169872414,0,246,256,13
Decentralized,5,0.39269908169872414,1,246,264,23
Decentralized,5,0.39269908169872414,2,246,239,0
Decentralized,5,0.39269908169872414,3,246,266,23
Decentralized,5,0.39269908169872414,4,246,247,6
Decentralized,5,0.39269908169872414,0,247,257,13
Decentralized,5,0.39269908169872414,1,247,265,23
Decentralized,5,0.39269908169872414,2,247,240,0
Decentralized,5,0.39269908169872414,3,247,267,23
Decentralized,5,0.39269908169872414,4,247,248,6
Decentralized,5,0.39269908169872414,0,248,258,13
Decentralized,5,0.39269908169872414,1,248,266,23
Decentralized,5,0.39269908169872414,2,248,241,0
Decentralized,5,0.39269908169872414,3,248,268,23
Decentralized,5,0.39269908169872414,4,248,249,6
Decentralized,5,0.39269908169872414,0,249,259,13
Decentralized,5,0.39269908169872414,1,249,267,23
Decentralized,5,0.39269908169872414,2,249,242,0
Decentralized,5,0.39269908169872414,3,249,269,23
Decentralized,5,0.39269908169872414,4,249,250,6
Decentralized,5,0.39269908169872414,0,250,260,13
Decentralized,5,0.39269908169872414,1,250,268,23
Decentralized,5,0.39269908169872414,2,250,243,0
Decentralized,5,0.39269908169872414,3,250,270,23
Decentralized,5,0.39269908169872414,4,250,251,6
Decentralized,5,0.39269908169872414,0,251,261,13
Decentralized,5,0.39269908169872414,1,251,269,23
Decentralized,5,0.39269908169872414,2,251,244,0
Decentralized,5,0.39269908169872414,3,251,271,23
Decentralized,5,0.39269908169872414,4,251,252,6
Decentralized,5,0.39269908169872414,0,252,262,13
Decentralized,5,0.39269908169872414,1,252,270,23
Decentralized,5,0.39269908169872414,2,252,245,0
Decentralized,5,0.39269908169872414,3,252,272,23
Decentralized,5,0.39269908169872414,4,252,253,6
Decentralized,5,0.39269908169872414,0,253,263,13
Decentralized,5,0.39269908169872414,1,253,271,23
Decentralized,5,0.39269908169872414,2,253,246,0
Decentralized,5,0.39269908169872414,3,253,273,23
Decentralized,5,0.39269908169872414,4,253,254,6
Decentralized,5,0.39269908169872414,0,254,264,13
Decentralized,5,0.39269908169872414,1,254,272,23
Decentralized,5,0.39269908169872414,2,254,247,0
Decentralized,5,0.39269908169872414,3,254,274,23
Decentralized,5,0.39269908169872414,4,254,255,6
Decentralized,5,0.39269908169872414,0,255,265,13
Decentralized,5,0.39269908169872414,1,255,273,23
Decentralized,5,0.39269908169872414,2,255,248,0
Decentralized,5,0.39269908169872414,3,255,275,23
Decentralized,5,0.39269908169872414,4,255,256,6
Decentralized,5,0.39269908169872414,0,256,266,13
Decentralized,5,0.39269908169872414,1,256,274,23
Decentralized,5,0.39269908169872414,2,256,249,0
Decentralized,5,0.39269908169872414,3,256,276,23
Decentralized,5,0.39269908169872414,4,256,257,6
Decentralized,5,0.39269908169872414,0,257,267,13
Decentralized,5,0.39269908169872414,1,257,275,23
Decentralized,5,0.39269908169872414,2,257,250,0
Decentralized,5,0.39269908169872414,3,257,277,23
Decentralized,5,0.39269908169872414,4,257,258,6
Decentralized,5,0.39269908169872414,0,258,268,13
Decentralized,5,0.39269908169872414,1,258,276,23
Decentralized,5,0.39269908169872414,2,258,251,0
Decentralized,5,0.39269908169872414,3,258,278,23
Decentralized,5,0.39269908169872414,4,258,259,6
Decentralized,5,0.39269908169872414,0,259,269,13
Decentralized,5,0.39269908169872414,1,259,277,23
Decentralized,5,0.39269908169872414,2,259,252,0
Decentralized,5,0.39269908169872414,3,259,279,23
Decentralized,5,0.39269908169872414,4,259,260,6
Decentralized,5,0.39269908169872414,0,260,270,13
Decentralized,5,0.39269908169872414,1,260,278,23
Decentralized,5,0.39269908169872414,2,260,253,0
Decentralized,5,0.39269908169872414,3,260,280,23
Decentralized,5,0.39269908169872414,4,260,261,6
Decentralized,5,0.39269908169872414,0,261,271,13
Decentralized,5,0.39269908169872414,1,261,279,23
Decentralized,5,0.39269908169872414,2,261,254,0
Decentralized,5,0.39269908169872414,3,261,281,23
Decentralized,5,0.39269908169872414,4,261,262,6
Decentralized,5,0.39269908169872414,0,262,272,13
Decentralized,5,0.39269908169872414,1,262,280,23
Decentralized,5,0.39269908169872414,2,262,255,0
Decentralized,5,0.39269908169872414,3,262,282,23
Decentralized,5,0.39269908169872414,4,262,263,6
Decentralized,5,0.39269908169872414,0,263,273,13
Decentralized,5,0.39269908169872414,1,263,281,23
Decentralized,5,0.39269908169872414,2,263,256,0
Decentralized,5,0.39269908169872414,3,263,283,23
Decentralized,5,0.39269908169872414,4,263,264,6
Decentralized,5,0.39269908169872414,0,264,274,13
Decentralized,5,0.39269908169872414,1,264,282,23
Decentralized,5,0.39269908169872414,2,264,257,0
Decentralized,5,0.39269908169872414,3,264,284,23
Decentralized,5,0.39269908169872414,4,264,265,6
Decentralized,5,0.39269908169872414,0,265,275,13
Decentralized,5,0.39269908169872414,1,265,283,23
Decentralized,5,0.39269908169872414,2,265,258,0
Decentralized,5,0.39269908169872414,3,265,285,23
Decentralized,5,0.39269908169872414,4,265,266,6
Decentralized,5,0.39269908169872414,0,266,276,13
Decentralized,5,0.39269908169872414,1,266,284,23
Decentralized,5,0.39269908169872414,2,266,259,0
Decentralized,5,0.39269908169872414,3,266,286,23
Decentralized,5,0.39269908169872414,4,266,267,6
Decentralized,5,0.39269908169872414,0,267,277,13
Decentralized,5,0.39269908169872414,1,267,285,23
Decentralized,5,0.39269908169872414,2,267,260,0
Decentralized,5,0.39269908169872414,3,267,287,23
Decentralized,5,0.39269908169872414,4,267,268,6
Decentralized,5,0.39269908169872414,0,268,278,13
Decentralized,5,0.39269908169872414,1,268,286,23
Decentralized,5,0.39269908169872414,2,268,261,0
Decentralized,5,0.39269908169872414,3,268,288,23
Decentralized,5,0.39269908169872414,4,268,269,6
Decentralized,5,0.39269908169872414,0,269,279,13
Decentralized,5,0.39269908169872414,1,269,287,23
Decentralized,5,0.39269908169872414,2,269,262,0
Decentralized,5,0.39269908169872414,3,269,289,23
Decentralized,5,0.39269908169872414,4,269,270,6
Decentralized,5,0.39269908169872414,0,270,280,13
Decentralized,5,0.39269908169872414,1,270,288,23
Decentralized,5,0.39269908169872414,2,270,263,0
Decentralized,5,0.39269908169872414,3,270,290,23
Decentralized,5,0.39269908169872414,4,270,271,6
Decentralized,5,0.39269908169872414,0,271,281,13
Decentralized,5,0.39269908169872414,1,271,289,23
Decentralized,5,0.39269908169872414,2,271,264,0
Decentralized,5,0.39269908169872414,3,271,291,23
Decentralized,5,0.39269908169872414,4,271,272,6
Decentralized,5,0.39269908169872414,0,272,282,13
Decentralized,5,0.39269908169872414,1,272,290,23
Decentralized,5,0.39269908169872414,2,272,265,0
Decentralized,5,0.39269908169872414,3,272,292,23
Decentralized,5,0.39269908169872414,4,272,273,6
Decentralized,5,0.39269908169872414,0,273,283,13
Decentralized,5,0.39269908169872414,1,273,291,23
Decentralized,5,0.39269908169872414,2,273,266,0
Decentralized,5,0.39269908169872414,3,273,293,23
Decentralized,5,0.39269908169872414,4,273,274,6
Decentralized,5,0.39269908169872414,0,274,284,13
Decentralized,5,0.39269908169872414,1,274,292,23
Decentralized,5,0.39269908169872414,2,274,267,0
Decentralized,5,0.39269908169872414,3,274,294,23
Decentralized,5,0.39269908169872414,4,274,275,6
Decentralized,5,0.39269908169872414,0,275,285,13
Decentralized,5,0.39269908169872414,1,275,293,23
Decentralized,5,0.39269908169872414,2,275,268,0
Decentralized,5,0.39269908169872414,3,275,295,23
Decentralized,5,0.39269908169872414,4,275,276,6
Decentralized,5,0.39269908169872414,0,276,286,13
Decentralized,5,0.39269908169872414,1,276,294,23
Decentralized,5,0.39269908169872414,2,276,269,0
Decentralized,5,0.39269908169872414,3,276,296,23
Decentralized,5,0.39269908169872414,4,276,277,6
Decentralized,5,0.39269908169872414,0,277,287,13
Decentralized,5,0.39269908169872414,1,277,295,23
Decentralized,5,0.39269908169872414,2,277,270,0
Decentralized,5,0.39269908169872414,3,277,297,23
Decentralized,5,0.39269908169872414,4,277,278,6
Decentralized,5,0.39269908169872414,0,278,288,13
Decentralized,5,0.39269908169872414,1,278,296,23
Decentralized,5,0.39269908169872414,2,278,271,0
Decentralized,5,0.39269908169872414,3,278,298,23
Decentralized,5,0.39269908169872414,4,278,279,6
Decentralized,5,0.39269908169872414,0,279,289,13
Decentralized,5,0.39269908169872414,1,279,297,23
Decentralized,5,0.39269908169872414,2,279,272,0
Decentralized,5,0.39269908169872414,3,279,299,23
Decentralized,5,0.39269908169872414,4,279,280,6
Decentralized,5,0.39269908169872414,0,280,290,13
Decentralized,5,0.39269908169872414,1,280,298,23
Decentralized,5,0.39269908169872414,2,280,273,0
Decentralized,5,0.39269908169872414,3,280,300,23
Decentralized,5,0.39269908169872414,4,280,281,6
Decentralized,5,0.39269908169872414,0,281,291,13
Decentralized,5,0.39269908169872414,1,281,299,23
Decentralized,5,0.39269908169872414,2,281,274,0
Decentralized,5,0.39269908169872414,3,281,301,23
Decentralized,5,0.39269908169872414,4,281,282,6
Decentralized,5,0.39269908169872414,0,282,292,13
Decentralized,5,0.39269908169872414,1,282,300,23
Decentralized,5,0.39269908169872414,2,282,275,0
Decentralized,5,0.39269908169872414,3,282,302,23
Decentralized,5,0.39269908169872414,4,282,283,6
Decentralized,5,0.39269908169872414,0,283,293,13
Decentralized,5,0.39269908169872414,1,283,301,23
Decentralized,5,0.39269908169872414,2,283,276,0
Decentralized,5,0.39269908169872414,3,283,303,23
Decentralized,5,0.39269908169872414,4,283,284,6
Decentralized,5,0.39269908169872414,0,284,294,13
Decentralized,5,0.39269908169872414,1,284,302,23
Decentralized,5,0.39269908169872414,2,284,277,0
Decentralized,5,0.39269908169872414,3,284,304,23
Decentralized,5,0.39269908169872414,4,284,285,6
Decentralized,5,0.39269908169872414,0,285,295,13
Decentralized,5,0.39269908169872414,1,285,303,23
Decentralized,5,0.39269908169872414,2,285,278,0
Decentralized,5,0.39269908169872414,3,285,305,23
Decentralized,5,0.39269908169872414,4,285,286,6
Decentralized,5,0.39269908169872414,0,286,296,13
Decentralized,5,0.39269908169872414,1,286,304,23
Decentralized,5,0.39269908169872414,2,286,279,0
Decentralized,5,0.39269908169872414,3,286,306,23
Decentralized,5,0.39269908169872414,4,286,287,6
Decentralized,5,0.39269908169872414,0,287,297,13
Decentralized,5,0.39269908169872414,1,287,305,23
Decentralized,5,0.39269908169872414,2,287,280,0
Decentralized,5,0.39269908169872414,3,287,307,23
Decentralized,5,0.39269908169872414,4,287,288,6
Decentralized,5,0.39269908169872414,0,288,298,13
Decentralized,5,0.39269908169872414,1,288,306,23
Decentralized,5,0.39269908169872414,2,288,281,0
Decentralized,5,0.39269908169872414,3,288,308,23
Decentralized,5,0.39269908169872414,4,288,289,6
Decentralized,5,0.39269908169872414,0,289,299,13
Decentralized,5,0.39269908169872414,1,289,307,23
Decentralized,5,0.39269908169872414,2,289,282,0
Decentralized,5,0.39269908169872414,3,289,309,23
Decentralized,5,0.39269908169872414,4,289,290,6
Decentralized,5,0.39269908169872414,0,290,300,13
Decentralized,5,0.39269908169872414,1,290,308,23
Decentralized,5,0.39269908169872414,2,290,283,0
Decentralized,5,0.39269908169872414,3,290,310,23
Decentralized,5,0.39269908169872414,4,290,291,6
Decentralized,5,0.39269908169872414,0,291,301,13
Decentralized,5,0.39269908169872414,1,291,309,23
Decentralized,5,0.39269908169872414,2,291,284,0
Decentralized,5,0.39269908169872414,3,291,311,23
Decentralized,5,0.39269908169872414,4,291,292,6
Decentralized,5,0.39269908169872414,0,292,302,13
Decentralized,5,0.39269908169872414,1,292,310,23
Decentralized,5,0.39269908169872414,2,292,285,0
Decentralized,5,0.39269908169872414,3,292,312,23
Decentralized,5,0.39269908169872414,4,292,293,6
Decentralized,5,0.39269908169872414,0,293,303,13
Decentralized,5,0.39269908169872414,1,293,311,23
Decentralized,5,0.39269908169872414,2,293,286,0
Decentralized,5,0.39269908169872414,3,293,313,23
Decentralized,5,0.39269908169872414,4,293,294,6
Decentralized,5,0.39269908169872414,0,294,304,13
Decentralized,5,0.39269908169872414,1,294,312,23
Decentralized,5,0.39269908169872414,2,294,287,0
Decentralized,5,0.39269908169872414,3,294,314,23
Decentralized,5,0.39269908169872414,4,294,295,6
Decentralized,5,0.39269908169872414,0,295,305,13
Decentralized,5,0.39269908169872414,1,295,313,23
Decentralized,5,0.39269908169872414,2,295,288,0
Decentralized,5,0.39269908169872414,3,295,315,23
Decentralized,5,0.39269908169872414,4,295,296,6
Decentralized,5,0.39269908169872414,0,296,306,13
Decentralized,5,0.39269908169872414,1,296,314,23
Decentralized,5,0.39269908169872414,2,296,289,0
Decentralized,5,0.39269908169872414,3,296,316,23
Decentralized,5,0.39269908169872414,4,296,297,6
Decentralized,5,0.39269908169872414,0,297,307,13
Decentralized,5,0.39269908169872414,1,297,315,23
Decentralized,5,0.39269908169872414,2,297,290,0
Decentralized,5,0.39269908169872414,3,297,317,23
Decentralized,5,0.39269908169872414,4,297,298,6
Decentralized,5,0.39269908169872414,0,298,308,13
Decentralized,5,0.39269908169872414,1,298,316,23
Decentralized,5,0.39269908169872414,2,298,291,0
Decentralized,5,0.39269908169872414,3,298,318,23
Decentralized,5,0.39269908169872414,4,298,299,6
Decentralized,5,0.39269908169872414,0,299,309,13
Decentralized,5,0.39269908169872414,1,299,317,23
Decentralized,5,0.39269908169872414,2,299,292,0
Decentralized,5,0.39269908169872414,3,299,319,23
Decentralized,5,0.39269908169872414,4,299,300,6
Decentralized,5,0.39269908169872414,0,300,310,13
Decentralized,5,0.39269908169872414,1,300,318,23
Decentralized,5,0.39269908169872414,2,300,293,0
Decentralized,5,0.39269908169872414,3,300,320,23
Decentralized,5,0.39269908169872414,4,300,301,6
Decentralized,5,0.39269908169872414,0,301,311,13
Decentralized,5,0.39269908169872414,1,301,319,23
Decentralized,5,0.39269908169872414,2,301,294,0
Decentralized,5,0.39269908169872414,3,301,321,23
Decentralized,5,0.39269908169872414,4,301,302,6
Decentralized,5,0.39269908169872414,0,302,312,13
Decentralized,5,0.39269908169872414,1,302,320,23
Decentralized,5,0.39269908169872414,2,302,295,0
Decentralized,5,0.39269908169872414,3,302,322,23
Decentralized,5,0.39269908169872414,4,302,303,6
Decentralized,5,0.39269908169872414,0,303,313,13
Decentralized,5,0.39269908169872414,1,303,321,23
Decentralized,5,0.39269908169872414,2,303,296,0
Decentralized,5,0.39269908169872414,3,303,323,23
Decentralized,5,0.39269908169872414,4,303,304,6
Decentralized,5,0.39269908169872414,0,304,314,13
Decentralized,5,0.39269908169872414,1,304,322,23
Decentralized,5,0.39269908169872414,2,304,297,0
Decentralized,5,0.39269908169872414,3,304,324,23
Decentralized,5,0.39269908169872414,4,304,305,6
Decentralized,5,0.39269908169872414,0,305,315,13
Decentralized,5,0.39269908169872414,1,305,323,23
Decentralized,5,0.39269908169872414,2,305,298,0
Decentralized,5,0.39269908169872414,3,305,325,23
Decentralized,5,0.39269908169872414,4,305,306,6
Decentralized,5,0.39269908169872414,0,306,316,13
Decentralized,5,0.39269908169872414,1,306,324,23
Decentralized,5,0.39269908169872414,2,306,299,0
Decentralized,5,0.39269908169872414,3,306,326,23
Decentralized,5,0.39269908169872414,4,306,307,6
Decentralized,5,0.39269908169872414,0,307,317,13
Decentralized,5,0.39269908169872414,1,307,325,23
Decentralized,5,0.39269908169872414,2,307,300,0
Decentralized,5,0.39269908169872414,3,307,327,23
Decentralized,5,0.39269908169872414,4,307,308,6
Decentralized,5,0.39269908169872414,0,308,318,13
Decentralized,5,0.39269908169872414,1,308,326,23
Decentralized,5,0.39269908169872414,2,308,301,0
Decentralized,5,0.39269908169872414,3,308,328,23
Decentralized,5,0.39269908169872414,4,308,309,6
Decentralized,5,0.39269908169872414,0,309,319,13
Decentralized,5,0.39269908169872414,1,309,327,23
Decentralized,5,0.39269908169872414,2,309,302,0
Decentralized,5,0.39269908169872414,3,309,329,23
Decentralized,5,0.39269908169872414,4,309,310,6
Decentralized,5,0.39269908169872414,0,310,320,13
Decentralized,5,0.39269908169872414,1,310,328,23
Decentralized,5,0.39269908169872414,2,310,303,0
Decentralized,5,0.39269908169872414,3,310,330,23
Decentralized,5,0.39269908169872414,4,310,311,6
Decentralized,5,0.39269908169872414,0,311,321,13
Decentralized,5,0.39269908169872414,1,311,329,23
Decentralized,5,0.39269908169872414,2,311,304,0
Decentralized,5,0.39269908169872414,3,311,331,23
Decentralized,5,0.39269908169872414,4,311,312,6
Decentralized,5,0.39269908169872414,0,312,322,13
Decentralized,5,0.39269908169872414,1,312,330,23
Decentralized,5,0.39269908169872414,2,312,305,0
Decentralized,5,0.39269908169872414,3,312,332,23
Decentralized,5,0.39269908169872414,4,312,313,6
Decentralized,5,0.39269908169872414,0,313,323,13
Decentralized,5,0.39269908169872414,1,313,331,23
Decentralized,5,0.39269908169872414,2,313,306,0
Decentralized,5,0.39269908169872414,3,313,333,23
Decentralized,5,0.39269908169872414,4,313,314,6
Decentralized,5,0.39269908169872414,0,314,324,13
Decentralized,5,0.39269908169872414,1,314,332,23
Decentralized,5,0.39269908169872414,2,314,307,0
Decentralized,5,0.39269908169872414,3,314,334,23
Decentralized,5,0.39269908169872414,4,314,315,6
Decentralized,5,0.39269908169872414,0,315,325,13
Decentralized,5,0.39269908169872414,1,315,333,23
Decentralized,5,0.39269908169872414,2,315,308,0
Decentralized,5,0.39269908169872414,3,315,335,23
Decentralized,5,0.39269908169872414,4,315,316,6
Decentralized,5,0.39269908169872414,0,316,326,13
Decentralized,5,0.39269908169872414,1,316,334,23
Decentralized,5,0.39269908169872414,2,316,309,0
Decentralized,5,0.39269908169872414,3,316,336,23
Decentralized,5,0.39269908169872414,4,316,317,6
Decentralized,5,0.39269908169872414,0,317,327,13
Decentralized,5,0.39269908169872414,1,317,335,23
Decentralized,5,0.39269908169872414,2,317,310,0
Decentralized,5,0.39269908169872414,3,317,337,23
Decentralized,5,0.39269908169872414,4,317,318,6
Decentralized,5,0.39269908169872414,0,318,328,13
Decentralized,5,0.39269908169872414,1,318,336,23
Decentralized,5,0.39269908169872414,2,318,311,0
Decentralized,5,0.39269908169872414,3,318,338,23
Decentralized,5,0.39269908169872414,4,318,319,6
Decentralized,5,0.39269908169872414,0,319,329,13
Decentralized,5,0.39269908169872414,1,319,337,23
Decentralized,5,0.39269908169872414,2,319,312,0
Decentralized,5,0.39269908169872414,3,319,339,23
Decentralized,5,0.39269908169872414,4,319,320,6
Decentralized,5,0.39269908169872414,0,320,330,13
Decentralized,5,0.39269908169872414,1,320,338,23
Decentralized,5,0.39269908169872414,2,320,313,0
Decentralized,5,0.39269908169872414,3,320,340,23
Decentralized,5,0.39269908169872414,4,320,321,6
Decentralized,5,0.39269908169872414,0,321,331,13
Decentralized,5,0.39269908169872414,1,321,339,23
Decentralized,5,0.39269908169872414,2,321,314,0
Decentralized,5,0.39269908169872414,3,321,341,23
Decentralized,5,0.39269908169872414,4,321,322,6
Decentralized,5,0.39269908169872414,0,322,332,13
Decentralized,5,0.39269908169872414,1,322,340,23
Decentralized,5,0.39269908169872414,2,322,315,0
Decentralized,5,0.39269908169872414,3,322,342,23
Decentralized,5,0.39269908169872414,4,322,323,6
Decentralized,5,0.39269908169872414,0,323,333,13
Decentralized,5,0.39269908169872414,1,323,341,23
Decentralized,5,0.39269908169872414,2,323,316,0
Decentralized,5,0.39269908169872414,3,323,343,23
Decentralized,5,0.39269908169872414,4,323,324,6
Decentralized,5,0.39269908169872414,0,324,334,13
Decentralized,5,0.39269908169872414,1,324,342,23
Decentralized,5,0.39269908169872414,2,324,317,0
Decentralized,5,0.39269908169872414,3,324,344,23
Decentralized,5,0.39269908169872414,4,324,325,6
Decentralized,5,0.39269908169872414,0,325,335,13
Decentralized,5,0.39269908169872414,1,325,343,23
Decentralized,5,0.39269908169872414,2,325,318,0
Decentralized,5,0.39269908169872414,3,325,345,23
Decentralized,5,0.39269908169872414,4,325,326,6
Decentralized,5,0.39269908169872414,0,326,336,13
Decentralized,5,0.39269908169872414,1,326,344,23
Decentralized,5,0.39269908169872414,2,326,319,0
Decentralized,5,0.39269908169872414,3,326,346,23
Decentralized,5,0.39269908169872414,4,326,327,6
Decentralized,5,0.39269908169872414,0,327,337,13
Decentralized,5,0.39269908169872414,1,327,345,23
Decentralized,5,0.39269908169872414,2,327,320,0
Decentralized,5,0.39269908169872414,3,327,347,23
Decentralized,5,0.39269908169872414,4,327,328,6
Decentralized,5,0.39269908169872414,0,328,338,13
Decentralized,5,0.39269908169872414,1,328,346,23
Decentralized,5,0.39269908169872414,2,328,321,0
Decentralized,5,0.39269908169872414,3,328,348,23
Decentralized,5,0.39269908169872414,4,328,329,6
Decentralized,5,0.39269908169872414,0,329,339,13
Decentralized,5,0.39269908169872414,1,329,347,23
Decentralized,5,0.39269908169872414,2,329,322,0
Decentralized,5,0.39269908169872414,3,329,349,23
Decentralized,5,0.39269908169872414,4,329,330,6
Decentralized,5,0.39269908169872414,0,330,340,13
Decentralized,5,0.39269908169872414,1,330,348,23
Decentralized,5,0.39269908169872414,2,330,323,0
Decentralized,5,0.39269908169872414,3,330,350,23
Decentralized,5,0.39269908169872414,4,330,331,6
Decentralized,5,0.39269908169872414,0,331,341,13
Decentralized,5,0.39269908169872414,1,331,349,23
Decentralized,5,0.39269908169872414,2,331,324,0
Decentralized,5,0.39269908169872414,3,331,351,23
Decentralized,5,0.39269908169872414,4,331,332,6
Decentralized,5,0.39269908169872414,0,332,342,13
Decentralized,5,0.39269908169872414,1,332,350,23
Decentralized,5,0.39269908169872414,2,332,325,0
Decentralized,5,0.39269908169872414,3,332,352,23
Decentralized,5,0.39269908169872414,4,332,333,6
Decentralized,5,0.39269908169872414,0,333,343,13
Decentralized,5,0.39269908169872414,1,333,351,23
Decentralized,5,0.39269908169872414,2,333,326,0
Decentralized,5,0.39269908169872414,3,333,353,23
Decentralized,5,0.39269908169872414,4,333,334,6
Decentralized,5,0.39269908169872414,0,334,344,13
Decentralized,5,0.39269908169872414,1,334,352,23
Decentralized,5,0.39269908169872414,2,334,327,0
Decentralized,5,0.39269908169872414,3,334,354,23
Decentralized,5,0.39269908169872414,4,334,335,6
Decentralized,5,0.39269908169872414,0,335,345,13
Decentralized,5,0.39269908169872414,1,335,353,23
Decentralized,5,0.39269908169872414,2,335,328,0
Decentralized,5,0.39269908169872414,3,335,355,23
Decentralized,5,0.39269908169872414,4,335,336,6
Decentralized,5,0.39269908169872414,0,336,346,13
Decentralized,5,0.39269908169872414,1,336,354,23
Decentralized,5,0.39269908169872414,2,336,329,0
Decentralized,5,0.39269908169872414,3,336,356,23
Decentralized,5,0.39269908169872414,4,336,337,6
Decentralized,5,0.39269908169872414,0,337,347,13
Decentralized,5,0.39269908169872414,1,337,355,23
Decentralized,5,0.39269908169872414,2,337,330,0
Decentralized,5,0.39269908169872414,3,337,357,23
Decentralized,5,0.39269908169872414,4,337,338,6
Decentralized,5,0.39269908169872414,0,338,348,13
Decentralized,5,0.39269908169872414,1,338,356,23
Decentralized,5,0.39269908169872414,2,338,331,0
Decentralized,5,0.39269908169872414,3,338,358,23
Decentralized,5,0.39269908169872414,4,338,339,6
Decentralized,5,0.39269908169872414,0,339,349,13
Decentralized,5,0.39269908169872414,1,339,357,23
Decentralized,5,0.39269908169872414,2,339,332,0
Decentralized,5,0.39269908169872414,3,339,359,23
Decentralized,5,0.39269908169872414,4,339,340,6
Decentralized,5,0.39269908169872414,0,340,350,13
Decentralized,5,0.39269908169872414,1,340,358,23
Decentralized,5,0.39269908169872414,2,340,333,0
Decentralized,5,0.39269908169872414,3,340,360,23
Decentralized,5,0.39269908169872414,4,340,341,6
Decentralized,5,0.39269908169872414,0,341,351,13
Decentralized,5,0.39269908169872414,1,341,359,23
Decentralized,5,0.39269908169872414,2,341,334,0
Decentralized,5,0.39269908169872414,3,341,361,23
Decentralized,5,0.39269908169872414,4,341,342,6
Decentralized,5,0.39269908169872414,0,342,352,13
Decentralized,5,0.39269908169872414,1,342,360,23
Decentralized,5,0.39269908169872414,2,342,335,0
Decentralized,5,0.39269908169872414,3,342,362,23
Decentralized,5,0.39269908169872414,4,342,343,6
Decentralized,5,0.39269908169872414,0,343,353,13
Decentralized,5,0.39269908169872414,1,343,361,23
Decentralized,5,0.39269908169872414,2,343,336,0
Decentralized,5,0.39269908169872414,3,343,363,23
Decentralized,5,0.39269908169872414,4,343,344,6
Decentralized,5,0.39269908169872414,0,344,354,13
Decentralized,5,0.39269908169872414,1,344,362,23
Decentralized,5,0.39269908169872414,2,344,337,0
Decentralized,5,0.39269908169872414,3,344,364,23
Decentralized,5,0.39269908169872414,4,344,345,6
Decentralized,5,0.39269908169872414,0,345,355,13
Decentralized,5,0.39269908169872414,1,345,363,23
Decentralized,5,0.39269908169872414,2,345,338,0
Decentralized,5,0.39269908169872414,3,345,365,23
Decentralized,5,0.39269908169872414,4,345,346,6
Decentralized,5,0.39269908169872414,0,346,356,13
Decentralized,5,0.39269908169872414,1,346,364,23
Decentralized,5,0.39269908169872414,2,346,339,0
Decentralized,5,0.39269908169872414,3,346,366,23
Decentralized,5,0.39269908169872414,4,346,347,6
Decentralized,5,0.39269908169872414,0,347,357,13
Decentralized,5,0.39269908169872414,1,347,365,23
Decentralized,5,0.39269908169872414,2,347,340,0
Decentralized,5,0.39269908169872414,3,347,367,23
Decentralized,5,0.39269908169872414,4,347,348,6
Decentralized,5,0.39269908169872414,0,348,358,13
Decentralized,5,0.39269908169872414,1,348,366,23
Decentralized,5,0.39269908169872414,2,348,341,0
Decentralized,5,0.39269908169872414,3,348,368,23
Decentralized,5,0.39269908169872414,4,348,349,6
Decentralized,5,0.39269908169872414,0,349,359,13
Decentralized,5,0.39269908169872414,1,349,367,23
Decentralized,5,0.39269908169872414,2,349,342,0
Decentralized,5,0.39269908169872414,3,349,369,23
Decentralized,5,0.39269908169872414,4,349,350,6
Decentralized,5,0.39269908169872414,0,350,360,13
Decentralized,5,0.39269908169872414,1,350,368,23
Decentralized,5,0.39269908169872414,2,350,343,0
Decentralized,5,0.39269908169872414,3,350,370,23
Decentralized,5,0.39269908169872414,4,350,351,6
Decentralized,5,0.39269908169872414,0,351,361,13
Decentralized,5,0.39269908169872414,1,351,369,23
Decentralized,5,0.39269908169872414,2,351,344,0
Decentralized,5,0.39269908169872414,3,351,371,23
Decentralized,5,0.39269908169872414,4,351,352,6
Decentralized,5,0.39269908169872414,0,352,362,13
Decentralized,5,0.39269908169872414,1,352,370,23
Decentralized,5,0.39269908169872414,2,352,345,0
Decentralized,5,0.39269908169872414,3,352,372,23
Decentralized,5,0.39269908169872414,4,352,353,6
Decentralized,5,0.39269908169872414,0,353,363,13
Decentralized,5,0.39269908169872414,1,353,371,23
Decentralized,5,0.39269908169872414,2,353,346,0
Decentralized,5,0.39269908169872414,3,353,373,23
Decentralized,5,0.39269908169872414,4,353,354,6
Decentralized,5,0.39269908169872414,0,354,364,13
Decentralized,5,0.39269908169872414,1,354,372,23
Decentralized,5,0.39269908169872414,2,354,347,0
Decentralized,5,0.39269908169872414,3,354,374,23
Decentralized,5,0.39269908169872414,4,354,355,6
Decentralized,5,0.39269908169872414,0,355,365,13
Decentralized,5,0.39269908169872414,1,355,373,23
Decentralized,5,0.39269908169872414,2,355,348,0
Decentralized,5,0.39269908169872414,3,355,375,23
Decentralized,5,0.39269908169872414,4,355,356,6
Decentralized,5,0.39269908169872414,0,356,366,13
Decentralized,5,0.39269908169872414,1,356,374,23
Decentralized,5,0.39269908169872414,2,356,349,0
Decentralized,5,0.39269908169872414,3,356,376,23
Decentralized,5,0.39269908169872414,4,356,357,6
Decentralized,5,0.39269908169872414,0,357,367,13
Decentralized,5,0.39269908169872414,1,357,375,23
Decentralized,5,0.39269908169872414,2,357,350,0
Decentralized,5,0.39269908169872414,3,357,377,23
Decentralized,5,0.39269908169872414,4,357,358,6
Decentralized,5,0.39269908169872414,0,358,368,13
Decentralized,5,0.39269908169872414,1,358,376,23
Decentralized,5,0.39269908169872414,2,358,351,0
Decentralized,5,0.39269908169872414,3,358,378,23
Decentralized,5,0.39269908169872414,4,358,359,6
Decentralized,5,0.39269908169872414,0,359,369,13
Decentralized,5,0.39269908169872414,1,359,377,23
Decentralized,5,0.39269908169872414,2,359,352,0
Decentralized,5,0.39269908169872414,3,359,379,23
Decentralized,5,0.39269908169872414,4,359,360,6
Decentralized,5,0.39269908169872414,0,360,370,13
Decentralized,5,0.39269908169872414,1,360,378,23
Decentralized,5,0.39269908169872414,2,360,353,0
Decentralized,5,0.39269908169872414,3,360,380,23
Decentralized,5,0.39269908169872414,4,360,361,6
Decentralized,5,0.39269908169872414,0,361,371,13
Decentralized,5,0.39269908169872414,1,361,379,23
Decentralized,5,0.39269908169872414,2,361,354,0
Decentralized,5,0.39269908169872414,3,361,381,23
Decentralized,5,0.39269908169872414,4,361,362,6
Decentralized,5,0.39269908169872414,0,362,372,13
Decentralized,5,0.39269908169872414,1,362,380,23
Decentralized,5,0.39269908169872414,2,362,355,0
Decentralized,5,0.39269908169872414,3,362,382,23
Decentralized,5,0.39269908169872414,4,362,363,6
Decentralized,5,0.39269908169872414,0,363,373,13
Decentralized,5,0.39269908169872414,1,363,381,23
Decentralized,5,0.39269908169872414,2,363,356,0
Decentralized,5,0.39269908169872414,3,363,383,23
Decentralized,5,0.39269908169872414,4,363,364,6
Decentralized,5,0.39269908169872414,0,364,374,13
Decentralized,5,0.39269908169872414,1,364,382,23
Decentralized,5,0.39269908169872414,2,364,357,0
Decentralized,5,0.39269908169872414,3,364,384,23
Decentralized,5,0.39269908169872414,4,364,365,6
Decentralized,5,0.39269908169872414,0,365,375,13
Decentralized,5,0.39269908169872414,1,365,383,23
Decentralized,5,0.39269908169872414,2,365,358,0
Decentralized,5,0.39269908169872414,3,365,385,23
Decentralized,5,0.39269908169872414,4,365,366,6
Decentralized,5,0.39269908169872414,0,366,376,13
Decentralized,5,0.39269908169872414,1,366,384,23
Decentralized,5,0.39269908169872414,2,366,359,0
Decentralized,5,0.39269908169872414,3,366,386,23
Decentralized,5,0.39269908169872414,4,366,367,6
Decentralized,5,0.39269908169872414,0,367,377,13
Decentralized,5,0.39269908169872414,1,367,385,23
Decentralized,5,0.39269908169872414,2,367,360,0
Decentralized,5,0.39269908169872414,3,367,387,23
Decentralized,5,0.39269908169872414,4,367,368,6
Decentralized,5,0.39269908169872414,0,368,378,13
Decentralized,5,0.39269908169872414,1,368,386,23
Decentralized,5,0.39269908169872414,2,368,361,0
Decentralized,5,0.39269908169872414,3,368,388,23
Decentralized,5,0.39269908169872414,4,368,369,6
Decentralized,5,0.39269908169872414,0,369,379,13
Decentralized,5,0.39269908169872414,1,369,387,23
Decentralized,5,0.39269908169872414,2,369,362,0
Decentralized,5,0.39269908169872414,3,369,389,23
Decentralized,5,0.39269908169872414,4,369,370,6
Decentralized,5,0.39269908169872414,0,370,380,13
Decentralized,5,0.39269908169872414,1,370,388,23
Decentralized,5,0.39269908169872414,2,370,363,0
Decentralized,5,0.39269908169872414,3,370,390,23
Decentralized,5,0.39269908169872414,4,370,371,6
Decentralized,5,0.39269908169872414,0,371,381,13
Decentralized,5,0.39269908169872414,1,371,389,23
Decentralized,5,0.39269908169872414,2,371,364,0
Decentralized,5,0.39269908169872414,3,371,391,23
Decentralized,5,0.39269908169872414,4,371,372,6
Decentralized,5,0.39269908169872414,0,372,382,13
Decentralized,5,0.39269908169872414,1,372,390,23
Decentralized,5,0.39269908169872414,2,372,365,0
Decentralized,5,0.39269908169872414,3,372,392,23
Decentralized,5,0.39269908169872414,4,372,373,6
Decentralized,5,0.39269908169872414,0,373,383,13
Decentralized,5,0.39269908169872414,1,373,391,23
Decentralized,5,0.39269908169872414,2,373,366,0
Decentralized,5,0.39269908169872414,3,373,393,23
Decentralized,5,0.39269908169872414,4,373,374,6
Decentralized,5,0.39269908169872414,0,374,384,13
Decentralized,5,0.39269908169872414,1,374,392,23
Decentralized,5,0.39269908169872414,2,374,367,0
Decentralized,5,0.39269908169872414,3,374,394,23
Decentralized,5,0.39269908169872414,4,374,375,6
Decentralized,5,0.39269908169872414,0,375,385,13
Decentralized,5,0.39269908169872414,1,375,393,23
Decentralized,5,0.39269908169872414,2,375,368,0
Decentralized,5,0.39269908169872414,3,375,395,23
Decentralized,5,0.39269908169872414,4,375,376,6
Decentralized,5,0.39269908169872414,0,376,386,13
Decentralized,5,0.39269908169872414,1,376,394,23
Decentralized,5,0.39269908169872414,2,376,369,0
Decentralized,5,0.39269908169872414,3,376,396,23
Decentralized,5,0.39269908169872414,4,376,377,6
Decentralized,5,0.39269908169872414,0,377,387,13
Decentralized,5,0.39269908169872414,1,377,395,23
Decentralized,5,0.39269908169872414,2,377,370,0
Decentralized,5,0.39269908169872414,3,377,397,23
Decentralized,5,0.39269908169872414,4,377,378,6
Decentralized,5,0.39269908169872414,0,378,388,13
Decentralized,5,0.39269908169872414,1,378,396,23
Decentralized,5,0.39269908169872414,2,378,371,0
Decentralized,5,0.39269908169872414,3,378,398,23
Decentralized,5,0.39269908169872414,4,378,379,6
Decentralized,5,0.39269908169872414,0,379,389,13
Decentralized,5,0.39269908169872414,1,379,397,23
Decentralized,5,0.39269908169872414,2,379,372,0
Decentralized,5,0.39269908169872414,3,379,399,23
Decentralized,5,0.39269908169872414,4,379,380,6
Decentralized,5,0.39269908169872414,0,380,390,13
Decentralized,5,0.39269908169872414,1,380,398,23
Decentralized,5,0.39269908169872414,2,380,373,0
Decentralized,5,0.39269908169872414,3,380,400,23
Decentralized,5,0.39269908169872414,4,380,381,6
Decentralized,5,0.39269908169872414,0,381,391,13
Decentralized,5,0.39269908169872414,1,381,399,23
Decentralized,5,0.39269908169872414,2,381,374,0
Decentralized,5,0.39269908169872414,3,381,401,23
Decentralized,5,0.39269908169872414,4,381,382,6
Decentralized,5,0.39269908169872414,0,382,392,13
Decentralized,5,0.39269908169872414,1,382,400,23
Decentralized,5,0.39269908169872414,2,382,375,0
Decentralized,5,0.39269908169872414,3,382,402,23
Decentralized,5,0.39269908169872414,4,382,383,6
Decentralized,5,0.39269908169872414,0,383,393,13
Decentralized,5,0.39269908169872414,1,383,401,23
Decentralized,5,0.39269908169872414,2,383,376,0
Decentralized,5,0.39269908169872414,3,383,403,23
Decentralized,5,0.39269908169872414,4,383,384,6
Decentralized,5,0.39269908169872414,0,384,394,13
Decentralized,5,0.39269908169872414,1,384,402,23
Decentralized,5,0.39269908169872414,2,384,377,0
Decentralized,5,0.39269908169872414,3,384,404,23
Decentralized,5,0.39269908169872414,4,384,385,6
Decentralized,5,0.39269908169872414,0,385,395,13
Decentralized,5,0.39269908169872414,1,385,403,23
Decentralized,5,0.39269908169872414,2,385,378,0
Decentralized,5,0.39269908169872414,3,385,405,23
Decentralized,5,0.39269908169872414,4,385,386,6
Decentralized,5,0.39269908169872414,0,386,396,13
Decentralized,5,0.39269908169872414,1,386,404,23
Decentralized,5,0.39269908169872414,2,386,379,0
Decentralized,5,0.39269908169872414,3,386,406,23
Decentralized,5,0.39269908169872414,4,386,387,6
Decentralized,5,0.39269908169872414,0,387,397,13
Decentralized,5,0.39269908169872414,1,387,405,23
Decentralized,5,0.39269908169872414,2,387,380,0
Decentralized,5,0.39269908169872414,3,387,407,23
Decentralized,5,0.39269908169872414,4,387,388,6
Decentralized,5,0.39269908169872414,0,388,398,13
Decentralized,5,0.39269908169872414,1,388,406,23
Decentralized,5,0.39269908169872414,2,388,381,0
Decentralized,5,0.39269908169872414,3,388,408,23
Decentralized,5,0.39269908169872414,4,388,389,6
Decentralized,5,0.39269908169872414,0,389,399,13
Decentralized,5,0.39269908169872414,1,389,407,23
Decentralized,5,0.39269908169872414,2,389,382,0
Decentralized,5,0.39269908169872414,3,389,409,23
Decentralized,5,0.39269908169872414,4,389,390,6
Decentralized,5,0.39269908169872414,0,390,400,13
Decentralized,5,0.39269908169872414,1,390,408,23
Decentralized,5,0.39269908169872414,2,390,383,0
Decentralized,5,0.39269908169872414,3,390,410,23
Decentralized,5,0.39269908169872414,4,390,391,6
Decentralized,5,0.39269908169872414,0,391,401,13
Decentralized,5,0.39269908169872414,1,391,409,23
Decentralized,5,0.39269908169872414,2,391,384,0
Decentralized,5,0.39269908169872414,3,391,411,23
Decentralized,5,0.39269908169872414,4,391,392,6
Decentralized,5,0.39269908169872414,0,392,402,13
Decentralized,5,0.39269908169872414,1,392,410,23
Decentralized,5,0.39269908169872414,2,392,385,0
Decentralized,5,0.39269908169872414,3,392,412,23
Decentralized,5,0.39269908169872414,4,392,393,6
Decentralized,5,0.39269908169872414,0,393,403,13
Decentralized,5,0.39269908169872414,1,393,411,23
Decentralized,5,0.39269908169872414,2,393,386,0
Decentralized,5,0.39269908169872414,3,393,413,23
Decentralized,5,0.39269908169872414,4,393,394,6
Decentralized,5,0.39269908169872414,0,394,404,13
Decentralized,5,0.39269908169872414,1,394,412,23
Decentralized,5,0.39269908169872414,2,394,387,0
Decentralized,5,0.39269908169872414,3,394,414,23
Decentralized,5,0.39269908169872414,4,394,395,6
Decentralized,5,0.39269908169872414,0,395,405,13
Decentralized,5,0.39269908169872414,1,395,413,23
Decentralized,5,0.39269908169872414,2,395,388,0
Decentralized,5,0.39269908169872414,3,395,415,23
Decentralized,5,0.39269908169872414,4,395,396,6
Decentralized,5,0.39269908169872414,0,396,406,13
Decentralized,5,0.39269908169872414,1,396,414,23
Decentralized,5,0.39269908169872414,2,396,389,0
Decentralized,5,0.39269908169872414,3,396,416,23
Decentralized,5,0.39269908169872414,4,396,397,6
Decentralized,5,0.39269908169872414,0,397,407,13
Decentralized,5,0.39269908169872414,1,397,415,23
Decentralized,5,0.39269908169872414,2,397,390,0
Decentralized,5,0.39269908169872414,3,397,417,23
Decentralized,5,0.39269908169872414,4,397,398,6
Decentralized,5,0.39269908169872414,0,398,408,13
Decentralized,5,0.39269908169872414,1,398,416,23
Decentralized,5,0.39269908169872414,2,398,391,0
Decentralized,5,0.39269908169872414,3,398,418,23
Decentralized,5,0.39269908169872414,4,398,399,6
Decentralized,5,0.39269908169872414,0,399,409,13
Decentralized,5,0.39269908169872414,1,399,417,23
Decentralized,5,0.39269908169872414,2,399,392,0
Decentralized,5,0.39269908169872414,3,399,419,23
Decentralized,5,0.39269908169872414,4,399,400,6
Decentralized,5,0.39269908169872414,0,400,410,13
Decentralized,5,0.39269908169872414,1,400,418,23
Decentralized,5,0.39269908169872414,2,400,393,0
Decentralized,5,0.39269908169872414,3,400,420,23
Decentralized,5,0.39269908169872414,4,400,401,6
Decentralized,5,0.39269908169872414,0,401,411,13
Decentralized,5,0.39269908169872414,1,401,419,23
Decentralized,5,0.39269908169872414,2,401,394,0
Decentralized,5,0.39269908169872414,3,401,421,23
Decentralized,5,0.39269908169872414,4,401,402,6
Decentralized,5,0.39269908169872414,0,402,412,13
Decentralized,5,0.39269908169872414,1,402,420,23
Decentralized,5,0.39269908169872414,2,402,395,0
Decentralized,5,0.39269908169872414,3,402,422,23
Decentralized,5,0.39269908169872414,4,402,403,6
Decentralized,5,0.39269908169872414,0,403,413,13
Decentralized,5,0.39269908169872414,1,403,421,23
Decentralized,5,0.39269908169872414,2,403,396,0
Decentralized,5,0.39269908169872414,3,403,423,23
Decentralized,5,0.39269908169872414,4,403,404,6
Decentralized,5,0.39269908169872414,0,404,414,13
Decentralized,5,0.39269908169872414,1,404,422,23
Decentralized,5,0.39269908169872414,2,404,397,0
Decentralized,5,0.39269908169872414,3,404,424,23
Decentralized,5,0.39269908169872414,4,404,405,6
Decentralized,5,0.39269908169872414,0,405,415,13
Decentralized,5,0.39269908169872414,1,405,423,23
Decentralized,5,0.39269908169872414,2,405,398,0
Decentralized,5,0.39269908169872414,3,405,425,23
Decentralized,5,0.39269908169872414,4,405,406,6
Decentralized,5,0.39269908169872414,0,406,416,13
Decentralized,5,0.39269908169872414,1,406,424,23
Decentralized,5,0.39269908169872414,2,406,399,0
Decentralized,5,0.39269908169872414,3,406,426,23
Decentralized,5,0.39269908169872414,4,406,407,6
Decentralized,5,0.39269908169872414,0,407,417,13
Decentralized,5,0.39269908169872414,1,407,425,23
Decentralized,5,0.39269908169872414,2,407,400,0
Decentralized,5,0.39269908169872414,3,407,427,23
Decentralized,5,0.39269908169872414,4,407,408,6
Decentralized,5,0.39269908169872414,0,408,418,13
Decentralized,5,0.39269908169872414,1,408,426,23
Decentralized,5,0.39269908169872414,2,408,401,0
Decentralized,5,0.39269908169872414,3,408,428,23
Decentralized,5,0.39269908169872414,4,408,409,6
Decentralized,5,0.39269908169872414,0,409,419,13
Decentralized,5,0.39269908169872414,1,409,427,23
Decentralized,5,0.39269908169872414,2,409,402,0
Decentralized,5,0.39269908169872414,3,409,429,23
Decentralized,5,0.39269908169872414,4,409,410,6
Decentralized,5,0.39269908169872414,0,410,420,13
Decentralized,5,0.39269908169872414,1,410,428,23
Decentralized,5,0.39269908169872414,2,410,403,0
Decentralized,5,0.39269908169872414,3,410,430,23
Decentralized,5,0.39269908169872414,4,410,411,6
Decentralized,5,0.39269908169872414,0,411,421,13
Decentralized,5,0.39269908169872414,1,411,429,23
Decentralized,5,0.39269908169872414,2,411,404,0
Decentralized,5,0.39269908169872414,3,411,431,23
Decentralized,5,0.39269908169872414,4,411,412,6
Decentralized,5,0.39269908169872414,0,412,422,13
Decentralized,5,0.39269908169872414,1,412,430,23
Decentralized,5,0.39269908169872414,2,412,405,0
Decentralized,5,0.39269908169872414,3,412,432,23
Decentralized,5,0.39269908169872414,4,412,413,6
Decentralized,5,0.39269908169872414,0,413,423,13
Decentralized,5,0.39269908169872414,1,413,431,23
Decentralized,5,0.39269908169872414,2,413,406,0
Decentralized,5,0.39269908169872414,3,413,433,23
Decentralized,5,0.39269908169872414,4,413,414,6
Decentralized,5,0.39269908169872414,0,414,424,13
Decentralized,5,0.39269908169872414,1,414,432,23
Decentralized,5,0.39269908169872414,2,414,407,0
Decentralized,5,0.39269908169872414,3,414,434,23
Decentralized,5,0.39269908169872414,4,414,415,6
Decentralized,5,0.39269908169872414,0,415,425,13
Decentralized,5,0.39269908169872414,1,415,433,23
Decentralized,5,0.39269908169872414,2,415,408,0
Decentralized,5,0.39269908169872414,3,415,435,23
Decentralized,5,0.39269908169872414,4,415,416,6
Decentralized,5,0.39269908169872414,0,416,426,13
Decentralized,5,0.39269908169872414,1,416,434,23
Decentralized,5,0.39269908169872414,2,416,409,0
Decentralized,5,0.39269908169872414,3,416,436,23
Decentralized,5,0.39269908169872414,4,416,417,6
Decentralized,5,0.39269908169872414,0,417,427,13
Decentralized,5,0.39269908169872414,1,417,435,23
Decentralized,5,0.39269908169872414,2,417,410,0
Decentralized,5,0.39269908169872414,3,417,437,23
Decentralized,5,0.39269908169872414,4,417,418,6
Decentralized,5,0.39269908169872414,0,418,428,13
Decentralized,5,0.39269908169872414,1,418,436,23
Decentralized,5,0.39269908169872414,2,418,411,0
Decentralized,5,0.39269908169872414,3,418,438,23
Decentralized,5,0.39269908169872414,4,418,419,6
Decentralized,5,0.39269908169872414,0,419,429,13
Decentralized,5,0.39269908169872414,1,419,437,23
Decentralized,5,0.39269908169872414,2,419,412,0
Decentralized,5,0.39269908169872414,3,419,439,23
Decentralized,5,0.39269908169872414,4,419,420,6
Decentralized,5,0.39269908169872414,0,420,430,13
Decentralized,5,0.39269908169872414,1,420,438,23
Decentralized,5,0.39269908169872414,2,420,413,0
Decentralized,5,0.39269908169872414,3,420,440,23
Decentralized,5,0.39269908169872414,4,420,421,6
Decentralized,5,0.39269908169872414,0,421,431,13
Decentralized,5,0.39269908169872414,1,421,439,23
Decentralized,5,0.39269908169872414,2,421,414,0
Decentralized,5,0.39269908169872414,3,421,441,23
Decentralized,5,0.39269908169872414,4,421,422,6
Decentralized,5,0.39269908169872414,0,422,432,13
Decentralized,5,0.39269908169872414,1,422,440,23
Decentralized,5,0.39269908169872414,2,422,415,0
Decentralized,5,0.39269908169872414,3,422,442,23
Decentralized,5,0.39269908169872414,4,422,423,6
Decentralized,5,0.39269908169872414,0,423,433,13
Decentralized,5,0.39269908169872414,1,423,441,23
Decentralized,5,0.39269908169872414,2,423,416,0
Decentralized,5,0.39269908169872414,3,423,443,23
Decentralized,5,0.39269908169872414,4,423,424,6
Decentralized,5,0.39269908169872414,0,424,434,13
Decentralized,5,0.39269908169872414,1,424,442,23
Decentralized,5,0.39269908169872414,2,424,417,0
Decentralized,5,0.39269908169872414,3,424,444,23
Decentralized,5,0.39269908169872414,4,424,425,6
Decentralized,5,0.39269908169872414,0,425,435,13
Decentralized,5,0.39269908169872414,1,425,443,23
Decentralized,5,0.39269908169872414,2,425,418,0
Decentralized,5,0.39269908169872414,3,425,445,23
Decentralized,5,0.39269908169872414,4,425,426,6
Decentralized,5,0.39269908169872414,0,426,436,13
Decentralized,5,0.39269908169872414,1,426,444,23
Decentralized,5,0.39269908169872414,2,426,419,0
Decentralized,5,0.39269908169872414,3,426,446,23
Decentralized,5,0.39269908169872414,4,426,427,6
Decentralized,5,0.39269908169872414,0,427,437,13
Decentralized,5,0.39269908169872414,1,427,445,23
Decentralized,5,0.39269908169872414,2,427,420,0
Decentralized,5,0.39269908169872414,3,427,447,23
Decentralized,5,0.39269908169872414,4,427,428,6
Decentralized,5,0.39269908169872414,0,428,438,13
Decentralized,5,0.39269908169872414,1,428,446,23
Decentralized,5,0.39269908169872414,2,428,421,0
Decentralized,5,0.39269908169872414,3,428,448,23
Decentralized,5,0.39269908169872414,4,428,429,6
Decentralized,5,0.39269908169872414,0,429,439,13
Decentralized,5,0.39269908169872414,1,429,447,23
Decentralized,5,0.39269908169872414,2,429,422,0
Decentralized,5,0.39269908169872414,3,429,449,23
Decentralized,5,0.39269908169872414,4,429,430,6
Decentralized,5,0.39269908169872414,0,430,440,13
Decentralized,5,0.39269908169872414,1,430,448,23
Decentralized,5,0.39269908169872414,2,430,423,0
Decentralized,5,0.39269908169872414,3,430,450,23
Decentralized,5,0.39269908169872414,4,430,431,6
Decentralized,5,0.39269908169872414,0,431,441,13
Decentralized,5,0.39269908169872414,1,431,449,23
Decentralized,5,0.39269908169872414,2,431,424,0
Decentralized,5,0.39269908169872414,3,431,451,23
Decentralized,5,0.39269908169872414,4,431,432,6
Decentralized,5,0.39269908169872414,0,432,442,13
Decentralized,5,0.39269908169872414,1,432,450,23
Decentralized,5,0.39269908169872414,2,432,425,0
Decentralized,5,0.39269908169872414,3,432,452,23
Decentralized,5,0.39269908169872414,4,432,433,6
Decentralized,5,0.39269908169872414,0,433,443,13
Decentralized,5,0.39269908169872414,1,433,451,23
Decentralized,5,0.39269908169872414,2,433,426,0
Decentralized,5,0.39269908169872414,3,433,453,23
Decentralized,5,0.39269908169872414,4,433,434,6
Decentralized,5,0.39269908169872414,0,434,444,13
Decentralized,5,0.39269908169872414,1,434,452,23
Decentralized,5,0.39269908169872414,2,434,427,0
Decentralized,5,0.39269908169872414,3,434,454,23
Decentralized,5,0.39269908169872414,4,434,435,6
Decentralized,5,0.39269908169872414,0,435,445,13
Decentralized,5,0.39269908169872414,1,435,453,23
Decentralized,5,0.39269908169872414,2,435,428,0
Decentralized,5,0.39269908169872414,3,435,455,23
Decentralized,5,0.39269908169872414,4,435,436,6
Decentralized,5,0.39269908169872414,0,436,446,13
Decentralized,5,0.39269908169872414,1,436,454,23
Decentralized,5,0.39269908169872414,2,436,429,0
Decentralized,5,0.39269908169872414,3,436,456,23
Decentralized,5,0.39269908169872414,4,436,437,6
Decentralized,5,0.39269908169872414,0,437,447,13
Decentralized,5,0.39269908169872414,1,437,455,23
Decentralized,5,0.39269908169872414,2,437,430,0
Decentralized,5,0.39269908169872414,3,437,457,23
Decentralized,5,0.39269908169872414,4,437,438,6
Decentralized,5,0.39269908169872414,0,438,448,13
Decentralized,5,0.39269908169872414,1,438,456,23
Decentralized,5,0.39269908169872414,2,438,431,0
Decentralized,5,0.39269908169872414,3,438,458,23
Decentralized,5,0.39269908169872414,4,438,439,6
Decentralized,5,0.39269908169872414,0,439,449,13
Decentralized,5,0.39269908169872414,1,439,457,23
Decentralized,5,0.39269908169872414,2,439,432,0
Decentralized,5,0.39269908169872414,3,439,459,23
Decentralized,5,0.39269908169872414,4,439,440,6
Decentralized,5,0.39269908169872414,0,440,450,13
Decentralized,5,0.39269908169872414,1,440,458,23
Decentralized,5,0.39269908169872414,2,440,433,0
Decentralized,5,0.39269908169872414,3,440,460,23
Decentralized,5,0.39269908169872414,4,440,441,6
Decentralized,5,0.39269908169872414,0,441,451,13
Decentralized,5,0.39269908169872414,1,441,459,23
Decentralized,5,0.39269908169872414,2,441,434,0
Decentralized,5,0.39269908169872414,3,441,461,23
Decentralized,5,0.39269908169872414,4,441,442,6
Decentralized,5,0.39269908169872414,0,442,452,13
Decentralized,5,0.39269908169872414,1,442,460,23
Decentralized,5,0.39269908169872414,2,442,435,0
Decentralized,5,0.39269908169872414,3,442,462,23
Decentralized,5,0.39269908169872414,4,442,443,6
Decentralized,5,0.39269908169872414,0,443,453,13
Decentralized,5,0.39269908169872414,1,443,461,23
Decentralized,5,0.39269908169872414,2,443,436,0
Decentralized,5,0.39269908169872414,3,443,463,23
Decentralized,5,0.39269908169872414,4,443,444,6
Decentralized,5,0.39269908169872414,0,444,454,13
Decentralized,5,0.39269908169872414,1,444,462,23
Decentralized,5,0.39269908169872414,2,444,437,0
Decentralized,5,0.39269908169872414,3,444,464,23
Decentralized,5,0.39269908169872414,4,444,445,6
Decentralized,5,0.39269908169872414,0,445,455,13
Decentralized,5,0.39269908169872414,1,445,463,23
Decentralized,5,0.39269908169872414,2,445,438,0
Decentralized,5,0.39269908169872414,3,445,465,23
Decentralized,5,0.39269908169872414,4,445,446,6
Decentralized,5,0.39269908169872414,0,446,456,13
Decentralized,5,0.39269908169872414,1,446,464,23
Decentralized,5,0.39269908169872414,2,446,439,0
Decentralized,5,0.39269908169872414,3,446,466,23
Decentralized,5,0.39269908169872414,4,446,447,6
Decentralized,5,0.39269908169872414,0,447,457,13
Decentralized,5,0.39269908169872414,1,447,465,23
Decentralized,5,0.39269908169872414,2,447,440,0
Decentralized,5,0.39269908169872414,3,447,467,23
Decentralized,5,0.39269908169872414,4,447,448,6
Decentralized,5,0.39269908169872414,0,448,458,13
Decentralized,5,0.39269908169872414,1,448,466,23
Decentralized,5,0.39269908169872414,2,448,441,0
Decentralized,5,0.39269908169872414,3,448,468,23
Decentralized,5,0.39269908169872414,4,448,449,6
Decentralized,5,0.39269908169872414,0,449,459,13
Decentralized,5,0.39269908169872414,1,449,467,23
Decentralized,5,0.39269908169872414,2,449,442,0
Decentralized,5,0.39269908169872414,3,449,469,23
Decentralized,5,0.39269908169872414,4,449,450,6
Decentralized,5,0.39269908169872414,0,450,460,13
Decentralized,5,0.39269908169872414,1,450,468,23
Decentralized,5,0.39269908169872414,2,450,443,0
Decentralized,5,0.39269908169872414,3,450,470,23
Decentralized,5,0.39269908169872414,4,450,451,6
Decentralized,5,0.39269908169872414,0,451,461,13
Decentralized,5,0.39269908169872414,1,451,469,23
Decentralized,5,0.39269908169872414,2,451,444,0
Decentralized,5,0.39269908169872414,3,451,471,23
Decentralized,5,0.39269908169872414,4,451,452,6
Decentralized,5,0.39269908169872414,0,452,462,13
Decentralized,5,0.39269908169872414,1,452,470,23
Decentralized,5,0.39269908169872414,2,452,445,0
Decentralized,5,0.39269908169872414,3,452,472,23
Decentralized,5,0.39269908169872414,4,452,453,6
Decentralized,5,0.39269908169872414,0,453,463,13
Decentralized,5,0.39269908169872414,1,453,471,23
Decentralized,5,0.39269908169872414,2,453,446,0
Decentralized,5,0.39269908169872414,3,453,473,23
Decentralized,5,0.39269908169872414,4,453,454,6
Decentralized,5,0.39269908169872414,0,454,464,13
Decentralized,5,0.39269908169872414,1,454,472,23
Decentralized,5,0.39269908169872414,2,454,447,0
Decentralized,5,0.39269908169872414,3,454,474,23
Decentralized,5,0.39269908169872414,4,454,455,6
Decentralized,5,0.39269908169872414,0,455,465,13
Decentralized,5,0.39269908169872414,1,455,473,23
Decentralized,5,0.39269908169872414,2,455,448,0
Decentralized,5,0.39269908169872414,3,455,475,23
Decentralized,5,0.39269908169872414,4,455,456,6
Decentralized,5,0.39269908169872414,0,456,466,13
Decentralized,5,0.39269908169872414,1,456,474,23
Decentralized,5,0.39269908169872414,2,456,449,0
Decentralized,5,0.39269908169872414,3,456,476,23
Decentralized,5,0.39269908169872414,4,456,457,6
Decentralized,5,0.39269908169872414,0,457,467,13
Decentralized,5,0.39269908169872414,1,457,475,23
Decentralized,5,0.39269908169872414,2,457,450,0
Decentralized,5,0.39269908169872414,3,457,477,23
Decentralized,5,0.39269908169872414,4,457,458,6
Decentralized,5,0.39269908169872414,0,458,468,13
Decentralized,5,0.39269908169872414,1,458,476,23
Decentralized,5,0.39269908169872414,2,458,451,0
Decentralized,5,0.39269908169872414,3,458,478,23
Decentralized,5,0.39269908169872414,4,458,459,6
Decentralized,5,0.39269908169872414,0,459,469,13
Decentralized,5,0.39269908169872414,1,459,477,23
Decentralized,5,0.39269908169872414,2,459,452,0
Decentralized,5,0.39269908169872414,3,459,479,23
Decentralized,5,0.39269908169872414,4,459,460,6
Decentralized,5,0.39269908169872414,0,460,470,13
Decentralized,5,0.39269908169872414,1,460,478,23
Decentralized,5,0.39269908169872414,2,460,453,0
Decentralized,5,0.39269908169872414,3,460,480,23
Decentralized,5,0.39269908169872414,4,460,461,6
Decentralized,5,0.39269908169872414,0,461,471,13
Decentralized,5,0.39269908169872414,1,461,479,23
Decentralized,5,0.39269908169872414,2,461,454,0
Decentralized,5,0.39269908169872414,3,461,481,23
Decentralized,5,0.39269908169872414,4,461,462,6
Decentralized,5,0.39269908169872414,0,462,472,13
Decentralized,5,0.39269908169872414,1,462,480,23
Decentralized,5,0.39269908169872414,2,462,455,0
Decentralized,5,0.39269908169872414,3,462,482,23
Decentralized,5,0.39269908169872414,4,462,463,6
Decentralized,5,0.39269908169872414,0,463,473,13
Decentralized,5,0.39269908169872414,1,463,481,23
Decentralized,5,0.39269908169872414,2,463,456,0
Decentralized,5,0.39269908169872414,3,463,483,23
Decentralized,5,0.39269908169872414,4,463,464,6
Decentralized,5,0.39269908169872414,0,464,474,13
Decentralized,5,0.39269908169872414,1,464,482,23
Decentralized,5,0.39269908169872414,2,464,457,0
Decentralized,5,0.39269908169872414,3,464,484,23
Decentralized,5,0.39269908169872414,4,464,465,6
Decentralized,5,0.39269908169872414,0,465,475,13
Decentralized,5,0.39269908169872414,1,465,483,23
Decentralized,5,0.39269908169872414,2,465,458,0
Decentralized,5,0.39269908169872414,3,465,485,23
Decentralized,5,0.39269908169872414,4,465,466,6
Decentralized,5,0.39269908169872414,0,466,476,13
Decentralized,5,0.39269908169872414,1,466,484,23
Decentralized,5,0.39269908169872414,2,466,459,0
Decentralized,5,0.39269908169872414,3,466,486,23
Decentralized,5,0.39269908169872414,4,466,467,6
Decentralized,5,0.39269908169872414,0,467,477,13
Decentralized,5,0.39269908169872414,1,467,485,23
Decentralized,5,0.39269908169872414,2,467,460,0
Decentralized,5,0.39269908169872414,3,467,487,23
Decentralized,5,0.39269908169872414,4,467,468,6
Decentralized,5,0.39269908169872414,0,468,478,13
Decentralized,5,0.39269908169872414,1,468,486,23
Decentralized,5,0.39269908169872414,2,468,461,0
Decentralized,5,0.39269908169872414,3,468,488,23
Decentralized,5,0.39269908169872414,4,468,469,6
Decentralized,5,0.39269908169872414,0,469,479,13
Decentralized,5,0.39269908169872414,1,469,487,23
Decentralized,5,0.39269908169872414,2,469,462,0
Decentralized,5,0.39269908169872414,3,469,489,23
Decentralized,5,0.39269908169872414,4,469,470,6
Decentralized,5,0.39269908169872414,0,470,480,13
Decentralized,5,0.39269908169872414,1,470,488,23
Decentralized,5,0.39269908169872414,2,470,463,0
Decentralized,5,0.39269908169872414,3,470,490,23
Decentralized,5,0.39269908169872414,4,470,471,6
Decentralized,5,0.39269908169872414,0,471,481,13
Decentralized,5,0.39269908169872414,1,471,489,23
Decentralized,5,0.39269908169872414,2,471,464,0
Decentralized,5,0.39269908169872414,3,471,491,23
Decentralized,5,0.39269908169872414,4,471,472,6
Decentralized,5,0.39269908169872414,0,472,482,13
Decentralized,5,0.39269908169872414,1,472,490,23
Decentralized,5,0.39269908169872414,2,472,465,0
Decentralized,5,0.39269908169872414,3,472,492,23
Decentralized,5,0.39269908169872414,4,472,473,6
Decentralized,5,0.39269908169872414,0,473,483,13
Decentralized,5,0.39269908169872414,1,473,491,23
Decentralized,5,0.39269908169872414,2,473,466,0
Decentralized,5,0.39269908169872414,3,473,493,23
Decentralized,5,0.39269908169872414,4,473,474,6
Decentralized,5,0.39269908169872414,0,474,484,13
Decentralized,5,0.39269908169872414,1,474,492,23
Decentralized,5,0.39269908169872414,2,474,467,0
Decentralized,5,0.39269908169872414,3,474,494,23
Decentralized,5,0.39269908169872414,4,474,475,6
Decentralized,5,0.39269908169872414,0,475,485,13
Decentralized,5,0.39269908169872414,1,475,493,23
Decentralized,5,0.39269908169872414,2,475,468,0
Decentralized,5,0.39269908169872414,3,475,495,23
Decentralized,5,0.39269908169872414,4,475,476,6
Decentralized,5,0.39269908169872414,0,476,486,13
Decentralized,5,0.39269908169872414,1,476,494,23
Decentralized,5,0.39269908169872414,2,476,469,0
Decentralized,5,0.39269908169872414,3,476,496,23
Decentralized,5,0.39269908169872414,4,476,477,6
Decentralized,5,0.39269908169872414,0,477,487,13
Decentralized,5,0.39269908169872414,1,477,495,23
Decentralized,5,0.39269908169872414,2,477,470,0
Decentralized,5,0.39269908169872414,3,477,497,23
Decentralized,5,0.39269908169872414,4,477,478,6
Decentralized,5,0.39269908169872414,0,478,488,13
Decentralized,5,0.39269908169872414,1,478,496,23
Decentralized,5,0.39269908169872414,2,478,471,0
Decentralized,5,0.39269908169872414,3,478,498,23
Decentralized,5,0.39269908169872414,4,478,479,6
Decentralized,5,0.39269908169872414,0,479,489,13
Decentralized,5,0.39269908169872414,1,479,497,23
Decentralized,5,0.39269908169872414,2,479,472,0
Decentralized,5,0.39269908169872414,3,479,499,23
Decentralized,5,0.39269908169872414,4,479,480,6
Decentralized,5,0.39269908169872414,0,480,490,13
Decentralized,5,0.39269908169872414,1,480,498,23
Decentralized,5,0.39269908169872414,2,480,473,0
Decentralized,5,0.39269908169872414,3,480,500,23
Decentralized,5,0.39269908169872414,4,480,481,6
Decentralized,5,0.39269908169872414,0,481,491,13
Decentralized,5,0.39269908169872414,1,481,499,23
Decentralized,5,0.39269908169872414,2,481,474,0
Decentralized,5,0.39269908169872414,3,481,501,23
Decentralized,5,0.39269908169872414,4,481,482,6
Decentralized,5,0.39269908169872414,0,482,492,13
Decentralized,5,0.39269908169872414,1,482,500,23
Decentralized,5,0.39269908169872414,2,482,475,0
Decentralized,5,0.39269908169872414,3,482,502,23
Decentralized,5,0.39269908169872414,4,482,483,6
Decentralized,5,0.39269908169872414,0,483,493,13
Decentralized,5,0.39269908169872414,1,483,501,23
Decentralized,5,0.39269908169872414,2,483,476,0
Decentralized,5,0.39269908169872414,3,483,503,23
Decentralized,5,0.39269908169872414,4,483,484,6
Decentralized,5,0.39269908169872414,0,484,494,13
Decentralized,5,0.39269908169872414,1,484,502,23
Decentralized,5,0.39269908169872414,2,484,477,0
Decentralized,5,0.39269908169872414,3,484,504,23
Decentralized,5,0.39269908169872414,4,484,485,6
Decentralized,5,0.39269908169872414,0,485,495,13
Decentralized,5,0.39269908169872414,1,485,503,23
Decentralized,5,0.39269908169872414,2,485,478,0
Decentralized,5,0.39269908169872414,3,485,505,23
Decentralized,5,0.39269908169872414,4,485,486,6
Decentralized,5,0.39269908169872414,0,486,496,13
Decentralized,5,0.39269908169872414,1,486,504,23
Decentralized,5,0.39269908169872414,2,486,479,0
Decentralized,5,0.39269908169872414,3,486,506,23
Decentralized,5,0.39269908169872414,4,486,487,6
Decentralized,5,0.39269908169872414,0,487,497,13
Decentralized,5,0.39269908169872414,1,487,505,23
Decentralized,5,0.39269908169872414,2,487,480,0
Decentralized,5,0.39269908169872414,3,487,507,23
Decentralized,5,0.39269908169872414,4,487,488,6
Decentralized,5,0.39269908169872414,0,488,498,13
Decentralized,5,0.39269908169872414,1,488,506,23
Decentralized,5,0.39269908169872414,2,488,481,0
Decentralized,5,0.39269908169872414,3,488,508,23
Decentralized,5,0.39269908169872414,4,488,489,6
Decentralized,5,0.39269908169872414,0,489,499,13
Decentralized,5,0.39269908169872414,1,489,507,23
Decentralized,5,0.39269908169872414,2,489,482,0
Decentralized,5,0.39269908169872414,3,489,509,23
Decentralized,5,0.39269908169872414,4,489,490,6
Decentralized,5,0.39269908169872414,0,490,500,13
Decentralized,5,0.39269908169872414,1,490,508,23
Decentralized,5,0.39269908169872414,2,490,483,0
Decentralized,5,0.39269908169872414,3,490,510,23
Decentralized,5,0.39269908169872414,4,490,491,6
Decentralized,5,0.39269908169872414,0,491,501,13
Decentralized,5,0.39269908169872414,1,491,509,23
Decentralized,5,0.39269908169872414,2,491,484,0
Decentralized,5,0.39269908169872414,3,491,511,23
Decentralized,5,0.39269908169872414,4,491,492,6
Decentralized,5,0.39269908169872414,0,492,502,13
Decentralized,5,0.39269908169872414,1,492,510,23
Decentralized,5,0.39269908169872414,2,492,485,0
Decentralized,5,0.39269908169872414,3,492,512,23
Decentralized,5,0.39269908169872414,4,492,493,6
Decentralized,5,0.39269908169872414,0,493,503,13
Decentralized,5,0.39269908169872414,1,493,511,23
Decentralized,5,0.39269908169872414,2,493,486,0
Decentralized,5,0.39269908169872414,3,493,513,23
Decentralized,5,0.39269908169872414,4,493,494,6
Decentralized,5,0.39269908169872414,0,494,504,13
Decentralized,5,0.39269908169872414,1,494,512,23
Decentralized,5,0.39269908169872414,2,494,487,0
Decentralized,5,0.39269908169872414,3,494,514,23
Decentralized,5,0.39269908169872414,4,494,495,6
Decentralized,5,0.39269908169872414,0,495,505,13
Decentralized,5,0.39269908169872414,1,495,513,23
Decentralized,5,0.39269908169872414,2,495,488,0
Decentralized,5,0.39269908169872414,3,495,515,23
Decentralized,5,0.39269908169872414,4,495,496,6
Decentralized,5,0.39269908169872414,0,496,506,13
Decentralized,5,0.39269908169872414,1,496,514,23
Decentralized,5,0.39269908169872414,2,496,489,0
Decentralized,5,0.39269908169872414,3,496,516,23
Decentralized,5,0.39269908169872414,4,496,497,6
Decentralized,5,0.39269908169872414,0,497,507,13
Decentralized,5,0.39269908169872414,1,497,515,23
Decentralized,5,0.39269908169872414,2,497,490,0
Decentralized,5,0.39269908169872414,3,497,517,23
Decentralized,5,0.39269908169872414,4,497,498,6
Decentralized,5,0.39269908169872414,0,498,508,13
Decentralized,5,0.39269908169872414,1,498,516,23
Decentralized,5,0.39269908169872414,2,498,491,0
Decentralized,5,0.39269908169872414,3,498,518,23
Decentralized,5,0.39269908169872414,4,498,499,6
Decentralized,5,0.39269908169872414,0,499,509,13
Decentralized,5,0.39269908169872414,1,499,517,23
Decentralized,5,0.39269908169872414,2,499,492,0
Decentralized,5,0.39269908169872414,3,499,519,23
Decentralized,5,0.39269908169872414,4,499,500,6
Decentralized,5,0.39269908169872414,0,500,510,13
Decentralized,5,0.39269908169872414,1,500,518,23
Decentralized,5,0.39269908169872414,2,500,493,0
Decentralized,5,0.39269908169872414,3,500,520,23
Decentralized,5,0.39269908169872414,4,500,501,6
Decentralized,5,0.39269908169872414,0,501,511,13
Decentralized,5,0.39269908169872414,1,501,519,23
Decentralized,5,0.39269908169872414,2,501,494,0
Decentralized,5,0.39269908169872414,3,501,521,23
Decentralized,5,0.39269908169872414,4,501,502,6
Decentralized,5,0.39269908169872414,0,502,512,13
Decentralized,5,0.39269908169872414,1,502,520,23
Decentralized,5,0.39269908169872414,2,502,495,0
Decentralized,5,0.39269908169872414,3,502,522,23
Decentralized,5,0.39269908169872414,4,502,503,6
Decentralized,5,0.39269908169872414,0,503,513,13
Decentralized,5,0.39269908169872414,1,503,521,23
Decentralized,5,0.39269908169872414,2,503,496,0
Decentralized,5,0.39269908169872414,3,503,523,23
Decentralized,5,0.39269908169872414,4,503,504,6
Decentralized,5,0.39269908169872414,0,504,514,13
Decentralized,5,0.39269908169872414,1,504,522,23
Decentralized,5,0.39269908169872414,2,504,497,0
Decentralized,5,0.39269908169872414,3,504,524,23
Decentralized,5,0.39269908169872414,4,504,505,6
Decentralized,5,0.39269908169872414,0,505,515,13
Decentralized,5,0.39269908169872414,1,505,523,23
Decentralized,5,0.39269908169872414,2,505,498,0
Decentralized,5,0.39269908169872414,3,505,525,23
Decentralized,5,0.39269908169872414,4,505,506,6
Decentralized,5,0.39269908169872414,0,506,516,13
Decentralized,5,0.39269908169872414,1,506,524,23
Decentralized,5,0.39269908169872414,2,506,499,0
Decentralized,5,0.39269908169872414,3,506,526,23
Decentralized,5,0.39269908169872414,4,506,507,6
Decentralized,5,0.39269908169872414,0,507,517,13
Decentralized,5,0.39269908169872414,1,507,525,23
Decentralized,5,0.39269908169872414,2,507,500,0
Decentralized,5,0.39269908169872414,3,507,527,23
Decentralized,5,0.39269908169872414,4,507,508,6
Decentralized,5,0.39269908169872414,0,508,518,13
Decentralized,5,0.39269908169872414,1,508,526,23
Decentralized,5,0.39269908169872414,2,508,501,0
Decentralized,5,0.39269908169872414,3,508,528,23
Decentralized,5,0.39269908169872414,4,508,509,6
Decentralized,5,0.39269908169872414,0,509,519,13
Decentralized,5,0.39269908169872414,1,509,527,23
Decentralized,5,0.39269908169872414,2,509,502,0
Decentralized,5,0.39269908169872414,3,509,529,23
Decentralized,5,0.39269908169872414,4,509,510,6
Decentralized,5,0.39269908169872414,0,510,520,13
Decentralized,5,0.39269908169872414,1,510,528,23
Decentralized,5,0.39269908169872414,2,510,503,0
Decentralized,5,0.39269908169872414,3,510,530,23
Decentralized,5,0.39269908169872414,4,510,511,6
Decentralized,5,0.39269908169872414,0,511,521,13
Decentralized,5,0.39269908169872414,1,511,529,23
Decentralized,5,0.39269908169872414,2,511,504,0
Decentralized,5,0.39269908169872414,3,511,531,23
Decentralized,5,0.39269908169872414,4,511,512,6
Decentralized,5,0.39269908169872414,0,512,522,13
Decentralized,5,0.39269908169872414,1,512,530,23
Decentralized,5,0.39269908169872414,2,512,505,0
Decentralized,5,0.39269908169872414,3,512,532,23
Decentralized,5,0.39269908169872414,4,512,513,6
Decentralized,5,0.39269908169872414,0,513,523,13
Decentralized,5,0.39269908169872414,1,513,531,23
Decentralized,5,0.39269908169872414,2,513,506,0
Decentralized,5,0.39269908169872414,3,513,533,23
Decentralized,5,0.39269908169872414,4,513,514,6
Decentralized,5,0.39269908169872414,0,514,524,13
Decentralized,5,0.39269908169872414,1,514,532,23
Decentralized,5,0.39269908169872414,2,514,507,0
Decentralized,5,0.39269908169872414,3,514,534,23
Decentralized,5,0.39269908169872414,4,514,515,6
Decentralized,5,0.39269908169872414,0,515,525,13
Decentralized,5,0.39269908169872414,1,515,533,23
Decentralized,5,0.39269908169872414,2,515,508,0
Decentralized,5,0.39269908169872414,3,515,535,23
Decentralized,5,0.39269908169872414,4,515,516,6
Decentralized,5,0.39269908169872414,0,516,526,13
Decentralized,5,0.39269908169872414,1,516,534,23
Decentralized,5,0.39269908169872414,2,516,509,0
Decentralized,5,0.39269908169872414,3,516,536,23
Decentralized,5,0.39269908169872414,4,516,517,6
Decentralized,5,0.39269908169872414,0,517,527,13
Decentralized,5,0.39269908169872414,1,517,535,23
Decentralized,5,0.39269908169872414,2,517,510,0
Decentralized,5,0.39269908169872414,3,517,537,23
Decentralized,5,0.39269908169872414,4,517,518,6
Decentralized,5,0.39269908169872414,0,518,528,13
Decentralized,5,0.39269908169872414,1,518,536,23
Decentralized,5,0.39269908169872414,2,518,511,0
Decentralized,5,0.39269908169872414,3,518,538,23
Decentralized,5,0.39269908169872414,4,518,519,6
Decentralized,5,0.39269908169872414,0,519,529,13
Decentralized,5,0.39269908169872414,1,519,537,23
Decentralized,5,0.39269908169872414,2,519,512,0
Decentralized,5,0.39269908169872414,3,519,539,23
Decentralized,5,0.39269908169872414,4,519,520,6
Decentralized,5,0.39269908169872414,0,520,530,13
Decentralized,5,0.39269908169872414,1,520,538,23
Decentralized,5,0.39269908169872414,2,520,513,0
Decentralized,5,0.39269908169872414,3,520,540,23
Decentralized,5,0.39269908169872414,4,520,521,6
Decentralized,5,0.39269908169872414,0,521,531,13
Decentralized,5,0.39269908169872414,1,521,539,23
Decentralized,5,0.39269908169872414,2,521,514,0
Decentralized,5,0.39269908169872414,3,521,541,23
Decentralized,5,0.39269908169872414,4,521,522,6
Decentralized,5,0.39269908169872414,0,522,532,13
Decentralized,5,0.39269908169872414,1,522,540,23
Decentralized,5,0.39269908169872414,2,522,515,0
Decentralized,5,0.39269908169872414,3,522,542,23
Decentralized,5,0.39269908169872414,4,522,523,6
Decentralized,5,0.39269908169872414,0,523,533,13
Decentralized,5,0.39269908169872414,1,523,541,23
Decentralized,5,0.39269908169872414,2,523,516,0
Decentralized,5,0.39269908169872414,3,523,543,23
Decentralized,5,0.39269908169872414,4,523,524,6
Decentralized,5,0.39269908169872414,0,524,534,13
Decentralized,5,0.39269908169872414,1,524,542,23
Decentralized,5,0.39269908169872414,2,524,517,0
Decentralized,5,0.39269908169872414,3,524,544,23
Decentralized,5,0.39269908169872414,4,524,525,6
Decentralized,5,0.39269908169872414,0,525,535,13
Decentralized,5,0.39269908169872414,1,525,543,23
Decentralized,5,0.39269908169872414,2,525,518,0
Decentralized,5,0.39269908169872414,3,525,545,23
Decentralized,5,0.39269908169872414,4,525,526,6
Decentralized,5,0.39269908169872414,0,526,536,13
Decentralized,5,0.39269908169872414,1,526,544,23
Decentralized,5,0.39269908169872414,2,526,519,0
Decentralized,5,0.39269908169872414,3,526,546,23
Decentralized,5,0.39269908169872414,4,526,527,6
Decentralized,5,0.39269908169872414,0,527,537,13
Decentralized,5,0.39269908169872414,1,527,545,23
Decentralized,5,0.39269908169872414,2,527,520,0
Decentralized,5,0.39269908169872414,3,527,547,23
Decentralized,5,0.39269908169872414,4,527,528,6
Decentralized,5,0.39269908169872414,0,528,538,13
Decentralized,5,0.39269908169872414,1,528,546,23
Decentralized,5,0.39269908169872414,2,528,521,0
Decentralized,5,0.39269908169872414,3,528,548,23
Decentralized,5,0.39269908169872414,4,528,529,6
Decentralized,5,0.39269908169872414,0,529,539,13
Decentralized,5,0.39269908169872414,1,529,547,23
Decentralized,5,0.39269908169872414,2,529,522,0
Decentralized,5,0.39269908169872414,3,529,549,23
Decentralized,5,0.39269908169872414,4,529,530,6
Decentralized,5,0.39269908169872414,0,530,540,13
Decentralized,5,0.39269908169872414,1,530,548,23
Decentralized,5,0.39269908169872414,2,530,523,0
Decentralized,5,0.39269908169872414,3,530,550,23
Decentralized,5,0.39269908169872414,4,530,531,6
Decentralized,5,0.39269908169872414,0,531,541,13
Decentralized,5,0.39269908169872414,1,531,549,23
Decentralized,5,0.39269908169872414,2,531,524,0
Decentralized,5,0.39269908169872414,3,531,551,23
Decentralized,5,0.39269908169872414,4,531,532,6
Decentralized,5,0.39269908169872414,0,532,542,13
Decentralized,5,0.39269908169872414,1,532,550,23
Decentralized,5,0.39269908169872414,2,532,525,0
Decentralized,5,0.39269908169872414,3,532,552,23
Decentralized,5,0.39269908169872414,4,532,533,6
Decentralized,5,0.39269908169872414,0,533,543,13
Decentralized,5,0.39269908169872414,1,533,551,23
Decentralized,5,0.39269908169872414,2,533,526,0
Decentralized,5,0.39269908169872414,3,533,553,23
Decentralized,5,0.39269908169872414,4,533,534,6
Decentralized,5,0.39269908169872414,0,534,544,13
Decentralized,5,0.39269908169872414,1,534,552,23
Decentralized,5,0.39269908169872414,2,534,527,0
Decentralized,5,0.39269908169872414,3,534,554,23
Decentralized,5,0.39269908169872414,4,534,535,6
Decentralized,5,0.39269908169872414,0,535,545,13
Decentralized,5,0.39269908169872414,1,535,553,23
Decentralized,5,0.39269908169872414,2,535,528,0
Decentralized,5,0.39269908169872414,3,535,555,23
Decentralized,5,0.39269908169872414,4,535,536,6
Decentralized,5,0.39269908169872414,0,536,546,13
Decentralized,5,0.39269908169872414,1,536,554,23
Decentralized,5,0.39269908169872414,2,536,529,0
Decentralized,5,0.39269908169872414,3,536,556,23
Decentralized,5,0.39269908169872414,4,536,537,6
Decentralized,5,0.39269908169872414,0,537,547,13
Decentralized,5,0.39269908169872414,1,537,555,23
Decentralized,5,0.39269908169872414,2,537,530,0
Decentralized,5,0.39269908169872414,3,537,557,23
Decentralized,5,0.39269908169872414,4,537,538,6
Decentralized,5,0.39269908169872414,0,538,548,13
Decentralized,5,0.39269908169872414,1,538,556,23
Decentralized,5,0.39269908169872414,2,538,531,0
Decentralized,5,0.39269908169872414,3,538,558,23
Decentralized,5,0.39269908169872414,4,538,539,6
Decentralized,5,0.39269908169872414,0,539,549,13
Decentralized,5,0.39269908169872414,1,539,557,23
Decentralized,5,0.39269908169872414,2,539,532,0
Decentralized,5,0.39269908169872414,3,539,559,23
Decentralized,5,0.39269908169872414,4,539,540,6
Decentralized,5,0.39269908169872414,0,540,550,13
Decentralized,5,0.39269908169872414,1,540,558,23
Decentralized,5,0.39269908169872414,2,540,533,0
Decentralized,5,0.39269908169872414,3,540,560,23
Decentralized,5,0.39269908169872414,4,540,541,6
Decentralized,5,0.39269908169872414,0,541,551,13
Decentralized,5,0.39269908169872414,1,541,559,23
Decentralized,5,0.39269908169872414,2,541,534,0
Decentralized,5,0.39269908169872414,3,541,561,23
Decentralized,5,0.39269908169872414,4,541,542,6
Decentralized,5,0.39269908169872414,0,542,552,13
Decentralized,5,0.39269908169872414,1,542,560,23
Decentralized,5,0.39269908169872414,2,542,535,0
Decentralized,5,0.39269908169872414,3,542,562,23
Decentralized,5,0.39269908169872414,4,542,543,6
Decentralized,5,0.39269908169872414,0,543,553,13
Decentralized,5,0.39269908169872414,1,543,561,23
Decentralized,5,0.39269908169872414,2,543,536,0
Decentralized,5,0.39269908169872414,3,543,563,23
Decentralized,5,0.39269908169872414,4,543,544,6
Decentralized,5,0.39269908169872414,0,544,554,13
Decentralized,5,0.39269908169872414,1,544,562,23
Decentralized,5,0.39269908169872414,2,544,537,0
Decentralized,5,0.39269908169872414,3,544,564,23
Decentralized,5,0.39269908169872414,4,544,545,6
Decentralized,5,0.39269908169872414,0,545,555,13
Decentralized,5,0.39269908169872414,1,545,563,23
Decentralized,5,0.39269908169872414,2,545,538,0
Decentralized,5,0.39269908169872414,3,545,565,23
Decentralized,5,0.39269908169872414,4,545,546,6
Decentralized,5,0.39269908169872414,0,546,556,13
Decentralized,5,0.39269908169872414,1,546,564,23
Decentralized,5,0.39269908169872414,2,546,539,0
Decentralized,5,0.39269908169872414,3,546,566,23
Decentralized,5,0.39269908169872414,4,546,547,6
Decentralized,5,0.39269908169872414,0,547,557,13
Decentralized,5,0.39269908169872414,1,547,565,23
Decentralized,5,0.39269908169872414,2,547,540,0
Decentralized,5,0.39269908169872414,3,547,567,23
Decentralized,5,0.39269908169872414,4,547,548,6
Decentralized,5,0.39269908169872414,0,548,558,13
Decentralized,5,0.39269908169872414,1,548,566,23
Decentralized,5,0.39269908169872414,2,548,541,0
Decentralized,5,0.39269908169872414,3,548,568,23
Decentralized,5,0.39269908169872414,4,548,549,6
Decentralized,5,0.39269908169872414,0,549,559,13
Decentralized,5,0.39269908169872414,1,549,567,23
Decentralized,5,0.39269908169872414,2,549,542,0
Decentralized,5,0.39269908169872414,3,549,569,23
Decentralized,5,0.39269908169872414,4,549,550,6
